acc,sens,spec,ppv,npv,auc,test_type,k,iter_k
0.9609756097560975,97.65625,93.5064935064935,96.15384615384616,96.0,0.9855384615384616,avatar,4,1
0.9414634146341463,97.63779527559055,88.46153846153845,93.23308270676691,95.83333333333334,0.9760860484544694,original,4,1
0.975609756097561,99.21875,94.8051948051948,96.94656488549617,98.64864864864865,0.9870022694450176,avatar,4,2
0.9512195121951219,98.4251968503937,89.74358974358975,93.98496240601504,97.22222222222221,0.9737886382623224,original,4,2
0.9658536585365853,100.0,91.56626506024097,94.57364341085271,100.0,0.9911260709914321,avatar,4,3
0.9512195121951219,99.2,88.75,93.23308270676691,98.61111111111111,0.9708646616541353,original,4,3
0.975609756097561,97.6923076923077,97.33333333333334,98.44961240310077,96.05263157894737,0.9982660138718891,avatar,4,4
0.9560975609756097,97.6923076923077,92.0,95.48872180451127,95.83333333333334,0.992376775271512,original,4,4
0.9853658536585366,100.0,96.05263157894737,97.72727272727273,100.0,0.9976131174761312,avatar,4,5
0.9560975609756097,98.4375,90.9090909090909,94.73684210526315,97.22222222222221,0.9881996658312449,original,4,5
0.9853658536585366,100.0,96.1038961038961,97.70992366412213,100.0,0.9918506292552094,avatar,4,6
0.9560975609756097,98.4375,90.9090909090909,94.73684210526315,97.22222222222221,0.9867376775271511,original,4,6
0.9609756097560975,100.0,90.36144578313254,93.84615384615384,100.0,0.9983589743589744,avatar,4,7
0.9512195121951219,99.2,88.75,93.23308270676691,98.61111111111111,0.9759816207184628,original,4,7
0.9658536585365853,97.67441860465115,94.73684210526315,96.92307692307692,96.0,0.997948717948718,avatar,4,8
0.9463414634146341,97.65625,89.6103896103896,93.98496240601504,95.83333333333334,0.9918546365914788,original,4,8
0.9707317073170731,99.21875,93.5064935064935,96.21212121212122,98.63013698630137,0.9968866749688667,avatar,4,9
0.9560975609756097,98.4375,90.9090909090909,94.73684210526315,97.22222222222221,0.9815162907268171,original,4,9
0.9804878048780488,98.46153846153847,97.33333333333334,98.46153846153847,97.33333333333334,0.9991794871794871,avatar,4,10
0.9560975609756097,98.4375,90.9090909090909,94.73684210526315,97.22222222222221,0.9723266499582289,original,4,10
0.9609756097560975,96.96969696969697,94.52054794520548,96.96969696969697,94.52054794520548,0.9951224574512246,avatar,34,1
0.9560975609756097,96.26865671641791,94.36619718309859,96.99248120300751,93.05555555555556,0.993734335839599,original,34,1
0.9512195121951219,98.4126984126984,89.87341772151899,93.93939393939394,97.26027397260275,0.9850041511000416,avatar,34,2
0.9560975609756097,99.20634920634922,89.87341772151899,93.98496240601504,98.61111111111111,0.9884085213032582,original,34,2
0.9707317073170731,97.6923076923077,96.0,97.6923076923077,96.0,0.9925128205128204,avatar,34,3
0.9560975609756097,96.96969696969697,93.15068493150685,96.2406015037594,94.44444444444444,0.9945697577276524,original,34,3
0.975609756097561,98.46153846153847,96.0,97.70992366412213,97.2972972972973,0.9949453270063958,avatar,34,4
0.9658536585365853,97.72727272727273,94.52054794520548,96.99248120300751,95.83333333333334,0.9864243943191312,original,34,4
0.9804878048780488,98.47328244274809,97.2972972972973,98.47328244274809,97.2972972972973,0.9922632556220342,avatar,34,5
0.9609756097560975,96.99248120300751,94.44444444444444,96.99248120300751,94.44444444444444,0.9894527986633249,original,34,5
0.975609756097561,100.0,93.58974358974359,96.21212121212122,100.0,0.995848899958489,avatar,34,6
0.9560975609756097,98.4375,90.9090909090909,94.73684210526315,97.22222222222221,0.9800543024227235,original,34,6
0.9804878048780488,99.23664122137404,95.94594594594594,97.74436090225564,98.61111111111111,0.9939954051796157,avatar,34,7
0.9560975609756097,97.6923076923077,92.0,95.48872180451127,95.83333333333334,0.9938387635756056,original,34,7
0.9804878048780488,99.21875,96.1038961038961,97.6923076923077,98.66666666666667,0.9892307692307692,avatar,34,8
0.9560975609756097,99.20634920634922,89.87341772151899,93.98496240601504,98.61111111111111,0.9777568922305764,original,34,8
0.9804878048780488,100.0,94.73684210526315,96.99248120300751,100.0,0.9891395154553049,avatar,34,9
0.9560975609756097,96.96969696969697,93.15068493150685,96.2406015037594,94.44444444444444,0.9885129490392649,original,34,9
0.9609756097560975,97.74436090225564,93.05555555555556,96.29629629629629,95.71428571428572,0.9878306878306878,avatar,34,10
0.9560975609756097,96.26865671641791,94.36619718309859,96.99248120300751,93.05555555555556,0.9941520467836258,original,34,10
0.975609756097561,97.70992366412213,97.2972972972973,98.46153846153847,96.0,0.9895384615384616,avatar,64,1
0.9560975609756097,97.6923076923077,92.0,95.48872180451127,95.83333333333334,0.9857978279030911,original,64,1
0.9804878048780488,98.44961240310077,97.36842105263158,98.44961240310077,97.36842105263158,0.998470012239902,avatar,64,2
0.9512195121951219,97.67441860465115,90.78947368421053,94.73684210526315,95.83333333333334,0.9875730994152047,original,64,2
0.975609756097561,99.2,95.0,96.875,98.7012987012987,0.9993912337662337,avatar,64,3
0.9560975609756097,98.4375,90.9090909090909,94.73684210526315,97.22222222222221,0.9860066833751044,original,64,3
0.9804878048780488,99.2248062015504,96.05263157894737,97.70992366412213,98.64864864864865,0.989684340829379,avatar,64,4
0.9512195121951219,97.67441860465115,90.78947368421053,94.73684210526315,95.83333333333334,0.9878863826232247,original,64,4
0.9804878048780488,99.2248062015504,96.05263157894737,97.70992366412213,98.64864864864865,0.9942232308644522,avatar,64,5
0.9560975609756097,96.96969696969697,93.15068493150685,96.2406015037594,94.44444444444444,0.994674185463659,original,64,5
0.9658536585365853,96.21212121212122,97.26027397260275,98.44961240310077,93.42105263157895,0.9970420236638108,avatar,64,6
0.9560975609756097,96.26865671641791,94.36619718309859,96.99248120300751,93.05555555555556,0.9916457811194653,original,64,6
0.9853658536585366,98.46153846153847,98.66666666666667,99.2248062015504,97.36842105263158,0.9969400244798041,avatar,64,7
0.9658536585365853,99.21875,92.20779220779221,95.48872180451127,98.61111111111111,0.9890350877192983,original,64,7
0.9804878048780488,100.0,94.8051948051948,96.96969696969697,100.0,0.9895184723951848,avatar,64,8
0.9609756097560975,97.70992366412213,93.24324324324324,96.2406015037594,95.83333333333334,0.9886173767752715,original,64,8
0.975609756097561,99.2248062015504,94.73684210526315,96.96969696969697,98.63013698630137,0.9799709422997094,avatar,64,9
0.9560975609756097,97.6923076923077,92.0,95.48872180451127,95.83333333333334,0.9859022556390977,original,64,9
0.9707317073170731,98.44961240310077,94.73684210526315,96.94656488549617,97.2972972972973,0.9978337115741696,avatar,64,10
0.9560975609756097,98.4375,90.9090909090909,94.73684210526315,97.22222222222221,0.9886173767752715,original,64,10
0.9804878048780488,100.0,94.8051948051948,96.96969696969697,100.0,0.9882731423827313,avatar,94,1
0.9512195121951219,97.67441860465115,90.78947368421053,94.73684210526315,95.83333333333334,0.989766081871345,original,94,1
0.9658536585365853,98.44961240310077,93.42105263157895,96.21212121212122,97.26027397260275,0.9923204649232047,avatar,94,2
0.9560975609756097,97.6923076923077,92.0,95.48872180451127,95.83333333333334,0.9896616541353384,original,94,2
0.9951219512195122,99.21875,100.0,100.0,98.71794871794873,0.999798102160307,avatar,94,3
0.9560975609756097,96.96969696969697,93.15068493150685,96.2406015037594,94.44444444444444,0.9854845446950711,original,94,3
0.9658536585365853,96.21212121212122,97.26027397260275,98.44961240310077,93.42105263157895,0.9930640554875562,avatar,94,4
0.9658536585365853,97.72727272727273,94.52054794520548,96.99248120300751,95.83333333333334,0.9936299081035923,original,94,4
0.9853658536585366,100.0,96.15384615384616,97.6923076923077,100.0,0.9801538461538462,avatar,94,5
0.9560975609756097,98.4375,90.9090909090909,94.73684210526315,97.22222222222221,0.9874686716791979,original,94,5
0.9902439024390244,100.0,97.43589743589743,98.44961240310077,100.0,1.0,avatar,94,6
0.9560975609756097,98.4375,90.9090909090909,94.73684210526315,97.22222222222221,0.9891395154553049,original,94,6
0.9853658536585366,100.0,96.1038961038961,97.70992366412213,100.0,0.9924695688054467,avatar,94,7
0.9609756097560975,98.44961240310077,92.10526315789474,95.48872180451127,97.22222222222221,0.9890350877192983,original,94,7
0.975609756097561,99.21875,94.8051948051948,96.94656488549617,98.64864864864865,0.9854549205694244,avatar,94,8
0.9609756097560975,99.21259842519686,91.02564102564102,94.73684210526315,98.61111111111111,0.9794277360066833,original,94,8
0.9902439024390244,100.0,97.43589743589743,98.44961240310077,100.0,0.9934720522235823,avatar,94,9
0.9560975609756097,97.6923076923077,92.0,95.48872180451127,95.83333333333334,0.9851712614870509,original,94,9
0.9658536585365853,96.99248120300751,95.83333333333334,97.72727272727273,94.52054794520548,0.9959007887090079,avatar,94,10
0.9463414634146341,96.21212121212122,91.78082191780823,95.48872180451127,93.05555555555556,0.9883040935672515,original,94,10
0.9804878048780488,99.21259842519686,96.15384615384616,97.67441860465115,98.68421052631578,0.9913300693594451,avatar,124,1
0.9512195121951219,99.2,88.75,93.23308270676691,98.61111111111111,0.9782790309106099,original,124,1
0.975609756097561,99.21259842519686,94.87179487179486,96.92307692307692,98.66666666666667,0.976923076923077,avatar,124,2
0.9512195121951219,98.4251968503937,89.74358974358975,93.98496240601504,97.22222222222221,0.9760860484544693,original,124,2
0.975609756097561,97.70992366412213,97.2972972972973,98.46153846153847,96.0,0.9908717948717949,avatar,124,3
0.9560975609756097,97.6923076923077,92.0,95.48872180451127,95.83333333333334,0.9864243943191312,original,124,3
0.9609756097560975,100.0,89.87341772151899,94.02985074626866,100.0,0.9758250998528485,avatar,124,4
0.9609756097560975,99.21259842519686,91.02564102564102,94.73684210526315,98.61111111111111,0.9817251461988304,original,124,4
0.9902439024390244,100.0,97.40259740259741,98.46153846153847,100.0,0.994051282051282,avatar,124,5
0.9512195121951219,98.4251968503937,89.74358974358975,93.98496240601504,97.22222222222221,0.9718045112781954,original,124,5
0.9560975609756097,99.23076923076923,89.33333333333333,94.16058394160584,98.52941176470588,0.9856161442679261,avatar,124,6
0.9560975609756097,96.26865671641791,94.36619718309859,96.99248120300751,93.05555555555556,0.9944653299916458,original,124,6
0.9853658536585366,98.44961240310077,98.68421052631578,99.21875,97.40259740259741,0.9976663961038961,avatar,124,7
0.9560975609756097,97.6923076923077,92.0,95.48872180451127,95.83333333333334,0.9885651629072683,original,124,7
0.9804878048780488,100.0,94.8051948051948,96.96969696969697,100.0,0.997716894977169,avatar,124,8
0.9512195121951219,96.2406015037594,93.05555555555556,96.2406015037594,93.05555555555556,0.9942564745196324,original,124,8
0.975609756097561,98.46153846153847,96.0,97.70992366412213,97.2972972972973,0.9913348462966783,avatar,124,9
0.9560975609756097,97.6923076923077,92.0,95.48872180451127,95.83333333333334,0.9884085213032581,original,124,9
0.9707317073170731,99.24242424242425,93.15068493150685,96.32352941176471,98.55072463768117,0.9907289002557544,avatar,124,10
0.9512195121951219,97.67441860465115,90.78947368421053,94.73684210526315,95.83333333333334,0.9864243943191312,original,124,10
0.9804878048780488,99.23076923076923,96.0,97.72727272727273,98.63013698630137,0.994914902449149,avatar,154,1
0.9512195121951219,97.67441860465115,90.78947368421053,94.73684210526315,95.83333333333334,0.9908103592314119,original,154,1
0.9463414634146341,96.94656488549617,90.54054054054053,94.77611940298507,94.36619718309859,0.9751418961530376,avatar,154,2
0.9512195121951219,97.67441860465115,90.78947368421053,94.73684210526315,95.83333333333334,0.9881996658312447,original,154,2
0.9365853658536586,97.61904761904762,87.34177215189874,92.4812030075188,95.83333333333334,0.9771303258145363,avatar,154,3
0.9560975609756097,99.20634920634922,89.87341772151899,93.98496240601504,98.61111111111111,0.9879908103592314,original,154,3
0.9707317073170731,99.23076923076923,93.33333333333333,96.26865671641791,98.59154929577466,0.9900147151566113,avatar,154,4
0.9512195121951219,99.2,88.75,93.23308270676691,98.61111111111111,0.9791144527986633,original,154,4
0.9902439024390244,99.2248062015504,98.68421052631578,99.2248062015504,98.68421052631578,0.997858017135863,avatar,154,5
0.9609756097560975,98.44961240310077,92.10526315789474,95.48872180451127,97.22222222222221,0.9907059314954052,original,154,5
0.9658536585365853,100.0,90.78947368421053,94.85294117647058,100.0,0.9828431372549019,avatar,154,6
0.9609756097560975,98.44961240310077,92.10526315789474,95.48872180451127,97.22222222222221,0.9925856307435255,original,154,6
0.9707317073170731,98.46153846153847,94.66666666666667,96.96969696969697,97.26027397260275,0.9980282274802823,avatar,154,7
0.9560975609756097,97.6923076923077,92.0,95.48872180451127,95.83333333333334,0.9934210526315789,original,154,7
0.975609756097561,99.23076923076923,94.66666666666667,96.99248120300751,98.61111111111111,0.9867376775271511,avatar,154,8
0.9512195121951219,97.67441860465115,90.78947368421053,94.73684210526315,95.83333333333334,0.9859022556390977,original,154,8
0.975609756097561,99.21259842519686,94.87179487179486,96.92307692307692,98.66666666666667,0.9904615384615385,avatar,154,9
0.9609756097560975,98.44961240310077,92.10526315789474,95.48872180451127,97.22222222222221,0.9886173767752715,original,154,9
0.9804878048780488,100.0,94.87179487179486,96.94656488549617,100.0,0.9859707035279555,avatar,154,10
0.9512195121951219,97.67441860465115,90.78947368421053,94.73684210526315,95.83333333333334,0.9893483709273183,original,154,10
0.9658536585365853,98.4375,93.5064935064935,96.18320610687023,97.2972972972973,0.9882917268413451,avatar,184,1
0.9560975609756097,99.20634920634922,89.87341772151899,93.98496240601504,98.61111111111111,0.9840225563909775,original,184,1
0.975609756097561,99.23076923076923,94.66666666666667,96.99248120300751,98.61111111111111,0.9892439431913116,avatar,184,2
0.9609756097560975,98.44961240310077,92.10526315789474,95.48872180451127,97.22222222222221,0.9898705096073518,original,184,2
0.9414634146341463,100.0,85.0,91.24087591240875,100.0,0.9571704594246458,avatar,184,3
0.9560975609756097,99.20634920634922,89.87341772151899,93.98496240601504,98.61111111111111,0.9867376775271511,original,184,3
0.9024390243902439,97.58064516129032,79.01234567901234,87.68115942028986,95.52238805970148,0.9558728098637248,avatar,184,4
0.9658536585365853,99.21875,92.20779220779221,95.48872180451127,98.61111111111111,0.9835004177109441,original,184,4
0.9658536585365853,97.70992366412213,94.5945945945946,96.96969696969697,95.8904109589041,0.9939809049398091,avatar,184,5
0.9560975609756097,96.96969696969697,93.15068493150685,96.2406015037594,94.44444444444444,0.993734335839599,original,184,5
0.9804878048780488,99.23664122137404,95.94594594594594,97.74436090225564,98.61111111111111,0.9891395154553049,avatar,184,6
0.9560975609756097,98.4375,90.9090909090909,94.73684210526315,97.22222222222221,0.9845446950710108,original,184,6
0.9853658536585366,99.2248062015504,97.36842105263158,98.46153846153847,98.66666666666667,0.9946666666666667,avatar,184,7
0.9560975609756097,97.6923076923077,92.0,95.48872180451127,95.83333333333334,0.9857978279030911,original,184,7
0.9658536585365853,97.70992366412213,94.5945945945946,96.96969696969697,95.8904109589041,0.9942922374429224,avatar,184,8
0.9609756097560975,97.70992366412213,93.24324324324324,96.2406015037594,95.83333333333334,0.9900793650793651,original,184,8
0.9560975609756097,100.0,88.31168831168831,93.43065693430657,100.0,0.9739158437097466,avatar,184,9
0.9365853658536586,97.61904761904762,87.34177215189874,92.4812030075188,95.83333333333334,0.9694026733500418,original,184,9
0.975609756097561,99.21875,94.8051948051948,96.94656488549617,98.64864864864865,0.9824633794099442,avatar,184,10
0.9609756097560975,97.70992366412213,93.24324324324324,96.2406015037594,95.83333333333334,0.9843358395989975,original,184,10
0.9609756097560975,97.74436090225564,93.05555555555556,96.29629629629629,95.71428571428572,0.9847619047619047,avatar,214,1
0.9512195121951219,97.67441860465115,90.78947368421053,94.73684210526315,95.83333333333334,0.9875730994152047,original,214,1
0.9658536585365853,98.46153846153847,93.33333333333333,96.2406015037594,97.22222222222221,0.9638680033416877,avatar,214,2
0.9658536585365853,98.46153846153847,93.33333333333333,96.2406015037594,97.22222222222221,0.9736842105263158,original,214,2
0.9658536585365853,97.70992366412213,94.5945945945946,96.96969696969697,95.8904109589041,0.9876504773765047,avatar,214,3
0.9560975609756097,98.4375,90.9090909090909,94.73684210526315,97.22222222222221,0.9941520467836257,original,214,3
0.9170731707317074,98.46153846153847,80.0,89.5104895104895,96.7741935483871,0.9535303406271148,avatar,214,4
0.9560975609756097,98.4375,90.9090909090909,94.73684210526315,97.22222222222221,0.9867376775271512,original,214,4
0.9463414634146341,97.6923076923077,89.33333333333333,94.07407407407408,95.71428571428572,0.9835978835978836,avatar,214,5
0.9560975609756097,98.4375,90.9090909090909,94.73684210526315,97.22222222222221,0.9837092731829574,original,214,5
0.9512195121951219,98.46153846153847,89.33333333333333,94.11764705882352,97.10144927536231,0.9749040920716112,avatar,214,6
0.9512195121951219,98.4251968503937,89.74358974358975,93.98496240601504,97.22222222222221,0.9843358395989975,original,214,6
0.9463414634146341,99.23076923076923,86.66666666666667,92.80575539568345,98.48484848484848,0.9717680401133639,avatar,214,7
0.9609756097560975,99.21259842519686,91.02564102564102,94.73684210526315,98.61111111111111,0.9850668337510443,original,214,7
0.9658536585365853,98.46153846153847,93.33333333333333,96.2406015037594,97.22222222222221,0.9890350877192982,avatar,214,8
0.9560975609756097,97.6923076923077,92.0,95.48872180451127,95.83333333333334,0.9886173767752715,original,214,8
0.9512195121951219,98.4251968503937,89.74358974358975,93.98496240601504,97.22222222222221,0.9759816207184628,avatar,214,9
0.9560975609756097,98.4375,90.9090909090909,94.73684210526315,97.22222222222221,0.9779657477025898,original,214,9
0.9414634146341463,99.21875,85.71428571428571,92.02898550724638,98.50746268656717,0.9703655634869132,avatar,214,10
0.9512195121951219,97.67441860465115,90.78947368421053,94.73684210526315,95.83333333333334,0.9861111111111112,original,214,10
0.9658536585365853,99.21875,92.20779220779221,95.48872180451127,98.61111111111111,0.9860066833751044,avatar,244,1
0.9560975609756097,99.20634920634922,89.87341772151899,93.98496240601504,98.61111111111111,0.9843358395989975,original,244,1
0.9317073170731708,99.23664122137404,82.43243243243244,90.9090909090909,98.38709677419355,0.9614256711030905,avatar,244,2
0.9609756097560975,96.99248120300751,94.44444444444444,96.99248120300751,94.44444444444444,0.9887218045112782,original,244,2
0.926829268292683,99.2248062015504,81.57894736842105,90.14084507042254,98.4126984126984,0.9598703331097697,avatar,244,3
0.9560975609756097,99.20634920634922,89.87341772151899,93.98496240601504,98.61111111111111,0.9825605680868839,original,244,3
0.926829268292683,93.66197183098592,90.47619047619048,95.68345323741008,86.36363636363636,0.9799433180728145,avatar,244,4
0.9560975609756097,96.96969696969697,93.15068493150685,96.2406015037594,94.44444444444444,0.9928989139515455,original,244,4
0.9365853658536586,96.26865671641791,88.73239436619718,94.16058394160584,92.64705882352942,0.9670459424645771,avatar,244,5
0.9658536585365853,97.72727272727273,94.52054794520548,96.99248120300751,95.83333333333334,0.9901837928153718,original,244,5
0.9414634146341463,97.01492537313433,88.73239436619718,94.20289855072464,94.02985074626866,0.9837767683322518,avatar,244,6
0.9609756097560975,99.21259842519686,91.02564102564102,94.73684210526315,98.61111111111111,0.9879908103592314,original,244,6
0.9658536585365853,99.25373134328358,91.54929577464789,95.68345323741008,98.48484848484848,0.9857205144974929,avatar,244,7
0.9560975609756097,97.6923076923077,92.0,95.48872180451127,95.83333333333334,0.9939431913116124,original,244,7
0.9609756097560975,98.49624060150376,91.66666666666666,95.62043795620438,97.05882352941177,0.9763847144697294,avatar,244,8
0.9512195121951219,96.94656488549617,91.8918918918919,95.48872180451127,94.44444444444444,0.994360902255639,original,244,8
0.9560975609756097,100.0,87.83783783783784,93.57142857142857,100.0,0.9738461538461538,avatar,244,9
0.9560975609756097,99.20634920634922,89.87341772151899,93.98496240601504,98.61111111111111,0.9774436090225563,original,244,9
0.9219512195121952,97.6923076923077,82.66666666666667,90.71428571428571,95.38461538461539,0.9635164835164836,avatar,244,10
0.9560975609756097,99.20634920634922,89.87341772151899,93.98496240601504,98.61111111111111,0.9637635756056809,original,244,10
0.926829268292683,98.48484848484848,82.1917808219178,90.9090909090909,96.7741935483871,0.9701669298443492,avatar,274,1
0.9512195121951219,99.2,88.75,93.23308270676691,98.61111111111111,0.9912280701754387,original,274,1
0.9219512195121952,96.42857142857143,83.07692307692308,92.46575342465754,91.52542372881356,0.9729510099837474,avatar,274,2
0.9512195121951219,96.2406015037594,93.05555555555556,96.2406015037594,93.05555555555556,0.9942564745196324,original,274,2
0.9317073170731708,98.44961240310077,84.21052631578947,91.36690647482014,96.96969696969697,0.9768912143012862,avatar,274,3
0.9512195121951219,98.4251968503937,89.74358974358975,93.98496240601504,97.22222222222221,0.9890350877192982,original,274,3
0.9170731707317074,96.26865671641791,83.09859154929578,91.48936170212765,92.1875,0.9448692375886525,avatar,274,4
0.9317073170731708,96.12403100775194,88.1578947368421,93.23308270676691,93.05555555555556,0.9719089390142023,original,274,4
0.9414634146341463,96.32352941176471,89.85507246376811,94.92753623188406,92.53731343283582,0.9706900281202683,avatar,274,5
0.9463414634146341,96.92307692307692,90.66666666666666,94.73684210526315,94.44444444444444,0.9806808688387635,original,274,5
0.926829268292683,97.82608695652173,82.08955223880598,91.83673469387756,94.82758620689656,0.9535538353272344,avatar,274,6
0.9609756097560975,96.99248120300751,94.44444444444444,96.99248120300751,94.44444444444444,0.9909147869674185,original,274,6
0.9121951219512195,94.92753623188406,83.5820895522388,92.25352112676056,88.88888888888889,0.9586407332886205,avatar,274,7
0.9560975609756097,96.96969696969697,93.15068493150685,96.2406015037594,94.44444444444444,0.9865288220551378,original,274,7
0.9365853658536586,95.52238805970148,90.14084507042254,94.81481481481482,91.42857142857143,0.9812698412698412,avatar,274,8
0.9560975609756097,96.26865671641791,94.36619718309859,96.99248120300751,93.05555555555556,0.9938387635756056,original,274,8
0.9170731707317074,96.99248120300751,81.94444444444444,90.84507042253522,93.65079365079364,0.9451151352559802,avatar,274,9
0.9463414634146341,96.21212121212122,91.78082191780823,95.48872180451127,93.05555555555556,0.9893483709273183,original,274,9
0.9365853658536586,96.37681159420289,88.05970149253731,94.32624113475178,92.1875,0.982491134751773,avatar,274,10
0.9560975609756097,96.26865671641791,94.36619718309859,96.99248120300751,93.05555555555556,0.9944653299916458,original,274,10
0.9073170731707317,94.16058394160584,83.82352941176471,92.14285714285714,87.6923076923077,0.9596153846153845,avatar,304,1
0.9658536585365853,99.21875,92.20779220779221,95.48872180451127,98.61111111111111,0.9833959899749373,original,304,1
0.9414634146341463,97.1830985915493,87.3015873015873,94.52054794520548,93.22033898305084,0.972370559554214,avatar,304,2
0.9512195121951219,96.94656488549617,91.8918918918919,95.48872180451127,94.44444444444444,0.991436925647452,original,304,2
0.926829268292683,97.05882352941177,84.05797101449275,92.3076923076923,93.54838709677419,0.9818971351229415,avatar,304,3
0.9512195121951219,97.67441860465115,90.78947368421053,94.73684210526315,95.83333333333334,0.9941520467836257,original,304,3
0.9219512195121952,95.07042253521126,85.71428571428571,93.75,88.52459016393442,0.975068306010929,avatar,304,4
0.9463414634146341,98.4126984126984,88.60759493670885,93.23308270676691,97.22222222222221,0.9820384294068505,original,304,4
0.8926829268292683,94.11764705882352,79.71014492753623,90.14084507042254,87.3015873015873,0.9760786943885535,avatar,304,5
0.9512195121951219,96.94656488549617,91.8918918918919,95.48872180451127,94.44444444444444,0.9944653299916458,original,304,5
0.9365853658536586,99.24812030075188,83.33333333333334,91.66666666666666,98.36065573770492,0.9749544626593807,avatar,304,6
0.9609756097560975,99.21259842519686,91.02564102564102,94.73684210526315,98.61111111111111,0.9850668337510443,original,304,6
0.9317073170731708,97.8102189781022,83.82352941176471,92.41379310344827,95.0,0.9605747126436781,avatar,304,7
0.9560975609756097,97.6923076923077,92.0,95.48872180451127,95.83333333333334,0.9863199665831245,original,304,7
0.9024390243902439,93.57142857142857,83.07692307692308,92.25352112676056,85.71428571428571,0.9738430583501007,avatar,304,8
0.9560975609756097,96.26865671641791,94.36619718309859,96.99248120300751,93.05555555555556,0.993734335839599,original,304,8
0.8829268292682927,93.61702127659575,76.5625,89.79591836734694,84.48275862068965,0.9281022753929158,avatar,304,9
0.9414634146341463,98.4,87.5,92.4812030075188,97.22222222222221,0.9636591478696741,original,304,9
0.9121951219512195,97.82608695652173,77.61194029850746,90.0,94.54545454545455,0.9576969696969697,avatar,304,10
0.9560975609756097,97.6923076923077,92.0,95.48872180451127,95.83333333333334,0.9898705096073517,original,304,10
0.9121951219512195,93.83561643835617,84.7457627118644,93.83561643835617,84.7457627118644,0.9587880195031344,avatar,334,1
0.9609756097560975,96.99248120300751,94.44444444444444,96.99248120300751,94.44444444444444,0.9938387635756057,original,334,1
0.8780487804878049,95.33333333333334,67.27272727272727,88.81987577639751,84.0909090909091,0.8976566911349521,avatar,334,2
0.9073170731707317,90.71428571428571,90.76923076923077,95.48872180451127,81.94444444444444,0.970342522974102,original,334,2
0.9073170731707317,95.74468085106383,79.6875,91.21621621621621,89.47368421052632,0.9529397818871503,avatar,334,3
0.9512195121951219,98.4251968503937,89.74358974358975,93.98496240601504,97.22222222222221,0.9824561403508772,original,334,3
0.926829268292683,97.77777777777777,82.85714285714286,91.66666666666666,95.08196721311475,0.973816029143898,avatar,334,4
0.9512195121951219,97.67441860465115,90.78947368421053,94.73684210526315,95.83333333333334,0.9892439431913116,original,334,4
0.8829268292682927,90.66666666666666,81.81818181818183,93.15068493150685,76.27118644067797,0.9095658230787091,avatar,334,5
0.9512195121951219,96.94656488549617,91.8918918918919,95.48872180451127,94.44444444444444,0.9797410192147035,original,334,5
0.9219512195121952,93.79310344827586,88.33333333333333,95.1048951048951,85.48387096774194,0.9705053011504624,avatar,334,6
0.9560975609756097,96.26865671641791,94.36619718309859,96.99248120300751,93.05555555555556,0.9944653299916457,original,334,6
0.9219512195121952,94.48275862068965,86.66666666666667,94.48275862068965,86.66666666666667,0.9773563218390804,avatar,334,7
0.9560975609756097,96.96969696969697,93.15068493150685,96.2406015037594,94.44444444444444,0.9940476190476191,original,334,7
0.9170731707317074,95.94594594594594,80.7017543859649,92.81045751633987,88.46153846153845,0.9753016591251886,avatar,334,8
0.9609756097560975,98.44961240310077,92.10526315789474,95.48872180451127,97.22222222222221,0.986111111111111,original,334,8
0.8878048780487805,98.48484848484848,71.23287671232876,86.09271523178808,96.29629629629629,0.9551753740495463,avatar,334,9
0.9560975609756097,99.20634920634922,89.87341772151899,93.98496240601504,98.61111111111111,0.9817251461988304,original,334,9
0.9073170731707317,95.0354609929078,81.25,91.78082191780823,88.13559322033898,0.9557696772695612,avatar,334,10
0.9609756097560975,99.21259842519686,91.02564102564102,94.73684210526315,98.61111111111111,0.9832915622389307,original,334,10
0.9414634146341463,98.02631578947368,83.01886792452831,94.30379746835443,93.61702127659575,0.9769054672771343,avatar,364,1
0.9560975609756097,95.58823529411765,95.65217391304348,97.74436090225564,91.66666666666666,0.9947786131996658,original,364,1
0.8780487804878049,95.1048951048951,70.96774193548387,88.31168831168831,86.27450980392157,0.9431499872676343,avatar,364,2
0.9512195121951219,96.94656488549617,91.8918918918919,95.48872180451127,94.44444444444444,0.9895572263993316,original,364,2
0.8975609756097561,94.4055944055944,79.03225806451613,91.21621621621621,85.96491228070175,0.9437529634898055,avatar,364,3
0.9609756097560975,98.44961240310077,92.10526315789474,95.48872180451127,97.22222222222221,0.9908103592314119,original,364,3
0.8878048780487805,93.83561643835617,76.27118644067797,90.72847682119205,83.33333333333334,0.9448736816286485,avatar,364,4
0.9560975609756097,96.26865671641791,94.36619718309859,96.99248120300751,93.05555555555556,0.9949874686716792,original,364,4
0.9170731707317074,94.70198675496688,83.33333333333334,94.07894736842105,84.90566037735849,0.9624503475670309,avatar,364,5
0.9609756097560975,96.99248120300751,94.44444444444444,96.99248120300751,94.44444444444444,0.9906015037593985,original,364,5
0.9121951219512195,94.83870967741936,80.0,93.63057324840764,83.33333333333334,0.9613853503184713,avatar,364,6
0.9609756097560975,94.96402877697841,98.48484848484848,99.24812030075188,90.27777777777779,0.9885129490392648,original,364,6
0.8731707317073171,93.91891891891892,70.17543859649122,89.1025641025641,81.63265306122449,0.9305991627420199,avatar,364,7
0.9463414634146341,95.52238805970148,92.95774647887323,96.2406015037594,91.66666666666666,0.9924812030075187,original,364,7
0.8634146341463415,96.47887323943662,63.49206349206349,85.625,88.88888888888889,0.93875,avatar,364,8
0.9609756097560975,97.70992366412213,93.24324324324324,96.2406015037594,95.83333333333334,0.9885129490392649,original,364,8
0.9219512195121952,97.93103448275862,78.33333333333333,91.61290322580645,94.0,0.9572903225806451,avatar,364,9
0.9560975609756097,97.6923076923077,92.0,95.48872180451127,95.83333333333334,0.9899749373433584,original,364,9
0.9170731707317074,99.24812030075188,77.77777777777779,89.1891891891892,98.24561403508771,0.9497984826932195,avatar,364,10
0.9560975609756097,99.20634920634922,89.87341772151899,93.98496240601504,98.61111111111111,0.9805764411027569,original,364,10
0.8926829268292683,93.58974358974359,75.51020408163265,92.40506329113924,78.72340425531915,0.9488284406140587,avatar,394,1
0.9560975609756097,96.26865671641791,94.36619718309859,96.99248120300751,93.05555555555556,0.9938387635756056,original,394,1
0.8975609756097561,97.22222222222221,72.1311475409836,89.171974522293,91.66666666666666,0.9670912951167728,avatar,394,2
0.9463414634146341,97.65625,89.6103896103896,93.98496240601504,95.83333333333334,0.985797827903091,original,394,2
0.8878048780487805,99.26470588235294,68.11594202898551,85.98726114649682,97.91666666666666,0.9317940552016986,avatar,394,3
0.9414634146341463,100.0,85.71428571428571,90.97744360902256,100.0,0.977234753550543,original,394,3
0.8975609756097561,91.875,82.22222222222221,94.83870967741936,74.0,0.957483870967742,avatar,394,4
0.9463414634146341,94.85294117647058,94.20289855072464,96.99248120300751,90.27777777777779,0.9922723475355054,original,394,4
0.9024390243902439,92.20779220779221,84.31372549019608,94.66666666666667,78.18181818181819,0.9597575757575758,avatar,394,5
0.9512195121951219,96.94656488549617,91.8918918918919,95.48872180451127,94.44444444444444,0.9790100250626567,original,394,5
0.9024390243902439,94.5945945945946,78.94736842105263,92.10526315789474,84.90566037735849,0.936072492552135,avatar,394,6
0.9560975609756097,96.96969696969697,93.15068493150685,96.2406015037594,94.44444444444444,0.9753550543024228,original,394,6
0.9024390243902439,95.91836734693877,75.86206896551724,90.96774193548387,88.0,0.9624516129032258,avatar,394,7
0.9560975609756097,98.4375,90.9090909090909,94.73684210526315,97.22222222222221,0.985484544695071,original,394,7
0.9024390243902439,94.26751592356688,77.08333333333334,93.08176100628931,80.43478260869566,0.940593382554006,avatar,394,8
0.9512195121951219,96.2406015037594,93.05555555555556,96.2406015037594,93.05555555555556,0.9753550543024228,original,394,8
0.9073170731707317,95.91836734693877,77.58620689655173,91.55844155844156,88.23529411764706,0.9584924879042526,avatar,394,9
0.9609756097560975,96.99248120300751,94.44444444444444,96.99248120300751,94.44444444444444,0.9850668337510443,original,394,9
0.9170731707317074,96.5034965034965,80.64516129032258,92.0,90.9090909090909,0.9446060606060607,avatar,394,10
0.9463414634146341,96.92307692307692,90.66666666666666,94.73684210526315,94.44444444444444,0.9664786967418546,original,394,10
0.8634146341463415,92.5,64.44444444444444,90.2439024390244,70.73170731707317,0.908982748364069,avatar,424,1
0.9609756097560975,96.99248120300751,94.44444444444444,96.99248120300751,94.44444444444444,0.9908103592314119,original,424,1
0.8926829268292683,97.91666666666666,68.85245901639344,88.125,93.33333333333333,0.9310416666666667,avatar,424,2
0.9560975609756097,99.20634920634922,89.87341772151899,93.98496240601504,98.61111111111111,0.9792188805346701,original,424,2
0.8731707317073171,93.42105263157895,69.81132075471697,89.87341772151899,78.72340425531915,0.9330729868031241,avatar,424,3
0.9560975609756097,97.6923076923077,92.0,95.48872180451127,95.83333333333334,0.9928989139515455,original,424,3
0.9121951219512195,93.63057324840764,83.33333333333334,94.83870967741936,80.0,0.9750967741935483,avatar,424,4
0.9512195121951219,94.8905109489051,95.58823529411765,97.74436090225564,90.27777777777779,0.9931077694235589,original,424,4
0.8780487804878049,93.87755102040816,72.41379310344827,89.6103896103896,82.35294117647058,0.9325184619302266,avatar,424,5
0.9414634146341463,95.48872180451127,91.66666666666666,95.48872180451127,91.66666666666666,0.9863199665831245,original,424,5
0.8829268292682927,95.23809523809523,70.6896551724138,89.171974522293,85.41666666666666,0.9543524416135881,avatar,424,6
0.9512195121951219,95.55555555555556,94.28571428571428,96.99248120300751,91.66666666666666,0.9898705096073517,original,424,6
0.8975609756097561,94.73684210526315,75.47169811320755,91.71974522292994,83.33333333333334,0.92151008492569,avatar,424,7
0.8829268292682927,89.20863309352518,86.36363636363636,93.23308270676691,79.16666666666666,0.948047201336675,original,424,7
0.926829268292683,95.48387096774194,84.0,94.87179487179486,85.71428571428571,0.9413265306122449,avatar,424,8
0.9560975609756097,96.26865671641791,94.36619718309859,96.99248120300751,93.05555555555556,0.985484544695071,original,424,8
0.8731707317073171,94.52054794520548,69.49152542372882,88.46153846153845,83.6734693877551,0.9226190476190477,avatar,424,9
0.9560975609756097,96.26865671641791,94.36619718309859,96.99248120300751,93.05555555555556,0.9850668337510443,original,424,9
0.8975609756097561,92.02453987730061,80.95238095238095,94.9367088607595,72.3404255319149,0.9595340694855911,avatar,424,10
0.9414634146341463,94.16058394160584,94.11764705882352,96.99248120300751,88.88888888888889,0.9941520467836258,original,424,10
0.8195121951219512,86.50306748466258,64.28571428571429,90.38461538461539,55.10204081632652,0.8615253793825222,avatar,454,1
0.8926829268292683,88.81118881118881,90.32258064516128,95.48872180451127,77.77777777777779,0.9540517961570594,original,454,1
0.9073170731707317,95.8904109589041,77.96610169491525,91.50326797385621,88.46153846153845,0.9623554550025138,avatar,454,2
0.9609756097560975,96.99248120300751,94.44444444444444,96.99248120300751,94.44444444444444,0.9880952380952381,original,454,2
0.8195121951219512,88.19875776397515,59.09090909090909,88.75,57.77777777777777,0.8802777777777778,avatar,454,3
0.9463414634146341,94.85294117647058,94.20289855072464,96.99248120300751,90.27777777777779,0.9939431913116124,original,454,3
0.9170731707317074,93.71069182389937,84.78260869565217,95.51282051282051,79.59183673469387,0.9635007849293563,avatar,454,4
0.9463414634146341,94.85294117647058,94.20289855072464,96.99248120300751,90.27777777777779,0.9945697577276525,original,454,4
0.8926829268292683,95.17241379310344,75.0,90.19607843137256,86.53846153846155,0.914027149321267,avatar,454,5
0.9560975609756097,97.6923076923077,92.0,95.48872180451127,95.83333333333334,0.9915413533834587,original,454,5
0.9317073170731708,95.0920245398773,85.71428571428571,96.27329192546584,81.81818181818183,0.9479813664596275,avatar,454,6
0.9560975609756097,96.26865671641791,94.36619718309859,96.99248120300751,93.05555555555556,0.9930033416875522,original,454,6
0.8634146341463415,93.19727891156462,68.96551724137932,88.38709677419355,80.0,0.9134838709677419,avatar,454,7
0.9512195121951219,95.55555555555556,94.28571428571428,96.99248120300751,91.66666666666666,0.9837092731829573,original,454,7
0.9170731707317074,95.48387096774194,80.0,93.67088607594937,85.1063829787234,0.961755992458928,avatar,454,8
0.9512195121951219,97.67441860465115,90.78947368421053,94.73684210526315,95.83333333333334,0.9926900584795322,original,454,8
0.9073170731707317,94.40993788819875,77.27272727272727,93.82716049382715,79.06976744186046,0.9565030146425496,avatar,454,9
0.9560975609756097,95.58823529411765,95.65217391304348,97.74436090225564,91.66666666666666,0.9924812030075187,original,454,9
0.9024390243902439,93.5064935064935,80.3921568627451,93.5064935064935,80.3921568627451,0.9180672268907564,avatar,454,10
0.9560975609756097,96.26865671641791,94.36619718309859,96.99248120300751,93.05555555555556,0.9922723475355054,original,454,10
0.8634146341463415,95.0,67.6923076923077,86.36363636363636,86.27450980392157,0.9223962312197606,avatar,484,1
0.9560975609756097,96.26865671641791,94.36619718309859,96.99248120300751,93.05555555555556,0.9892439431913117,original,484,1
0.8829268292682927,90.41916167664671,78.94736842105263,94.9685534591195,65.21739130434783,0.948660103910309,avatar,484,2
0.9512195121951219,95.55555555555556,94.28571428571428,96.99248120300751,91.66666666666666,0.9942564745196324,original,484,2
0.9170731707317074,96.52777777777779,80.32786885245902,92.05298013245033,90.74074074074075,0.9495952906548932,avatar,484,3
0.9463414634146341,97.65625,89.6103896103896,93.98496240601504,95.83333333333334,0.9888262322472848,original,484,3
0.848780487804878,89.44099378881988,68.18181818181817,91.13924050632912,63.829787234042556,0.8987341772151899,avatar,484,4
0.9609756097560975,96.99248120300751,94.44444444444444,96.99248120300751,94.44444444444444,0.9919590643274855,original,484,4
0.8731707317073171,93.63057324840764,66.66666666666666,90.1840490797546,76.19047619047619,0.8783961437335671,avatar,484,5
0.9512195121951219,95.55555555555556,94.28571428571428,96.99248120300751,91.66666666666666,0.97921888053467,original,484,5
0.8975609756097561,91.55844155844156,84.31372549019608,94.63087248322147,76.78571428571429,0.9340244487056568,avatar,484,6
0.9512195121951219,96.2406015037594,93.05555555555556,96.2406015037594,93.05555555555556,0.988095238095238,original,484,6
0.8536585365853658,95.2054794520548,61.016949152542374,85.80246913580247,83.72093023255815,0.8931955211024978,avatar,484,7
0.9658536585365853,99.21875,92.20779220779221,95.48872180451127,98.61111111111111,0.9748329156223893,original,484,7
0.8292682926829268,88.19875776397515,63.63636363636363,89.87341772151899,59.57446808510638,0.8024508483705899,avatar,484,8
0.9170731707317074,93.28358208955224,88.73239436619718,93.98496240601504,87.5,0.9405806182121973,original,484,8
0.8634146341463415,95.2054794520548,64.40677966101694,86.875,84.44444444444444,0.8993055555555555,avatar,484,9
0.9414634146341463,97.63779527559055,88.46153846153845,93.23308270676691,95.83333333333334,0.970342522974102,original,484,9
0.8829268292682927,89.6103896103896,84.31372549019608,94.52054794520548,72.88135593220339,0.9465985604829347,avatar,484,10
0.9560975609756097,96.96969696969697,93.15068493150685,96.2406015037594,94.44444444444444,0.9933166248955723,original,484,10
0.8585365853658536,90.41916167664671,65.78947368421053,92.07317073170732,60.97560975609756,0.9056365258774538,avatar,514,1
0.9560975609756097,96.96969696969697,93.15068493150685,96.2406015037594,94.44444444444444,0.9930033416875522,original,514,1
0.8829268292682927,91.51515151515152,75.0,93.7888198757764,68.18181818181817,0.9189723320158103,avatar,514,2
0.9414634146341463,94.16058394160584,94.11764705882352,96.99248120300751,88.88888888888889,0.9921679197994988,original,514,2
0.8878048780487805,90.80459770114942,77.41935483870968,95.75757575757575,60.0,0.9018939393939395,avatar,514,3
0.9512195121951219,94.8905109489051,95.58823529411765,97.74436090225564,90.27777777777779,0.9933166248955723,original,514,3
0.8878048780487805,92.7710843373494,71.7948717948718,93.33333333333333,70.0,0.9369696969696969,avatar,514,4
0.9512195121951219,94.8905109489051,95.58823529411765,97.74436090225564,90.27777777777779,0.9945697577276525,original,514,4
0.8682926829268293,91.0828025477707,72.91666666666666,91.66666666666666,71.42857142857143,0.8889979068550498,avatar,514,5
0.9609756097560975,99.21259842519686,91.02564102564102,94.73684210526315,98.61111111111111,0.9821428571428572,original,514,5
0.8585365853658536,89.22155688622755,71.05263157894737,93.125,60.0,0.9265277777777778,avatar,514,6
0.9609756097560975,94.96402877697841,98.48484848484848,99.24812030075188,90.27777777777779,0.9930033416875522,original,514,6
0.8634146341463415,87.66233766233766,82.35294117647058,93.75,68.85245901639344,0.9096083788706739,avatar,514,7
0.9512195121951219,96.94656488549617,91.8918918918919,95.48872180451127,94.44444444444444,0.9930033416875521,original,514,7
0.8,90.32258064516128,48.0,84.33734939759037,61.53846153846154,0.858897126969416,avatar,514,8
0.9560975609756097,96.96969696969697,93.15068493150685,96.2406015037594,94.44444444444444,0.987468671679198,original,514,8
0.8829268292682927,90.06211180124224,81.81818181818183,94.77124183006535,69.23076923076923,0.8375439919557566,avatar,514,9
0.9317073170731708,93.43065693430657,92.64705882352942,96.2406015037594,87.5,0.8989139515455306,original,514,9
0.8439024390243902,89.937106918239,65.21739130434783,89.937106918239,65.21739130434783,0.8576018594476347,avatar,514,10
0.9560975609756097,96.96969696969697,93.15068493150685,96.2406015037594,94.44444444444444,0.9835004177109441,original,514,10
0.8634146341463415,86.3905325443787,86.11111111111111,96.68874172185431,57.407407407407405,0.926907039489821,avatar,544,1
0.9414634146341463,93.5251798561151,95.45454545454545,97.74436090225564,87.5,0.9942564745196325,original,544,1
0.8682926829268293,90.58823529411765,68.57142857142857,93.33333333333333,60.0,0.9202272727272728,avatar,544,2
0.9463414634146341,94.85294117647058,94.20289855072464,96.99248120300751,90.27777777777779,0.9931077694235588,original,544,2
0.8634146341463415,90.625,71.11111111111111,91.77215189873418,68.08510638297872,0.8832480474010234,avatar,544,3
0.9609756097560975,97.70992366412213,93.24324324324324,96.2406015037594,95.83333333333334,0.9850668337510443,original,544,3
0.8731707317073171,94.26751592356688,64.58333333333334,89.6969696969697,77.5,0.8906060606060606,avatar,544,4
0.9512195121951219,94.8905109489051,95.58823529411765,97.74436090225564,90.27777777777779,0.9868421052631579,original,544,4
0.8731707317073171,89.41176470588236,77.14285714285715,95.0,60.0,0.9195833333333333,avatar,544,5
0.9609756097560975,94.96402877697841,98.48484848484848,99.24812030075188,90.27777777777779,0.9923767752715121,original,544,5
0.8780487804878049,89.41176470588236,80.0,95.59748427672956,60.86956521739131,0.9312277823352475,avatar,544,6
0.9512195121951219,94.8905109489051,95.58823529411765,97.74436090225564,90.27777777777779,0.9935254803675856,original,544,6
0.8585365853658536,90.38461538461539,71.42857142857143,90.96774193548387,70.0,0.8652258064516131,avatar,544,7
0.9365853658536586,94.11764705882352,92.7536231884058,96.2406015037594,88.88888888888889,0.9784878863826233,original,544,7
0.8975609756097561,92.48554913294798,75.0,95.23809523809523,64.86486486486487,0.8892374517374517,avatar,544,8
0.9658536585365853,96.32352941176471,97.10144927536231,98.49624060150376,93.05555555555556,0.9917502088554719,original,544,8
0.8634146341463415,91.92546583850931,65.9090909090909,90.79754601226993,69.04761904761905,0.8908121530820917,avatar,544,9
0.9463414634146341,96.21212121212122,91.78082191780823,95.48872180451127,93.05555555555556,0.9923767752715121,original,544,9
0.8292682926829268,88.96103896103897,64.70588235294117,88.38709677419355,66.0,0.8519354838709676,avatar,544,10
0.9219512195121952,92.7007299270073,91.17647058823529,95.48872180451127,86.11111111111111,0.9582289055973267,original,544,10
0.8926829268292683,91.61676646706587,78.94736842105263,95.03105590062113,68.18181818181817,0.9181253529079616,avatar,574,1
0.9658536585365853,96.32352941176471,97.10144927536231,98.49624060150376,93.05555555555556,0.9908103592314119,original,574,1
0.8975609756097561,91.66666666666666,81.08108108108108,95.65217391304348,68.18181818181817,0.932523997741389,avatar,574,2
0.9560975609756097,96.26865671641791,94.36619718309859,96.99248120300751,93.05555555555556,0.9793233082706767,original,574,2
0.8731707317073171,89.47368421052632,76.47058823529412,95.03105590062113,59.09090909090909,0.771103896103896,avatar,574,3
0.9317073170731708,94.73684210526315,90.27777777777779,94.73684210526315,90.27777777777779,0.9450710108604846,original,574,3
0.8634146341463415,91.82389937106919,67.3913043478261,90.6832298136646,70.45454545454545,0.8518492377188027,avatar,574,4
0.9365853658536586,93.47826086956522,94.02985074626866,96.99248120300751,87.5,0.9701336675020885,original,574,4
0.8829268292682927,90.30303030303031,80.0,94.90445859872611,66.66666666666666,0.8956342887473461,avatar,574,5
0.9609756097560975,96.29629629629629,95.71428571428572,97.74436090225564,93.05555555555556,0.9928989139515455,original,574,5
0.8390243902439024,86.47058823529412,71.42857142857143,93.63057324840764,52.083333333333336,0.8120355626326964,avatar,574,6
0.9560975609756097,95.58823529411765,95.65217391304348,97.74436090225564,91.66666666666666,0.993734335839599,original,574,6
0.8682926829268293,91.46341463414635,68.29268292682927,92.02453987730061,66.66666666666666,0.8464796961729476,avatar,574,7
0.9512195121951219,96.2406015037594,93.05555555555556,96.2406015037594,93.05555555555556,0.9865288220551379,original,574,7
0.8829268292682927,91.22807017543859,73.52941176470588,94.54545454545455,62.5,0.8784848484848484,avatar,574,8
0.9463414634146341,94.85294117647058,94.20289855072464,96.99248120300751,90.27777777777779,0.9928989139515456,original,574,8
0.8780487804878049,95.39473684210526,66.0377358490566,88.95705521472392,83.33333333333334,0.8944639205375401,avatar,574,9
0.9512195121951219,96.2406015037594,93.05555555555556,96.2406015037594,93.05555555555556,0.9833959899749373,original,574,9
0.8634146341463415,91.875,66.66666666666666,90.74074074074075,69.76744186046511,0.8692937123169681,avatar,574,10
0.9512195121951219,95.55555555555556,94.28571428571428,96.99248120300751,91.66666666666666,0.9931077694235588,original,574,10
