"local_cloaking_4","local_cloaking_200","local_cloaking_400","local_cloaking_600","local_cloaking_800","local_cloaking_1000"
1,46,238,185,185,87
1,185,8,79,42,295
23,41,8,684,360,606
9,297,58,394,213,153
1,82,26,479,290,88
4,51,192,33,42,447
7,143,12,436,40,315
9,20,88,347,203,384
4,11,583,167,595,3
1,1,582,73,6,1242
1,50,12,306,260,178
11,122,40,727,64,662
4,18,85,269,37,89
2,313,383,168,1413,249
3,5,51,24,17,419
29,15,86,57,1530,4
4,100,112,53,671,457
9,150,78,195,879,126
12,104,102,276,374,20
37,186,535,105,699,18
102,36,201,336,277,39
3,5,143,36,28,185
44,78,16,593,130,194
60,61,202,49,1201,1679
11,336,170,615,15,355
17,12,49,1194,126,417
8,85,765,414,275,385
19,132,18,64,388,52
2,103,212,3,361,290
48,196,26,422,196,130
4,1,37,593,630,242
6,145,15,67,585,1669
20,11,50,305,226,29
18,120,400,285,609,409
7,45,147,679,174,612
0,1,36,284,105,253
32,490,350,50,186,206
12,213,1,421,3,75
1,180,697,599,45,618
1,13,19,17,715,408
16,236,308,131,392,535
95,117,206,154,422,549
4,66,107,98,675,14
2,157,391,238,14,165
5,44,514,418,487,159
2,74,163,61,106,135
1,28,290,12,118,4
7,24,178,240,241,7
6,2,12,126,38,86
1,20,14,89,1003,662
5,209,51,150,218,422
53,41,282,555,1111,311
2,175,121,558,514,1194
10,83,32,36,799,1037
2,114,139,225,94,453
3,17,247,164,123,6
3,198,188,270,107,218
2,235,197,636,705,76
38,39,306,39,583,963
66,20,121,304,65,4
17,17,41,190,21,110
11,5,208,447,1061,186
22,56,5,25,858,425
1,27,303,56,686,680
19,9,1,112,136,779
31,50,130,968,334,613
66,89,229,229,464,461
7,28,472,721,1092,97
2,158,77,327,10,709
4,277,197,269,87,380
1,340,371,7,202,542
2,8,77,263,1416,278
4,254,741,6,750,196
9,200,231,724,614,837
0,4,382,93,195,632
7,43,178,17,93,760
18,15,12,171,45,611
4,12,362,227,528,22
1,141,257,111,70,73
8,4,65,8,412,571
10,227,171,489,289,178
5,138,161,365,410,557
3,207,7,150,254,391
5,43,148,138,32,543
7,94,1,194,280,138
6,13,104,39,177,278
10,7,204,18,31,48
1,27,14,14,25,174
53,145,62,222,36,272
7,15,10,46,100,1400
3,42,126,536,231,28
25,43,450,117,20,419
2,252,676,271,55,73
49,84,149,185,461,405
38,38,193,15,401,7
2,66,437,796,157,718
6,34,125,167,63,340
1,52,74,378,1052,399
3,96,216,68,290,498
61,23,588,261,1309,97
51,124,126,410,214,462
18,67,404,216,808,974
1,244,397,642,601,250
0,35,56,65,671,602
19,138,60,190,56,1036
26,108,580,1069,130,1165
2,41,226,421,8,692
1,113,61,316,346,30
2,38,655,692,1265,1031
4,123,223,275,123,72
54,559,2,330,647,242
11,328,90,250,439,198
1,138,189,491,325,520
48,38,313,244,681,546
4,148,311,38,141,554
60,39,249,347,483,90
7,28,654,12,164,72
1,176,88,7,281,721
8,311,2,380,178,1050
10,568,26,94,421,1021
6,41,79,473,208,885
21,22,52,629,426,134
2,218,129,147,58,4
2,265,474,849,526,886
12,94,246,428,134,1134
2,10,113,1,20,27
19,270,693,1123,284,267
43,184,95,941,345,319
5,29,223,353,360,1332
30,345,73,96,377,238
5,67,395,395,23,1158
3,59,89,67,36,422
6,22,95,88,505,1108
34,99,174,732,122,147
22,84,187,694,87,33
53,232,91,357,243,635
29,71,318,479,27,17
10,163,149,75,303,202
2,441,1121,409,33,1155
21,69,178,1163,173,16
5,731,516,599,588,32
11,129,29,32,444,1843
25,52,382,940,2,566
84,101,288,727,183,327
7,117,33,8,60,8
10,206,179,18,731,962
12,68,424,157,849,287
9,284,99,676,167,568
11,29,3,545,124,168
3,76,35,21,360,1328
3,23,134,267,386,923
7,44,83,411,246,348
2,130,3,19,114,134
2,3,84,1545,219,781
1,24,361,288,170,1595
7,39,23,790,447,991
10,305,1073,304,362,38
7,171,10,48,317,322
1,4,96,252,1371,793
1,3,476,24,270,474
6,199,527,665,8,179
17,118,31,72,703,165
5,8,62,724,7,139
15,7,4,284,617,296
17,102,331,197,570,917
79,163,354,55,206,398
3,69,74,390,492,539
1,128,28,2,814,12
0,179,119,109,73,423
29,728,142,91,40,773
1,238,5,248,562,977
1,441,22,817,214,56
4,16,193,354,72,483
52,105,233,33,1127,781
94,94,234,295,335,214
20,290,214,141,913,534
4,366,217,118,298,625
34,70,71,228,346,1000
2,48,71,92,0,40
14,90,497,466,189,473
7,91,165,32,23,7
43,133,2,321,669,1033
1,90,89,144,922,483
39,55,282,382,129,321
1,45,55,12,1297,796
3,12,505,177,24,490
9,111,122,298,420,165
3,442,114,796,582,391
3,3,149,564,76,1
108,386,361,410,547,174
4,75,47,74,945,822
4,2,1,246,247,307
3,6,26,205,41,217
7,44,39,329,1487,144
28,162,28,144,492,367
101,266,112,325,194,279
1,18,367,204,1479,18
3,138,322,259,172,1
30,507,469,75,360,496
3,151,502,625,250,1145
25,189,87,290,104,125
28,81,415,911,214,103
4,258,350,310,439,383
36,169,484,366,120,466
12,15,61,477,448,1173
29,174,449,355,826,449
4,30,45,103,667,102
48,229,486,145,285,365
5,9,6,32,550,231
2,199,194,720,143,386
5,69,421,587,264,34
6,117,190,178,60,945
16,46,536,389,402,138
20,534,241,77,37,554
17,28,108,319,85,44
4,333,334,5,35,181
2,7,134,646,622,941
3,99,229,6,315,437
93,275,191,49,723,285
4,5,24,305,19,361
66,45,1006,82,570,80
4,151,15,600,97,967
34,77,393,676,1037,343
14,27,185,17,790,734
14,47,448,152,41,31
1,89,119,124,815,657
10,26,151,45,536,1304
19,49,211,72,116,1006
7,37,257,213,708,16
7,111,154,538,1,14
15,25,94,85,31,1519
36,77,490,204,41,661
15,0,270,30,462,627
2,139,134,443,69,271
2,19,31,52,386,469
5,28,1,457,445,429
12,23,150,710,191,179
18,503,53,15,424,533
3,22,8,241,39,272
19,165,102,150,1040,44
1,1,52,172,38,278
14,573,338,58,67,238
3,62,197,1043,39,512
7,100,162,76,268,49
1,17,193,187,105,134
3,54,55,23,434,154
2,152,92,172,835,635
32,415,136,26,192,529
1,33,426,63,63,763
22,189,711,415,939,51
16,19,6,335,65,201
13,10,309,224,5,843
5,156,151,60,155,233
5,134,75,59,62,487
1,201,354,182,740,573
6,130,109,30,33,323
27,130,47,137,631,83
6,57,8,2,8,959
39,22,134,10,70,33
4,44,69,195,551,710
3,246,297,9,201,29
4,235,334,43,399,131
2,434,57,80,483,352
2,12,22,682,258,59
2,100,52,216,25,9
1,11,92,251,201,69
4,3,67,647,806,894
60,434,280,355,28,1255
21,4,346,533,108,105
10,14,143,60,1085,281
12,50,263,3,632,610
1,31,86,128,135,62
14,28,109,974,142,806
64,176,332,59,1249,877
68,253,162,169,70,301
5,75,30,235,186,507
11,101,33,538,709,24
12,109,83,66,129,66
2,108,258,521,80,748
8,128,571,73,364,338
45,9,317,631,892,48
5,361,72,370,728,703
6,9,157,69,945,68
15,252,344,170,484,1437
90,31,748,186,19,180
1,121,102,52,985,906
5,428,4,383,434,369
4,148,210,39,35,621
6,650,13,299,1036,216
13,11,22,363,98,1054
1,129,141,135,100,272
30,17,132,146,7,149
0,53,12,499,29,884
1,97,57,491,950,969
11,24,57,68,15,334
2,39,212,11,516,485
2,237,293,135,843,763
6,20,365,268,749,35
17,318,86,37,281,815
20,35,41,217,137,1164
2,44,51,337,258,100
16,196,258,509,396,963
26,194,70,578,922,593
13,59,120,251,227,97
16,487,286,173,316,691
5,15,97,230,222,27
19,69,424,137,280,21
1,6,20,258,34,213
60,2,86,666,965,1086
2,102,149,4,924,30
1,1,79,505,1032,109
12,24,12,30,225,1497
2,177,31,646,164,529
15,10,366,178,172,60
63,41,243,158,637,667
46,92,813,5,63,40
5,18,268,353,4,105
3,136,20,232,212,91
2,21,31,283,203,395
2,19,47,504,61,40
9,120,210,536,621,39
32,37,34,129,109,379
4,23,50,578,204,33
5,146,184,418,54,9
17,9,36,29,168,295
42,33,216,14,52,43
7,28,10,364,285,438
14,41,144,226,489,542
2,13,111,195,301,10
2,108,56,421,39,92
1,8,391,33,624,886
4,12,4,76,172,925
13,57,232,549,1167,223
76,385,319,29,718,771
9,75,555,255,149,1340
45,170,382,366,26,114
4,209,62,17,277,20
40,159,161,971,285,376
92,7,428,127,454,31
123,183,142,180,372,837
3,121,212,294,287,768
7,42,492,573,238,292
1,92,122,37,7,182
31,16,365,687,312,210
45,14,499,64,311,474
17,25,33,43,361,1213
48,11,98,170,61,112
1,524,278,2,1341,1097
2,201,7,209,125,208
13,46,542,278,988,59
4,19,1,446,27,693
17,155,115,97,412,301
6,255,53,392,677,448
2,53,332,296,188,313
1,75,95,239,894,223
25,125,196,58,183,1033
1,60,45,49,814,612
2,45,508,361,397,141
5,53,7,62,173,103
17,56,590,121,299,440
21,89,48,707,442,608
41,22,18,484,242,143
2,4,37,520,620,643
6,21,203,277,408,854
5,10,43,49,416,177
7,275,183,286,444,448
2,340,102,31,27,163
13,30,182,43,274,222
6,333,38,313,144,664
1,127,179,979,421,522
7,26,403,26,1133,448
2,48,823,135,1312,370
7,26,699,219,1103,632
47,41,77,185,615,148
1,489,594,1232,341,103
12,90,474,128,121,10
4,4,9,796,557,530
66,42,167,506,62,544
37,23,138,348,30,53
27,26,4,14,520,287
2,80,276,179,154,65
34,155,196,39,255,664
6,17,261,1951,263,42
11,89,65,4,163,984
38,497,569,72,533,403
16,202,157,93,520,122
2,46,196,288,199,225
1,55,152,177,22,362
7,227,37,13,1014,683
56,152,148,154,227,730
22,1697,374,814,30,106
162,10,13,390,203,176
6,28,7,67,177,10
5,23,123,526,328,52
6,105,27,130,212,118
19,34,623,7,51,158
6,59,147,79,54,92
24,495,42,28,1015,1007
3,27,5,38,611,136
5,22,236,101,265,148
8,40,6,189,214,1064
34,33,174,295,93,165
3,377,4,797,64,92
5,84,643,346,835,976
6,84,40,640,310,1091
9,2,90,646,1283,504
4,591,17,198,309,33
27,75,110,637,141,434
2,3,78,85,912,626
2,40,16,104,54,1122
37,18,42,123,347,67
0,20,211,452,203,844
117,124,625,113,402,382
62,147,178,865,276,268
3,36,134,847,23,159
7,401,80,181,981,93
23,28,60,32,465,649
12,18,20,600,395,2
109,3,64,455,1137,226
13,1,490,937,945,241
4,17,210,426,753,708
21,525,29,845,231,1155
13,4,300,479,1027,368
27,9,261,302,667,635
83,114,31,58,518,929
3,21,199,227,62,153
2,88,282,327,1059,49
4,2,169,29,160,764
0,46,6,46,649,219
22,145,75,743,298,1153
14,71,363,622,767,294
23,6,119,498,324,929
4,76,31,59,107,40
6,406,384,827,13,755
61,11,796,42,41,92
4,64,671,161,1010,356
76,232,178,51,806,676
13,9,132,23,101,496
3,35,1,508,1546,479
82,236,39,822,759,66
9,24,13,180,358,22
6,248,574,255,708,1120
11,294,456,83,165,417
7,24,29,144,103,483
2,26,160,9,512,399
7,113,41,181,483,88
3,131,40,352,945,96
22,36,33,259,56,237
1,54,120,329,230,274
29,622,147,424,1509,966
4,45,40,45,13,66
2,24,336,62,417,77
1,91,39,266,258,417
21,48,129,161,544,645
12,86,13,61,62,66
4,47,271,186,331,336
4,7,232,376,580,856
4,93,176,305,29,28
6,50,112,124,932,309
10,145,37,468,40,157
16,170,138,259,567,590
1,99,268,416,337,180
4,13,204,187,21,2
1,32,82,136,44,146
4,247,255,637,107,505
92,3,126,158,761,111
4,304,271,530,28,818
8,38,105,8,1383,947
40,42,124,1,150,1521
1,34,133,202,607,24
5,21,46,393,147,441
45,138,58,106,49,1119
1,287,93,331,696,1304
46,334,185,478,59,371
1,23,127,167,7,881
5,7,96,16,11,116
90,113,599,405,14,485
3,7,103,206,304,377
76,177,44,119,268,369
6,58,75,889,146,359
4,173,329,9,380,193
2,834,566,155,7,262
1,49,171,418,337,299
0,65,247,58,42,1
9,89,222,101,303,170
3,37,221,225,21,69
27,90,361,35,77,449
30,197,2,43,21,59
10,37,133,28,893,784
7,196,110,48,250,642
3,341,275,340,666,714
1,90,329,266,646,1073
10,2,102,568,212,480
2,207,53,117,671,94
20,113,53,53,54,431
4,45,327,6,469,851
32,82,485,12,24,485
3,32,644,96,66,156
7,26,84,300,2,462
3,72,175,14,242,538
2,7,40,61,77,81
7,223,105,310,733,874
2,25,50,665,820,5
13,169,165,652,739,1361
2,14,74,1,211,565
34,391,510,111,208,236
20,38,452,410,221,378
12,18,59,110,895,618
23,481,77,602,132,300
11,170,56,1051,725,621
21,19,283,371,1105,556
1,169,469,250,216,409
6,4,112,333,213,163
9,12,181,173,477,1116
2,639,15,28,1026,801
1,58,228,499,20,421
16,134,27,172,292,96
33,101,45,311,314,416
10,20,28,86,499,743
6,96,262,176,851,245
1,82,30,884,330,1130
4,183,29,19,571,407
72,3,189,95,43,274
4,77,198,681,528,277
8,715,199,50,438,1045
30,171,9,49,267,127
6,454,154,453,157,32
1,132,47,195,761,56
11,1,36,63,257,172
2,78,136,152,10,207
120,242,16,360,23,207
39,3,190,767,90,1039
7,332,132,1118,281,94
1,13,41,256,54,408
50,97,362,18,648,1629
13,39,321,585,21,458
1,73,251,1105,353,49
92,10,622,432,190,268
9,12,197,124,847,1317
4,60,460,627,512,86
7,338,219,518,194,236
10,99,121,107,1255,396
21,370,1049,848,24,164
24,489,411,67,297,974
2,165,108,110,614,241
21,20,68,268,526,45
8,13,553,345,613,387
5,21,115,38,527,1005
33,33,595,146,1158,8
26,23,49,235,798,307
4,155,649,60,14,225
13,78,111,44,671,77
19,35,204,19,64,141
3,84,27,678,688,818
12,592,238,344,364,1742
52,225,179,386,181,622
10,2,24,50,15,891
16,84,186,43,82,811
26,450,723,1,611,551
25,44,14,396,22,266
6,53,65,697,508,872
58,24,198,54,160,459
3,88,788,134,367,90
8,68,85,207,279,509
387,385,215,117,35,724
2,155,268,665,221,327
2,6,5,568,235,175
6,22,536,171,13,152
9,131,19,107,286,98
9,345,80,241,71,818
8,253,60,314,292,730
0,97,506,402,385,184
3,114,2,478,94,75
3,175,106,174,630,500
4,32,209,128,755,426
10,1,270,153,173,932
31,467,53,263,293,57
18,26,34,157,166,781
1,69,452,120,1024,499
14,113,753,345,101,28
2,103,121,256,82,63
82,534,104,114,963,640
4,220,219,39,1737,4
35,91,21,119,8,54
40,125,131,758,316,465
111,218,593,317,134,238
7,18,152,83,626,81
15,112,334,200,525,523
3,31,422,312,207,18
5,52,602,31,708,864
10,255,222,4,13,473
22,31,58,356,225,859
2,289,102,3,218,1178
8,61,82,530,251,1701
27,68,206,116,14,78
90,449,760,601,361,80
55,19,34,86,287,15
1,17,8,1,356,560
113,325,208,48,367,276
3,55,267,114,199,178
42,171,782,59,683,880
14,72,56,368,769,128
6,331,38,150,723,282
2,22,23,131,857,21
2,4,350,536,146,451
1,62,34,201,201,478
10,91,168,190,129,324
3,142,200,191,542,92
10,75,274,35,352,424
2,25,353,610,1510,437
20,546,916,433,483,1210
21,45,23,66,87,9
3,141,20,668,164,166
3,36,405,649,1139,280
3,19,9,901,587,156
1,150,308,183,803,642
0,228,80,503,84,1086
2,12,153,551,1045,229
4,38,841,40,658,1975
1,491,170,374,466,559
6,68,271,27,30,568
20,202,99,99,9,216
5,7,50,109,243,586
1,328,95,331,22,914
4,254,132,639,189,208
1,182,403,880,648,12
2,39,181,186,128,94
15,137,30,300,716,1767
5,38,371,55,282,497
3,31,160,125,1,375
13,199,288,148,120,100
1,56,99,192,160,95
84,223,566,570,440,80
4,234,582,401,296,159
1,1,46,391,203,732
3,46,54,121,219,29
4,29,155,48,137,316
2,1,5,479,645,212
66,30,774,208,227,372
11,136,65,1219,835,1113
27,230,266,207,636,275
6,263,23,822,700,62
10,39,17,21,132,121
10,88,15,667,47,462
2,10,56,14,583,9
7,116,18,104,285,404
2,29,155,102,207,421
3,35,354,530,585,384
10,137,53,394,1494,480
183,19,227,61,14,986
10,7,534,1,619,581
2,32,319,224,43,131
3,34,213,318,24,12
1,26,81,243,1228,252
1,115,40,253,401,1232
8,4,417,82,481,155
26,22,125,160,447,54
6,10,133,122,514,440
4,123,242,136,545,67
4,137,266,388,392,18
72,46,169,93,92,520
21,8,22,581,404,852
19,26,7,19,278,1162
1,75,166,212,90,286
4,73,21,116,97,31
14,130,123,33,242,50
8,596,45,90,921,878
5,116,84,18,44,185
12,985,78,291,1073,1928
5,378,48,130,16,1459
15,156,6,226,88,138
6,489,875,39,1418,168
3,34,172,136,1084,14
1,17,456,4,54,197
5,14,89,45,369,151
1,52,60,595,70,487
13,6,206,101,484,1304
1,11,19,245,184,730
25,84,470,143,2,343
10,128,81,154,109,555
104,59,233,512,87,203
13,1,122,241,268,174
11,28,296,616,98,160
26,15,325,704,216,300
2,98,598,169,72,246
17,47,46,124,215,1502
15,13,106,334,347,364
50,118,354,28,70,449
2,124,12,172,732,159
2,16,92,187,117,33
7,105,58,714,192,80
30,37,230,35,429,611
28,23,25,434,279,312
20,149,170,182,166,325
6,65,118,709,155,176
6,9,187,835,231,992
2,61,169,126,691,299
29,13,124,696,71,105
1,2,2,495,174,2
2,14,59,96,70,69
2,86,283,70,340,407
1,11,22,332,99,36
7,0,45,306,304,178
3,0,445,101,1223,953
19,85,17,149,405,259
22,247,418,580,237,280
6,16,17,89,117,256
1,67,107,518,379,333
11,331,156,84,1334,1726
8,124,159,491,461,1247
0,3,70,215,592,184
1,5,478,6,2,238
5,135,94,376,434,20
30,315,1,120,208,335
3,58,64,349,171,326
19,31,505,67,147,315
2,203,249,159,1616,8
14,82,58,387,34,1190
44,330,465,213,678,466
4,44,395,406,506,226
5,6,0,936,923,39
54,96,358,17,387,709
3,146,180,1369,37,62
10,24,280,964,182,198
9,49,178,275,1597,347
13,11,241,161,471,264
11,46,163,139,701,240
46,51,53,414,359,44
17,32,210,63,211,37
3,493,7,419,116,494
9,131,84,20,327,508
66,166,44,492,222,494
5,48,63,251,227,612
42,48,159,210,223,296
8,12,365,242,529,691
74,82,370,6,465,412
5,7,88,374,928,128
1,29,51,176,305,174
8,219,14,219,148,71
16,9,120,511,200,419
95,21,87,477,71,445
171,32,261,4,527,232
2,10,458,216,22,508
1,110,624,169,275,1131
3,255,22,1360,126,116
1,12,1,587,4,152
3,46,9,88,99,467
25,6,274,19,48,285
74,59,318,139,23,796
11,137,212,116,60,32
1,28,96,344,156,283
10,1,237,21,790,105
11,72,377,231,75,109
1,97,168,47,303,103
11,268,75,205,327,158
102,191,878,62,843,286
5,137,207,594,71,897
52,81,79,290,70,313
1,147,95,619,772,455
135,50,219,222,330,1296
10,134,194,171,688,382
3,12,49,443,1214,520
33,37,29,188,428,244
0,105,22,210,188,861
37,1273,45,10,13,320
1,2,110,582,692,581
4,37,33,739,31,375
20,143,455,388,774,958
97,219,133,757,263,30
52,108,605,84,928,496
15,1,42,103,334,56
82,4,126,253,434,823
9,267,32,51,311,262
18,131,356,269,165,56
2,41,26,92,680,515
45,38,550,254,427,44
18,137,224,200,443,433
0,3,515,561,218,91
3,34,27,109,263,9
3,107,49,146,634,120
24,78,202,432,918,647
9,81,175,241,326,838
2,160,76,386,190,254
1,81,2,69,503,201
2,41,417,195,491,754
1,42,75,1244,322,17
14,62,197,264,93,171
3,8,77,165,515,1307
4,12,164,53,99,65
6,166,67,355,257,659
1,100,169,74,311,223
1,349,273,157,8,599
1,267,250,203,55,1422
2,54,429,4,387,81
44,841,601,553,1006,758
35,94,143,176,1624,1344
24,6,40,453,258,1487
57,72,876,97,425,585
3,66,590,239,968,301
4,54,43,965,26,341
3,21,43,73,1417,273
17,279,484,77,121,543
13,7,287,53,68,664
7,37,214,224,571,610
1,106,22,611,386,154
151,235,340,126,318,746
5,75,399,118,97,379
9,49,25,478,731,294
2,38,22,132,99,258
96,224,237,55,998,413
1,115,141,183,47,118
15,8,65,10,79,1431
5,189,1,546,2,14
19,52,127,908,264,1095
1,28,31,203,78,162
6,263,301,335,42,278
76,121,468,645,1478,64
9,13,71,220,129,541
2,23,131,382,195,151
9,51,1011,314,437,834
5,61,26,73,1069,66
3,161,341,779,1220,455
6,31,136,275,52,228
106,49,416,421,57,479
5,141,46,590,408,805
8,29,6,257,157,262
2,48,134,501,21,358
2,289,34,16,363,16
25,321,198,326,56,160
20,750,569,424,35,143
36,49,78,50,438,787
21,39,93,44,748,41
2,91,73,476,992,738
28,400,301,232,14,786
1,52,6,26,71,444
4,109,626,729,502,57
3,26,323,590,564,34
2,43,304,197,684,1053
66,560,31,171,295,704
6,201,479,260,442,415
2,266,414,768,573,70
5,597,36,165,1528,781
8,21,267,120,14,17
26,524,29,104,335,432
10,18,509,104,791,442
40,264,22,215,333,82
50,342,165,177,899,307
5,243,11,188,710,333
4,1,144,14,364,325
1,41,148,20,308,697
6,526,150,14,318,270
14,253,538,676,100,461
29,132,420,455,603,169
2,89,136,46,121,75
1,33,224,138,75,343
24,152,164,456,347,27
10,54,197,92,329,32
4,545,306,18,334,503
4,43,9,393,409,219
1,83,109,17,1026,403
0,26,30,100,288,921
2,4,228,179,692,480
26,88,245,75,298,52
2,715,9,87,449,87
80,74,219,548,389,314
3,99,58,459,234,1139
4,58,12,25,98,1166
60,6,54,86,694,288
2,43,175,314,356,706
26,254,2,520,62,277
5,113,385,408,41,836
11,74,10,13,854,273
7,4,123,508,292,310
3,1,327,89,354,821
19,58,84,207,518,564
2,2,262,146,211,27
13,103,788,47,45,322
10,55,189,7,18,281
157,5,306,30,135,1090
24,104,267,573,187,22
7,19,225,340,292,298
2,56,10,226,680,117
11,395,326,732,100,1169
2,5,98,733,374,377
4,45,8,26,1017,258
8,192,186,12,353,1030
8,101,36,253,5,291
4,10,142,656,225,37
1,24,34,30,39,770
24,139,21,13,560,53
1,12,31,34,133,47
4,33,66,85,49,694
2,189,30,272,330,8
5,68,117,546,709,176
3,36,295,415,925,293
7,14,42,165,753,80
2,21,161,21,283,284
3,4,304,98,1418,421
12,473,249,157,172,465
0,167,321,223,1309,542
3,168,38,236,10,14
3,129,202,32,10,190
9,45,119,17,457,936
14,152,230,101,274,15
57,90,27,323,18,1076
1,5,34,52,854,705
16,366,34,122,895,154
2,1,969,87,50,79
2,81,20,163,106,189
12,23,712,93,1306,630
51,86,147,50,316,38
16,148,6,303,297,48
9,443,294,12,657,322
30,24,404,466,733,1064
10,40,181,341,59,8
47,155,1,187,93,323
2,35,179,1559,383,1142
14,376,517,1056,18,808
8,68,4,183,284,69
2,35,2,247,745,990
25,65,76,230,605,244
4,716,102,7,1026,296
9,25,9,45,461,190
3,68,117,200,136,488
15,99,49,76,241,381
4,155,82,59,1434,254
3,402,1,104,127,799
2,77,73,352,1372,379
9,52,3,100,240,353
5,80,458,13,290,227
4,86,64,273,28,264
2,58,69,94,16,233
3,1,67,103,238,198
27,137,121,270,6,75
1,111,75,36,71,354
8,143,140,138,371,667
1,66,165,620,139,549
4,151,20,10,225,984
31,40,99,13,966,532
4,4,2,216,270,444
6,27,560,38,215,926
5,483,154,305,582,750
6,294,367,116,210,1240
12,70,36,127,159,366
1,91,166,1,73,95
1,69,3,1003,365,961
17,55,5,271,1147,146
4,75,128,73,19,510
2,4,258,632,404,156
1,106,224,402,665,321
4,4,8,1421,89,153
2,138,596,21,165,222
3,91,79,127,934,25
19,115,210,406,129,121
5,192,65,523,146,413
13,79,94,847,96,557
2,46,133,19,127,48
13,226,760,121,273,904
5,178,285,123,434,315
3,80,257,627,296,55
40,12,511,113,392,114
4,174,119,490,115,681
1,71,282,669,644,189
3,180,18,488,318,393
11,85,70,406,136,425
40,162,58,193,318,338
1,352,35,63,106,142
19,229,839,1248,648,106
2,23,28,18,294,453
1,100,48,121,11,183
28,373,386,384,118,66
0,19,8,15,480,842
2,25,754,655,442,758
53,18,469,157,88,787
1,107,157,380,169,185
2,129,203,4,44,77
44,57,100,330,425,8
4,13,108,458,370,540
23,1,192,12,801,57
1,41,67,81,258,872
7,26,196,9,206,262
7,118,202,207,408,1149
37,108,46,346,741,15
4,85,312,372,1089,23
3,12,100,419,752,161
15,259,351,362,161,431
2,170,277,136,31,525
6,227,222,570,66,409
8,4,48,59,145,301
0,730,784,143,553,47
24,110,142,198,83,467
6,12,48,167,212,995
4,42,34,436,359,16
120,134,188,789,636,384
40,84,286,253,133,269
3,26,87,778,454,1899
1,230,398,443,833,748
45,533,181,319,187,830
0,107,16,110,185,161
13,4,633,9,136,720
7,52,49,671,422,381
15,222,75,236,101,235
76,42,161,90,76,81
17,550,10,109,5,363
3,173,458,82,905,316
4,40,261,32,51,169
1,70,135,423,20,25
3,114,13,116,530,247
38,5,183,418,365,36
14,109,47,328,28,241
1,244,4,493,315,56
22,60,54,3,81,85
7,17,8,1160,1480,707
2,53,20,53,99,180
4,94,11,19,194,153
155,259,6,68,137,573
6,380,146,474,265,109
4,105,62,457,954,1
6,82,26,335,960,670
20,19,109,197,941,744
1,496,42,848,180,512
52,9,232,164,705,556
7,113,5,28,580,1591
7,8,45,24,494,1056
16,218,5,205,997,961
5,73,113,60,103,529
4,64,68,319,78,704
11,109,192,108,484,345
10,105,254,141,620,205
4,35,2,205,357,372
12,79,139,1,806,564
6,21,91,9,452,1226
11,268,99,38,69,1043
2,52,24,71,254,569
26,6,96,44,20,559
4,10,30,78,424,212
13,8,11,543,142,171
12,50,50,129,122,290
17,2,24,43,82,25
9,166,30,373,149,43
2,164,254,8,94,24
2,30,84,201,82,816
13,8,19,557,167,396
7,13,587,116,1416,5
1,16,175,139,21,21
30,78,734,313,223,96
3,46,35,869,803,214
1,21,591,20,63,362
49,8,361,353,355,1540
2,237,905,418,86,118
30,25,16,1004,791,139
1,498,897,292,35,870
4,63,365,401,6,833
7,9,153,339,172,309
13,142,41,77,280,98
0,35,509,1204,71,834
9,19,201,543,228,16
10,73,304,55,145,312
23,28,107,974,116,40
0,41,30,172,376,368
32,77,131,636,399,331
3,197,654,34,322,10
34,54,128,312,99,211
3,123,22,992,242,671
1,19,8,84,118,185
2,0,9,33,275,879
10,96,84,536,217,293
3,89,448,368,170,1153
1,192,340,49,69,755
1,9,112,302,945,320
41,318,51,370,1042,10
14,4,134,290,1062,353
6,109,166,618,465,177
5,56,131,108,411,658
0,63,85,465,306,40
5,18,179,288,300,11
144,48,200,268,52,89
7,225,35,481,5,2
9,47,54,222,523,178
2,13,6,39,70,303
113,649,245,67,160,66
78,293,53,103,833,139
13,122,1,1049,76,796
1,268,70,226,9,979
5,6,13,89,685,23
44,53,101,150,559,293
2,154,37,378,199,71
2,49,389,151,824,144
7,307,5,14,110,488
5,117,307,162,425,789
4,54,489,4,67,254
40,1008,553,517,559,249
1,33,71,82,258,708
2,340,238,170,234,265
1,8,66,332,853,389
5,101,51,123,632,900
23,20,453,263,1130,30
21,98,261,531,1362,1152
66,4,10,205,30,27
13,997,163,1243,399,107
24,9,792,4,266,239
0,20,374,277,25,165
2,79,11,74,495,319
0,221,17,98,865,379
10,467,99,128,325,725
9,164,139,259,113,681
7,7,57,146,49,187
2,38,68,21,117,18
3,139,258,89,203,1572
4,128,116,37,1235,136
41,2,4,385,131,1157
5,23,2,441,33,440
10,165,52,68,383,585
7,49,135,74,67,282
2,21,304,263,1,1244
6,48,549,121,1497,595
2,21,5,465,599,75
6,69,74,155,408,953
1,15,548,196,224,444
58,115,82,367,399,952
2,176,60,460,1337,466
56,74,109,351,514,477
7,88,154,558,63,203
4,474,68,688,689,1388
22,523,443,318,185,798
3,9,470,63,243,921
32,199,385,74,66,338
3,39,83,377,244,16
1,339,458,293,2,137
2,306,674,297,1222,805
9,384,266,19,386,334
14,109,175,116,387,75
58,96,5,5,251,1226
29,517,260,182,1287,687
9,55,32,21,1553,587
10,509,580,80,463,844
18,34,115,3,168,473
4,4,283,493,151,170
69,14,332,51,939,763
15,194,916,41,35,966
3,94,117,66,5,593
15,463,169,654,37,547
63,66,146,304,119,169
2,120,42,783,297,495
536,410,374,291,123,2
5,7,44,11,555,704
1,157,73,352,36,859
23,61,11,108,10,357
11,334,41,195,148,288
4,50,425,802,1576,17
53,178,37,10,862,507
15,152,25,39,141,40
3,81,83,89,312,355
2,203,26,28,277,438
2,103,205,475,43,164
6,35,24,169,221,654
2,17,7,94,709,532
6,22,489,276,347,1123
32,216,13,910,150,129
1,132,135,195,34,796
9,51,93,598,857,908
31,241,493,622,157,31
8,31,18,243,17,54
2,5,87,14,34,11
54,99,175,1275,96,1227
1,1,1372,123,227,371
5,20,133,45,44,123
1,1,19,217,295,434
1,273,257,674,538,13
1,112,28,509,300,121
19,55,270,221,297,199
3,61,413,23,646,756
25,202,16,542,161,116
2,244,5,240,110,1469
8,50,318,1,834,13
46,105,60,2,226,134
1,149,850,992,56,1407
57,233,24,77,4,149
2,93,68,4,879,51
5,39,361,446,173,30
17,40,26,118,336,17
39,222,158,1219,138,520
5,243,29,105,94,277
21,1,49,16,16,500
3,172,157,22,513,104
6,197,51,49,256,31
0,120,26,480,339,915
0,181,240,520,309,352
1,46,208,149,379,301
5,29,206,65,365,348
6,18,148,50,57,406
17,79,265,1,31,191
6,15,4,422,30,35
4,215,127,410,102,209
6,171,6,158,737,288
0,31,233,327,124,864
30,112,15,469,3,41
38,34,59,178,137,739
1,67,522,249,140,428
2,16,565,136,31,519
26,87,33,41,13,41
12,82,90,22,516,622
2,204,729,253,175,282
39,40,15,437,372,821
12,259,156,89,552,226
1,14,9,305,95,1315
7,223,414,46,589,551
5,47,225,405,43,672
72,317,427,790,374,606
3,324,57,23,2,16
30,42,59,160,95,129
2,42,508,155,156,170
23,98,267,983,901,502
2,103,129,136,182,44
24,19,183,266,982,642
1,46,8,288,18,132
5,12,118,329,98,561
8,534,78,1151,191,785
8,193,34,568,405,458
10,119,47,46,31,139
34,25,117,477,427,710
11,65,5,231,2,796
1,142,145,877,1010,819
80,7,270,263,107,75
43,2,173,439,635,563
29,40,346,35,58,848
2,32,243,282,145,100
118,4,292,326,728,235
6,44,124,81,40,33
3,442,181,89,83,570
1,198,33,151,72,1105
10,127,410,344,566,314
1,297,606,47,447,390
2,91,45,35,2,318
24,60,412,809,164,673
119,113,489,347,177,194
2,7,116,144,288,62
4,0,58,125,994,219
5,245,26,38,407,449
4,61,38,443,339,603
8,160,8,306,273,788
13,98,100,381,423,2
1,15,62,319,1523,680
12,36,38,20,202,786
2,19,1,32,2,559
5,286,157,618,290,378
1,43,15,114,87,179
21,3,191,457,264,460
51,44,112,161,88,527
7,416,536,614,44,420
1,4,1044,881,375,32
8,158,122,216,333,334
17,2,72,143,231,42
4,31,25,355,83,865
2,3,156,25,502,527
11,80,33,480,442,316
2,197,252,258,1163,1277
18,189,215,136,24,1645
1,288,175,29,168,573
1,35,55,713,325,548
17,12,199,97,845,950
111,180,303,106,274,774
4,38,43,43,443,455
42,65,187,94,271,84
10,8,318,471,100,273
3,70,100,710,34,120
27,56,34,241,24,123
17,12,8,76,184,1060
18,230,279,412,632,86
1,4,52,742,43,632
23,66,771,455,931,314
2,9,36,87,33,6
6,7,106,465,4,514
3,772,57,739,391,1481
50,187,264,143,40,423
25,224,87,240,356,885
3,0,501,68,341,160
22,6,407,281,258,65
0,156,55,1578,449,112
98,8,5,563,163,11
11,299,60,178,414,912
5,60,532,234,1514,464
61,213,31,211,540,525
0,83,14,70,1179,494
14,127,75,447,606,325
3,92,120,712,811,573
2,418,191,988,273,525
2,17,113,92,280,319
38,69,269,172,1302,18
2,18,78,513,12,93
9,115,585,17,476,77
33,76,89,206,162,201
2,12,146,30,387,603
95,613,627,149,765,1272
13,4,345,36,418,393
2,16,524,107,237,1424
3,94,54,86,225,678
3,24,110,605,102,316
20,370,500,161,868,796
208,22,184,10,376,323
10,15,248,745,617,511
1,131,59,635,675,922
63,22,390,237,40,1016
2,80,29,0,670,152
12,60,474,265,460,215
1,16,54,51,78,561
2,79,611,989,158,763
1,5,388,453,13,314
12,134,84,37,190,686
36,69,71,153,99,175
91,33,142,545,19,678
14,61,227,309,274,142
78,68,24,78,52,223
10,205,57,1,88,924
71,6,796,143,219,769
1,280,56,69,37,2
8,2,56,156,329,632
98,310,266,161,772,155
72,66,203,612,747,312
1,19,179,9,187,87
4,114,231,4,246,363
3,71,188,293,267,124
4,117,527,14,147,351
1,11,89,154,567,266
14,546,943,247,225,779
17,276,174,393,292,540
1,11,116,15,976,428
16,4,30,88,393,273
3,65,17,797,438,1039
13,15,5,89,579,602
14,35,32,107,143,851
0,601,355,24,326,447
9,16,586,67,15,756
11,194,340,149,81,734
1,109,9,139,118,317
4,34,88,66,614,470
1,256,273,110,15,312
19,164,645,193,209,425
6,541,76,173,921,196
1,162,367,360,637,279
3,54,346,524,475,249
3,146,23,22,478,1309
1,67,140,929,216,723
11,51,92,231,118,547
8,53,114,185,233,227
3,135,542,969,102,413
46,323,280,432,421,761
2,13,436,167,17,319
0,24,32,915,454,77
3,235,182,12,198,1656
3,44,70,235,207,191
13,0,56,674,436,61
2,6,398,3,26,513
87,253,91,587,78,559
1,39,73,959,1578,603
10,9,11,377,401,321
2,5,37,23,1238,1539
18,103,2,382,117,710
40,10,410,483,326,533
16,52,1040,512,38,116
3,104,62,26,146,1007
25,110,7,687,567,872
60,6,30,655,68,222
4,59,143,625,293,969
32,48,20,368,43,254
2,4,245,482,158,117
7,6,121,62,297,908
33,547,59,65,6,154
3,99,544,291,285,465
5,14,385,51,304,488
13,48,13,2,1883,269
1,74,186,63,139,124
16,116,19,10,858,261
2,568,49,20,1146,30
1,235,25,44,180,986
9,8,372,324,200,467
8,74,4,369,128,5
47,184,470,423,560,77
25,5,507,566,53,579
38,126,52,713,426,148
3,116,114,159,958,363
16,5,95,419,513,271
25,31,521,125,54,224
2,586,176,108,623,1455
30,78,45,620,350,339
3,73,465,262,1396,1591
8,291,95,670,16,167
3,116,213,44,184,304
1,24,30,286,65,828
20,43,13,48,54,730
2,224,174,164,71,306
6,46,20,270,162,61
9,717,132,121,1753,959
11,407,182,121,215,520
1,36,63,315,465,237
16,444,211,932,650,504
2,28,54,579,265,1466
18,3,356,1039,1182,759
2,37,948,426,77,738
0,32,50,993,580,54
0,65,9,31,36,400
2,189,569,522,204,5
1,17,96,74,572,181
12,145,15,17,685,1294
2,54,90,248,118,1468
5,102,39,13,128,8
7,4,168,169,359,346
4,55,49,102,724,39
22,4,202,38,348,655
4,73,49,160,714,1
3,1,454,260,189,334
17,214,54,209,90,238
7,7,272,538,251,80
5,123,81,1,1,59
6,88,146,1071,459,505
0,3,198,676,985,1344
11,13,174,865,307,151
8,38,3,287,21,381
30,401,84,364,807,507
7,427,136,14,509,27
4,3,105,451,1282,408
4,100,666,93,359,252
2,177,236,163,49,237
54,55,19,629,814,150
4,93,762,1205,267,957
1,10,767,51,134,408
67,33,1,293,86,91
4,215,16,24,901,432
2,261,147,240,26,251
15,513,144,10,357,254
6,482,123,571,319,949
8,206,193,10,116,396
6,6,35,474,403,340
2,43,313,105,28,295
0,93,274,129,967,1125
3,24,61,573,34,41
10,493,178,657,544,1415
2,182,48,173,71,1123
4,222,118,111,247,414
7,213,87,128,66,140
4,26,31,104,432,1791
39,29,163,149,11,686
8,109,78,461,510,25
171,422,757,137,377,302
82,29,420,414,400,1036
2,4,28,85,383,215
21,135,391,329,231,639
88,6,313,787,280,181
19,52,91,13,215,893
4,248,191,143,835,196
7,255,1,489,1171,1119
74,182,152,70,65,1198
4,58,336,151,866,157
8,7,215,20,529,2
34,0,11,82,327,907
5,168,5,226,235,1435
5,693,220,363,740,961
0,575,42,121,67,865
19,573,588,96,164,1029
31,99,173,65,759,107
2,83,69,1100,1275,175
46,81,135,420,236,772
2,18,1104,27,221,18
3,212,413,265,226,717
84,360,224,255,591,481
5,418,742,227,712,1098
24,64,185,964,6,1228
178,125,210,285,1065,214
5,142,721,25,264,120
23,275,57,318,852,917
14,52,24,266,150,145
1,154,181,73,320,1601
2,81,551,85,46,157
4,3,169,286,24,1336
7,110,431,285,618,299
4,36,44,282,616,426
15,21,70,128,124,104
96,274,337,374,954,550
2,123,13,26,638,231
3,9,222,122,8,15
5,22,111,72,164,81
1,132,113,478,275,548
4,417,263,49,2,378
1,24,120,184,327,493
2,1,376,477,632,36
9,377,29,121,606,170
11,110,89,39,948,268
14,589,19,443,132,9
17,221,387,223,642,25
1,60,17,109,18,67
1,73,178,109,886,1167
2,51,409,62,308,791
3,11,108,651,108,594
6,66,277,228,808,515
69,209,38,923,108,483
14,72,568,65,114,215
3,98,64,72,116,221
1,20,14,29,848,372
3,315,180,182,196,10
5,171,446,131,168,1315
34,40,35,88,214,172
18,22,505,1315,123,233
2,266,136,16,191,349
67,491,181,199,244,390
1,125,59,175,142,426
14,75,178,238,382,353
1,24,45,68,533,104
8,14,235,122,81,403
2,8,420,291,463,643
3,76,255,723,51,864
15,88,13,39,6,31
1,447,377,1015,1192,948
8,76,146,1167,130,674
6,64,52,310,220,1276
1,122,369,510,522,542
10,150,37,456,81,155
66,42,132,273,201,730
3,63,359,141,1124,59
2,13,14,137,10,371
2,509,611,469,514,592
26,113,190,456,625,427
15,33,159,433,468,437
11,100,205,546,845,620
7,22,88,122,1514,13
28,19,46,15,230,132
8,189,783,383,60,192
15,236,166,1022,394,263
9,208,279,60,19,483
11,112,307,621,4,120
2,2,62,114,56,605
6,257,30,617,362,368
16,82,519,297,128,211
25,54,4,298,47,122
21,27,34,800,354,1236
11,28,9,625,239,389
15,49,42,83,254,11
25,59,311,285,14,248
1,36,89,167,124,23
21,297,667,9,515,21
18,106,279,1122,145,250
1,6,178,844,582,33
66,146,223,1706,719,671
5,241,219,222,209,1015
2,237,333,184,1179,333
80,2,227,31,387,519
5,202,166,669,1219,669
12,59,402,73,610,337
25,281,364,535,14,63
12,26,1408,118,498,290
38,10,794,309,677,89
2,43,326,94,201,1040
3,179,11,83,556,559
1,109,56,87,461,66
12,269,453,310,265,522
17,823,5,527,137,717
5,68,125,414,415,402
2,3,41,382,39,82
2,84,5,421,190,387
6,39,309,939,365,1040
33,31,229,4,58,134
5,328,54,954,1068,139
1,1,42,395,988,1133
4,4,42,193,311,581
13,241,105,314,190,1359
9,122,9,604,641,10
2,415,562,61,59,203
6,31,29,344,94,54
1,405,44,483,247,223
1,74,179,74,307,124
50,7,223,73,875,162
7,91,25,39,346,29
5,745,78,138,101,145
16,93,75,60,697,39
1,62,505,3,283,248
26,120,467,93,225,440
9,413,217,729,399,11
1,10,285,40,700,164
3,31,37,95,232,734
2,9,4,305,77,253
13,484,50,44,53,486
10,68,764,679,532,556
17,71,250,173,148,1240
8,2,60,63,36,167
3,15,115,3,887,1411
25,45,753,2074,493,1551
3,70,335,240,107,12
6,15,14,119,445,1592
1,44,193,119,303,477
4,34,35,336,1,98
1,262,275,22,1022,108
10,31,15,21,453,96
80,68,33,178,770,327
6,156,23,32,552,1
9,261,533,561,600,54
0,2,73,86,536,13
6,27,110,548,198,1
4,131,2,86,453,601
2,258,672,14,402,270
6,95,20,34,673,125
28,34,33,250,354,398
3,0,182,331,182,392
3,8,605,513,352,9
3,82,63,672,65,57
24,12,127,180,490,932
9,49,11,148,353,518
3,731,297,171,136,541
0,354,69,184,188,914
4,40,42,584,36,1406
1,72,521,123,236,141
49,46,71,354,718,41
10,5,748,29,383,806
8,215,155,22,1376,425
1,23,95,195,169,438
7,148,41,657,120,441
1,29,352,46,60,3
51,48,215,55,49,47
12,160,230,106,61,409
2,8,1645,947,166,689
17,153,85,77,250,109
3,102,14,203,921,35
1,21,280,889,793,754
4,413,198,101,257,128
7,298,235,214,171,250
2,211,18,59,285,681
13,220,908,590,14,691
2,12,38,151,54,160
4,74,5,153,363,56
6,155,71,580,133,397
8,73,351,138,45,928
21,10,274,342,349,1639
3,218,63,149,411,101
3,186,179,807,183,24
9,198,828,9,103,432
2,207,19,61,333,37
2,30,234,95,749,151
3,126,56,82,68,163
6,27,304,618,258,95
5,118,13,122,723,31
2,278,320,335,1201,758
22,136,20,226,70,620
0,100,56,28,69,1046
5,2,302,11,234,722
2,304,62,37,244,820
8,18,13,821,261,86
47,114,102,110,534,19
4,637,9,64,504,264
2,70,56,5,101,164
12,73,220,89,13,429
11,107,770,294,143,414
25,57,246,178,847,483
32,129,128,338,231,455
3,236,13,298,140,565
9,286,285,461,713,322
15,662,146,40,1152,117
3,11,4,209,714,1
5,23,252,246,3,879
10,11,60,133,6,2
14,197,2,317,814,506
2,257,76,53,33,196
5,18,10,583,34,71
1,88,31,10,320,369
1,107,70,12,33,605
3,147,51,28,132,297
13,143,349,25,1177,287
10,211,96,286,778,608
13,78,231,82,239,967
4,32,264,440,440,287
12,34,26,211,201,201
3,23,179,248,783,18
89,47,662,858,766,56
144,4,29,221,255,398
18,400,861,13,372,40
66,173,1,209,68,232
4,26,43,105,123,31
40,192,188,635,1212,212
3,18,2,464,36,677
1,106,88,586,335,101
15,65,73,33,1211,31
109,336,264,418,96,841
12,659,236,9,6,177
50,628,298,18,44,335
8,1,224,300,180,1334
14,124,49,276,266,43
5,175,115,59,197,192
92,225,72,406,307,387
3,16,512,48,10,161
3,115,47,293,459,34
1,46,5,128,699,25
1,175,305,10,52,55
6,62,87,190,442,534
4,5,117,393,806,209
56,421,126,1285,1178,546
27,5,200,218,33,595
3,54,113,369,1126,515
72,45,370,22,302,188
4,48,270,34,41,960
8,72,189,475,495,304
6,325,15,1312,777,1580
5,31,90,602,122,456
36,74,374,1,1065,124
2,70,321,325,344,834
6,45,48,529,1265,1974
4,317,508,501,91,457
11,213,182,539,48,141
8,49,44,45,32,561
10,29,503,66,402,583
11,14,229,29,29,356
1,12,278,988,175,374
22,247,49,409,680,130
7,8,49,66,17,105
7,36,97,102,3,843
42,309,200,93,1897,915
1,47,328,149,743,167
25,38,13,134,178,43
3,13,60,592,493,722
10,303,418,247,88,163
1,30,1,0,69,6
1,328,498,120,113,796
45,62,39,51,249,1343
3,351,66,514,367,1391
2,39,134,531,44,95
2,10,355,162,320,1080
5,461,176,347,316,45
4,164,225,29,100,23
9,216,185,41,92,26
4,116,33,197,4,103
9,45,279,15,85,1297
9,37,169,148,551,13
4,345,111,184,768,136
8,171,58,252,650,86
3,37,166,49,37,187
32,442,69,38,466,915
2,69,127,424,157,232
7,262,894,501,605,77
25,9,312,593,55,1255
1,60,78,119,360,69
0,59,2,18,125,1249
56,177,202,294,191,822
61,61,266,711,384,63
5,28,407,162,8,566
3,182,511,715,396,214
9,56,454,199,1133,391
11,22,275,549,288,859
8,108,2,120,81,929
13,2,192,270,358,874
26,26,63,147,760,277
23,105,406,35,284,67
0,102,6,3,824,447
6,21,165,15,263,21
3,237,321,474,3,473
0,25,15,157,76,52
1,38,42,370,917,39
2,13,36,67,623,57
13,67,173,19,235,443
4,44,98,137,532,12
9,73,264,264,175,360
34,48,405,64,178,211
2,68,366,515,180,373
21,43,27,64,13,242
2,28,195,404,406,410
147,3,238,93,451,1143
5,15,6,35,86,72
18,14,34,841,171,191
11,322,26,179,141,31
2,107,289,217,20,441
31,123,42,119,205,2
15,13,25,421,404,316
10,165,89,180,670,1116
3,90,8,65,197,93
29,36,26,165,257,18
1,233,41,396,1729,69
5,50,24,153,295,31
1,102,281,269,670,1462
60,7,528,18,192,1199
54,122,320,223,34,847
25,132,874,128,401,202
2,70,779,376,1784,248
7,48,273,486,259,858
10,23,204,155,269,640
5,23,113,423,720,144
24,7,199,479,7,419
32,68,142,2,76,246
8,175,115,268,673,91
1,490,105,257,671,85
28,95,426,213,120,187
6,76,439,207,581,358
3,20,370,273,198,493
24,344,46,619,6,463
7,63,162,50,805,370
2,280,393,432,47,771
13,11,18,11,23,127
6,7,7,180,1005,3
2,11,21,145,687,509
39,332,358,486,12,841
7,43,42,776,270,50
2,50,444,437,94,52
2,178,173,407,844,11
5,32,80,434,748,1266
20,165,317,12,425,545
2,10,252,119,124,43
0,211,123,643,82,723
1,655,181,813,139,531
8,115,8,22,363,12
2,40,26,422,964,41
144,417,290,1256,750,39
5,154,895,48,437,567
2,8,32,499,430,513
25,59,36,649,463,781
1,103,240,718,74,304
9,206,39,350,96,105
98,75,246,207,614,747
4,53,13,24,1010,119
2,122,28,56,454,741
7,83,61,33,118,796
13,32,187,273,84,27
1,88,671,176,350,749
1,39,3,266,206,164
3,104,90,101,394,781
4,82,308,797,721,955
28,21,224,105,59,36
13,175,316,301,559,1116
23,262,653,195,309,399
12,57,226,859,650,205
11,26,198,37,556,165
4,300,328,167,597,190
5,124,36,281,1451,67
3,179,23,157,448,14
35,207,52,123,31,878
6,15,196,591,235,473
18,10,180,6,773,145
18,96,82,922,949,303
14,198,283,222,680,145
4,18,19,453,195,29
2,55,132,298,465,291
6,65,326,9,155,1355
3,121,37,188,56,115
14,587,127,420,964,78
3,322,322,91,139,132
14,154,56,173,53,727
43,43,56,162,227,182
9,546,153,18,631,75
10,58,168,304,61,449
5,121,994,48,767,24
6,2,55,949,370,700
7,6,94,195,107,436
19,95,362,406,706,264
3,224,207,250,742,469
4,123,56,111,13,207
3,23,15,5,58,40
18,116,51,349,294,172
1,21,195,463,207,884
8,15,24,4,19,69
12,25,65,1,675,487
5,3,43,1311,983,382
5,405,319,40,80,27
9,28,300,155,567,921
20,6,6,21,341,304
11,15,254,4,32,553
1,39,86,192,68,665
8,74,34,438,204,84
4,52,118,520,364,1158
1,209,122,254,49,1112
5,484,941,5,282,212
4,413,872,400,251,2
38,415,349,892,61,51
14,337,300,645,523,686
2,500,249,132,964,310
3,23,190,176,295,165
23,379,226,332,295,976
5,595,2,154,106,740
8,38,442,389,287,274
5,20,11,69,972,16
4,252,207,76,145,242
3,0,516,44,1212,700
7,20,318,23,41,216
0,44,30,45,437,4
7,70,59,159,8,838
25,68,406,116,546,121
4,179,204,12,613,452
4,74,230,178,420,21
2,4,87,547,136,926
4,45,908,44,338,167
30,10,146,115,493,544
2,1,66,222,165,128
20,36,63,22,177,45
6,68,643,80,269,157
85,152,4,86,352,14
1,51,190,360,156,19
1,118,390,617,651,1080
50,353,143,108,388,368
2,229,66,180,51,248
0,42,64,752,481,579
5,69,478,202,1174,51
1,145,37,91,46,513
16,231,279,4,484,141
55,47,856,167,15,885
31,77,483,71,554,434
0,188,203,742,97,54
7,20,47,610,66,50
24,27,30,89,702,48
1,107,19,46,595,146
31,63,20,247,32,208
1,54,446,107,411,257
36,8,36,111,34,46
58,75,289,594,267,342
2,25,99,476,73,257
23,104,74,220,940,14
13,113,210,73,567,281
7,135,128,64,9,218
19,8,31,76,594,559
18,565,45,68,156,440
1,154,248,244,519,352
1,69,461,495,54,180
31,31,18,33,246,526
77,319,691,43,790,816
2,16,224,14,177,29
11,129,11,645,52,179
24,26,67,219,1,129
4,436,499,533,73,1088
6,1,121,281,138,1021
2,7,52,261,569,868
1,5,136,990,480,65
7,2,16,33,137,202
45,83,217,378,584,544
4,24,139,474,0,81
3,222,278,169,284,482
11,5,247,596,97,237
83,96,205,329,60,22
2,185,544,86,446,137
16,39,223,683,452,112
4,30,78,41,2,688
25,16,11,16,68,607
3,100,38,133,152,20
2,947,78,57,110,1443
25,17,85,1140,190,97
10,535,45,269,327,209
2,188,81,27,484,37
1,329,11,1224,435,59
49,99,559,518,576,632
1,24,146,804,207,125
1,79,128,475,531,91
3,263,49,189,146,543
39,5,128,201,178,562
1,279,113,362,3,61
7,48,237,173,202,288
9,99,14,26,540,144
40,15,52,94,1061,10
4,55,233,128,868,42
35,43,1,787,204,562
61,185,161,82,231,180
12,109,490,555,12,421
96,19,44,116,875,376
6,7,2,487,102,120
19,109,226,59,50,21
4,24,472,104,866,89
23,43,104,44,441,84
10,31,26,15,674,877
0,110,140,12,16,62
1,6,253,75,20,369
2,94,305,360,95,219
6,10,211,227,14,277
1,115,41,54,101,206
22,26,252,94,53,95
23,86,0,97,810,41
16,170,124,58,902,1240
1,342,401,72,65,143
7,7,25,20,404,960
5,19,13,273,446,315
2,52,2,166,177,166
2,104,172,757,629,346
34,28,13,238,407,391
9,76,154,7,1140,502
60,4,68,293,177,463
6,75,18,207,213,201
2,251,88,95,300,12
1,43,9,402,189,365
45,129,213,33,506,262
41,26,170,155,148,127
7,11,67,0,78,87
5,427,54,359,326,3
6,2,8,424,195,918
4,32,10,14,493,152
3,7,185,862,654,1176
85,43,71,501,62,640
11,246,72,52,279,269
2,7,25,54,336,31
6,79,145,56,64,293
19,1,20,3,424,210
14,6,345,168,479,171
9,43,379,994,994,945
0,341,8,5,701,521
19,359,292,401,154,481
18,18,677,288,273,1
2,16,19,71,78,30
0,140,78,49,493,132
2,16,139,741,322,447
4,40,49,40,65,32
1,97,205,49,467,84
10,54,46,27,207,236
6,36,96,29,11,189
11,65,148,342,177,586
3,546,169,50,840,255
2,148,110,94,380,1008
24,370,495,400,75,83
5,41,357,134,1076,501
32,50,13,84,46,640
13,224,29,277,10,311
6,26,932,234,28,746
54,220,140,216,354,1491
19,56,88,381,498,222
25,89,62,669,60,62
5,6,38,145,544,382
15,2,824,92,840,1139
2,98,25,457,77,1407
52,15,139,970,15,101
7,28,12,1006,331,68
1,49,152,112,101,80
4,11,101,78,260,447
0,89,47,475,11,1161
2,24,79,462,461,1
3,28,24,14,207,829
1,32,614,233,12,35
5,105,97,429,318,1018
6,11,360,1057,2,926
2,7,124,310,623,501
2,16,239,97,92,463
3,19,130,3,394,566
2,132,59,88,230,108
34,285,129,484,304,820
4,15,274,315,989,242
6,22,170,338,245,577
81,107,228,210,44,220
2,11,183,22,800,448
3,117,34,36,8,64
79,90,126,247,333,132
2,18,490,509,452,935
11,46,19,128,687,125
4,17,657,126,611,863
32,21,44,34,445,871
1,248,41,21,645,930
12,29,152,418,60,52
3,71,839,258,80,380
2,43,12,106,45,467
1,17,124,588,19,687
48,120,11,44,387,94
7,12,115,127,16,110
1,288,188,220,93,162
6,51,917,191,774,31
4,4,89,1,155,192
77,30,52,377,130,174
92,139,1311,671,914,405
1,48,135,9,2,779
2,181,679,300,34,406
0,29,13,159,78,544
7,14,16,216,640,1079
5,78,217,26,386,175
20,317,3,82,328,377
3,283,558,698,295,641
5,389,22,85,196,665
1,3,153,133,198,5
2,34,514,101,826,193
4,405,243,179,89,646
3,85,26,130,120,140
93,230,2,581,14,1052
3,279,682,67,72,497
2,7,66,121,1423,106
5,382,87,107,355,4
1,57,33,18,645,256
3,4,244,208,45,31
2,44,23,3,613,5
9,245,132,680,658,204
3,76,152,681,591,1129
1,4,146,384,349,174
12,60,165,258,494,1237
125,329,132,455,308,167
2,475,491,319,314,167
3,27,7,99,864,754
21,235,105,20,266,6
4,69,91,694,309,1243
2,2,83,99,221,806
2,79,102,106,167,4
2,229,90,300,662,920
12,115,2,38,115,560
33,24,0,385,114,114
9,97,198,40,294,186
33,47,103,20,409,41
4,109,242,171,36,769
2,112,62,176,204,83
5,62,54,121,85,166
10,14,3,110,477,50
3,318,234,174,519,285
1,60,29,477,23,475
3,169,962,393,638,1476
16,192,194,70,731,242
4,77,148,855,425,207
14,176,95,318,413,1200
7,86,274,60,100,1235
14,32,46,186,185,999
9,185,224,74,317,1359
19,21,391,123,163,775
67,119,50,20,189,482
37,196,256,352,437,232
3,69,510,533,97,970
2,20,294,7,377,216
59,1365,4,126,1463,1615
44,96,842,360,507,419
26,227,101,3,647,465
0,114,11,126,60,94
67,421,38,103,805,1095
21,260,711,271,351,36
0,80,63,406,556,469
26,196,94,300,271,688
7,10,208,347,21,550
1,482,12,259,1431,255
2,491,84,924,879,290
23,652,413,93,179,274
1,8,6,399,662,871
5,32,39,18,1034,22
0,63,36,1054,37,18
6,3,62,138,85,3
4,184,316,386,359,1007
3,114,53,263,172,187
1,60,190,38,398,812
2,57,294,277,237,478
9,78,46,309,13,193
6,68,378,44,525,41
29,62,425,73,19,320
34,232,84,284,331,456
0,8,62,154,303,227
2,69,21,138,25,135
8,297,104,74,437,652
1,6,43,10,93,149
161,19,172,129,894,551
3,46,408,686,105,221
51,60,0,162,18,547
5,4,25,830,87,51
5,326,138,415,24,49
5,130,13,47,11,126
30,98,13,185,440,281
