0,perf,type
0.9609756097560975,acc,Original
98.44961240310077,sens,Original
92.10526315789474,spec,Original
95.48872180451127,ppv,Original
97.22222222222221,npv,Original
0.9918940254539154,auc,Original
0.9609756097560975,acc,Original
97.70992366412213,sens,Original
93.24324324324324,spec,Original
96.2406015037594,ppv,Original
95.83333333333334,npv,Original
0.996303213508674,auc,Original
0.9658536585365853,acc,Original
98.46153846153847,sens,Original
93.33333333333333,spec,Original
96.2406015037594,ppv,Original
97.22222222222221,npv,Original
0.9996726803627471,auc,Original
0.9707317073170731,acc,Original
97.03703703703704,sens,Original
97.14285714285714,spec,Original
98.49624060150376,ppv,Original
94.44444444444444,npv,Original
0.9922213450911681,auc,Original
0.9560975609756097,acc,Original
96.26865671641791,sens,Original
94.36619718309859,spec,Original
96.99248120300751,ppv,Original
93.05555555555556,npv,Original
0.9974392051909043,auc,Original
0.9707317073170731,acc,Original
97.03703703703704,sens,Original
97.14285714285714,spec,Original
98.49624060150376,ppv,Original
94.44444444444444,npv,Original
0.9927989679804378,auc,Original
0.9365853658536586,acc,Original
96.15384615384616,sens,Original
89.33333333333333,spec,Original
93.98496240601504,ppv,Original
93.05555555555556,npv,Original
0.9970926314573425,auc,Original
0.9658536585365853,acc,Original
99.21875,sens,Original
92.20779220779221,spec,Original
95.48872180451127,ppv,Original
98.61111111111111,npv,Original
0.99980745903691,auc,Original
0.9902439024390244,acc,Original
100.0,sens,Original
97.2972972972973,spec,Original
98.49624060150376,ppv,Original
100.0,npv,Original
0.9930877794250728,auc,Original
0.9804878048780488,acc,Original
99.23664122137404,sens,Original
95.94594594594594,spec,Original
97.74436090225564,ppv,Original
98.61111111111111,npv,Original
0.9933380826770895,auc,Original
0.9707317073170731,acc,Original
97.74436090225564,sens,Original
95.83333333333334,spec,Original
97.74436090225564,ppv,Original
95.83333333333334,npv,Original
0.9959951479677303,auc,Original
0.9658536585365853,acc,Original
100.0,sens,Original
91.13924050632912,spec,Original
94.73684210526315,ppv,Original
100.0,npv,Original
0.9993838689181123,auc,Original
0.9658536585365853,acc,Original
97.72727272727273,sens,Original
94.52054794520548,spec,Original
96.99248120300751,ppv,Original
95.83333333333334,npv,Original
0.9933573367733985,auc,Original
0.9707317073170731,acc,Original
99.2248062015504,sens,Original
93.42105263157895,spec,Original
96.2406015037594,ppv,Original
98.61111111111111,npv,Original
0.9966497872422357,auc,Original
0.9707317073170731,acc,Original
97.74436090225564,sens,Original
95.83333333333334,spec,Original
97.74436090225564,ppv,Original
95.83333333333334,npv,Original
0.9959566397751121,auc,Original
0.9707317073170731,acc,Original
97.74436090225564,sens,Original
95.83333333333334,spec,Original
97.74436090225564,ppv,Original
95.83333333333334,npv,Original
0.9936846564106513,auc,Original
0.9609756097560975,acc,Original
98.44961240310077,sens,Original
92.10526315789474,spec,Original
95.48872180451127,ppv,Original
97.22222222222221,npv,Original
0.9966690413385447,auc,Original
0.9560975609756097,acc,Original
96.96969696969697,sens,Original
93.15068493150685,spec,Original
96.2406015037594,ppv,Original
94.44444444444444,npv,Original
0.9979398116949381,auc,Original
0.9707317073170731,acc,Original
99.2248062015504,sens,Original
93.42105263157895,spec,Original
96.2406015037594,ppv,Original
98.61111111111111,npv,Original
0.9964957544717639,auc,Original
0.975609756097561,acc,Original
99.23076923076923,sens,Original
94.66666666666667,spec,Original
96.99248120300751,ppv,Original
98.61111111111111,npv,Original
0.9932803203881625,auc,Original
0.975609756097561,acc,Original
100.0,sens,Original
93.5064935064935,spec,Original
96.2406015037594,ppv,Original
100.0,npv,Original
0.9947243776113368,auc,Original
0.9560975609756097,acc,Original
98.4375,sens,Original
90.9090909090909,spec,Original
94.73684210526315,ppv,Original
97.22222222222221,npv,Original
0.9959373856788031,auc,Original
0.975609756097561,acc,Original
98.48484848484848,sens,Original
95.8904109589041,spec,Original
97.74436090225564,ppv,Original
97.22222222222221,npv,Original
0.9911046075052468,auc,Original
0.9609756097560975,acc,Original
96.99248120300751,sens,Original
94.44444444444444,spec,Original
96.99248120300751,ppv,Original
94.44444444444444,npv,Original
0.9952634923079885,auc,Original
0.9658536585365853,acc,Original
97.72727272727273,sens,Original
94.52054794520548,spec,Original
96.99248120300751,ppv,Original
95.83333333333334,npv,Original
0.9966497872422357,auc,Original
0.975609756097561,acc,Original
99.23076923076923,sens,Original
94.66666666666667,spec,Original
96.99248120300751,ppv,Original
98.61111111111111,npv,Original
0.9913356566609547,auc,Original
0.9512195121951219,acc,Original
96.2406015037594,sens,Original
93.05555555555556,spec,Original
96.2406015037594,ppv,Original
93.05555555555556,npv,Original
0.9928182220767469,auc,Original
0.9609756097560975,acc,Original
97.70992366412213,sens,Original
93.24324324324324,spec,Original
96.2406015037594,ppv,Original
95.83333333333334,npv,Original
0.9999422377110729,auc,Original
0.9560975609756097,acc,Original
96.96969696969697,sens,Original
93.15068493150685,spec,Original
96.2406015037594,ppv,Original
94.44444444444444,npv,Original
0.9973814429019775,auc,Original
0.9707317073170731,acc,Original
98.47328244274809,sens,Original
94.5945945945946,spec,Original
96.99248120300751,ppv,Original
97.22222222222221,npv,Original
0.996341721701292,auc,Original
0.9707317073170731,acc,Original
99.2248062015504,sens,Original
93.42105263157895,spec,Original
96.2406015037594,ppv,Original
98.61111111111111,npv,Original
0.9969193445905616,auc,Original
0.9463414634146341,acc,Original
96.92307692307692,sens,Original
90.66666666666666,spec,Original
94.73684210526315,ppv,Original
94.44444444444444,npv,Original
0.9977665248281572,auc,Original
0.9853658536585366,acc,Original
98.50746268656717,sens,Original
98.59154929577466,spec,Original
99.24812030075188,ppv,Original
97.22222222222221,npv,Original
0.9912393861794097,auc,Original
0.9707317073170731,acc,Original
100.0,sens,Original
92.3076923076923,spec,Original
95.48872180451127,ppv,Original
100.0,npv,Original
0.9960914184492751,auc,Original
0.9658536585365853,acc,Original
97.01492537313433,sens,Original
95.77464788732394,spec,Original
97.74436090225564,ppv,Original
94.44444444444444,npv,Original
0.9930107630398368,auc,Original
0.9707317073170731,acc,Original
97.74436090225564,sens,Original
95.83333333333334,spec,Original
97.74436090225564,ppv,Original
95.83333333333334,npv,Original
0.9913164025646456,auc,Original
0.9463414634146341,acc,Original
96.21212121212122,sens,Original
91.78082191780823,spec,Original
95.48872180451127,ppv,Original
93.05555555555556,npv,Original
0.9951287136338256,auc,Original
0.9658536585365853,acc,Original
97.01492537313433,sens,Original
95.77464788732394,spec,Original
97.74436090225564,ppv,Original
94.44444444444444,npv,Original
0.996206943027129,auc,Original
0.9609756097560975,acc,Original
96.29629629629629,sens,Original
95.71428571428572,spec,Original
97.74436090225564,ppv,Original
93.05555555555556,npv,Original
0.9943970579740841,auc,Original
0.975609756097561,acc,Original
98.48484848484848,sens,Original
95.8904109589041,spec,Original
97.74436090225564,ppv,Original
97.22222222222221,npv,Original
0.9953405086932244,auc,Original
0.926829268292683,acc,Original
94.02985074626866,sens,Original
90.14084507042254,spec,Original
94.73684210526315,ppv,Original
88.88888888888889,npv,Original
0.9994031230144214,auc,Original
0.9853658536585366,acc,Original
100.0,sens,Original
96.0,spec,Original
97.74436090225564,ppv,Original
100.0,npv,Original
0.9958411151972582,auc,Original
0.9560975609756097,acc,Original
96.96969696969697,sens,Original
93.15068493150685,spec,Original
96.2406015037594,ppv,Original
94.44444444444444,npv,Original
0.9957640988120222,auc,Original
0.9658536585365853,acc,Original
97.72727272727273,sens,Original
94.52054794520548,spec,Original
96.99248120300751,ppv,Original
95.83333333333334,npv,Original
0.9946088530334829,auc,Original
0.9658536585365853,acc,Original
97.01492537313433,sens,Original
95.77464788732394,spec,Original
97.74436090225564,ppv,Original
94.44444444444444,npv,Original
0.9941082465294492,auc,Original
0.9463414634146341,acc,Original
97.65625,sens,Original
89.6103896103896,spec,Original
93.98496240601504,ppv,Original
95.83333333333334,npv,Original
0.9973236806130504,auc,Original
0.9804878048780488,acc,Original
98.49624060150376,sens,Original
97.22222222222221,spec,Original
98.49624060150376,ppv,Original
97.22222222222221,npv,Original
0.9913934189498816,auc,Original
0.9560975609756097,acc,Original
95.58823529411765,sens,Original
95.65217391304348,spec,Original
97.74436090225564,ppv,Original
91.66666666666666,npv,Original
0.9950324431522807,auc,Original
0.975609756097561,acc,Original
98.48484848484848,sens,Original
95.8904109589041,spec,Original
97.74436090225564,ppv,Original
97.22222222222221,npv,Original
0.9930492712324547,auc,Original
0.9658536585365853,acc,Original
99.21875,sens,Original
92.20779220779221,spec,Original
95.48872180451127,ppv,Original
98.61111111111111,npv,Original
0.9947051235150277,auc,Original
0.9463414634146341,acc,Original
96.21212121212122,sens,Original
91.78082191780823,spec,Original
95.48872180451127,ppv,Original
93.05555555555556,npv,Original
0.9923368696690221,auc,Original
0.9512195121951219,acc,Original
96.2406015037594,sens,Original
93.05555555555556,spec,Original
96.2406015037594,ppv,Original
93.05555555555556,npv,Original
0.9955908119452413,auc,Original
0.9658536585365853,acc,Original
99.21875,sens,Original
92.20779220779221,spec,Original
95.48872180451127,ppv,Original
98.61111111111111,npv,Original
0.9959951479677301,auc,Original
0.9804878048780488,acc,Original
99.23664122137404,sens,Original
95.94594594594594,spec,Original
97.74436090225564,ppv,Original
98.61111111111111,npv,Original
0.9912008779867917,auc,Original
0.9804878048780488,acc,Original
98.49624060150376,sens,Original
97.22222222222221,spec,Original
98.49624060150376,ppv,Original
97.22222222222221,npv,Original
0.9954752873673874,auc,Original
0.9609756097560975,acc,Original
98.44961240310077,sens,Original
92.10526315789474,spec,Original
95.48872180451127,ppv,Original
97.22222222222221,npv,Original
0.9951864759227526,auc,Original
0.975609756097561,acc,Original
97.05882352941177,sens,Original
98.55072463768117,spec,Original
99.24812030075188,ppv,Original
94.44444444444444,npv,Original
0.9897568207636175,auc,Original
0.9658536585365853,acc,Original
97.72727272727273,sens,Original
94.52054794520548,spec,Original
96.99248120300751,ppv,Original
95.83333333333334,npv,Original
0.9918170090686793,auc,Original
0.9707317073170731,acc,Original
97.03703703703704,sens,Original
97.14285714285714,spec,Original
98.49624060150376,ppv,Original
94.44444444444444,npv,Original
0.9946088530334828,auc,Original
0.975609756097561,acc,Original
100.0,sens,Original
93.5064935064935,spec,Original
96.2406015037594,ppv,Original
100.0,npv,Original
0.9942045170109941,auc,Original
0.9609756097560975,acc,Original
95.62043795620438,sens,Original
97.05882352941177,spec,Original
98.49624060150376,ppv,Original
91.66666666666666,npv,Original
0.9938964514700502,auc,Original
0.9609756097560975,acc,Original
96.99248120300751,sens,Original
94.44444444444444,spec,Original
96.99248120300751,ppv,Original
94.44444444444444,npv,Original
0.9927797138841289,auc,Original
0.9560975609756097,acc,Original
98.4375,sens,Original
90.9090909090909,spec,Original
94.73684210526315,ppv,Original
97.22222222222221,npv,Original
0.9954945414636965,auc,Original
0.9658536585365853,acc,Original
97.72727272727273,sens,Original
94.52054794520548,spec,Original
96.99248120300751,ppv,Original
95.83333333333334,npv,Original
0.9953020005006065,auc,Original
0.975609756097561,acc,Original
99.23076923076923,sens,Original
94.66666666666667,spec,Original
96.99248120300751,ppv,Original
98.61111111111111,npv,Original
0.992433140150567,auc,Original
0.975609756097561,acc,Original
99.23076923076923,sens,Original
94.66666666666667,spec,Original
96.99248120300751,ppv,Original
98.61111111111111,npv,Original
0.9909505747347748,auc,Original
0.9512195121951219,acc,Original
97.67441860465115,sens,Original
90.78947368421053,spec,Original
94.73684210526315,ppv,Original
95.83333333333334,npv,Original
0.9932995744844716,auc,Original
0.975609756097561,acc,Original
99.23076923076923,sens,Original
94.66666666666667,spec,Original
96.99248120300751,ppv,Original
98.61111111111111,npv,Original
0.9924138860542581,auc,Original
0.975609756097561,acc,Original
97.76119402985076,sens,Original
97.1830985915493,spec,Original
98.49624060150376,ppv,Original
95.83333333333334,npv,Original
0.9948784103818087,auc,Original
0.9853658536585366,acc,Original
98.50746268656717,sens,Original
98.59154929577466,spec,Original
99.24812030075188,ppv,Original
97.22222222222221,npv,Original
0.9921058205133142,auc,Original
0.9658536585365853,acc,Original
96.32352941176471,sens,Original
97.10144927536231,spec,Original
98.49624060150376,ppv,Original
93.05555555555556,npv,Original
0.992587172921039,auc,Original
0.9560975609756097,acc,Original
95.58823529411765,sens,Original
95.65217391304348,spec,Original
97.74436090225564,ppv,Original
91.66666666666666,npv,Original
0.9971503937462695,auc,Original
0.9658536585365853,acc,Original
99.21875,sens,Original
92.20779220779221,spec,Original
95.48872180451127,ppv,Original
98.61111111111111,npv,Original
0.9932033040029266,auc,Original
0.9707317073170731,acc,Original
96.35036496350365,sens,Original
98.52941176470588,spec,Original
99.24812030075188,ppv,Original
93.05555555555556,npv,Original
0.9893524847411287,auc,Original
0.9317073170731708,acc,Original
92.19858156028369,sens,Original
95.3125,spec,Original
97.74436090225564,ppv,Original
84.72222222222221,npv,Original
1.0,auc,Original
0.9512195121951219,acc,Original
98.4251968503937,sens,Original
89.74358974358975,spec,Original
93.98496240601504,ppv,Original
97.22222222222221,npv,Original
0.9994223771107302,auc,Original
0.9804878048780488,acc,Original
97.77777777777777,sens,Original
98.57142857142858,spec,Original
99.24812030075188,ppv,Original
95.83333333333334,npv,Original
0.990700271482758,auc,Original
0.9560975609756097,acc,Original
97.6923076923077,sens,Original
92.0,spec,Original
95.48872180451127,ppv,Original
95.83333333333334,npv,Original
0.9955137955600053,auc,Original
0.9658536585365853,acc,Original
100.0,sens,Original
91.13924050632912,spec,Original
94.73684210526315,ppv,Original
100.0,npv,Original
0.9938194350848144,auc,Original
0.9707317073170731,acc,Original
100.0,sens,Original
92.3076923076923,spec,Original
95.48872180451127,ppv,Original
100.0,npv,Original
0.990488476423359,auc,Original
0.9609756097560975,acc,Original
96.99248120300751,sens,Original
94.44444444444444,spec,Original
96.99248120300751,ppv,Original
94.44444444444444,npv,Original
0.996322467604983,auc,Original
0.9804878048780488,acc,Original
98.49624060150376,sens,Original
97.22222222222221,spec,Original
98.49624060150376,ppv,Original
97.22222222222221,npv,Original
0.9923176155727131,auc,Original
0.975609756097561,acc,Original
97.76119402985076,sens,Original
97.1830985915493,spec,Original
98.49624060150376,ppv,Original
95.83333333333334,npv,Original
0.9937424186995782,auc,Original
0.9658536585365853,acc,Original
98.46153846153847,sens,Original
93.33333333333333,spec,Original
96.2406015037594,ppv,Original
97.22222222222221,npv,Original
0.9919902959354603,auc,Original
0.9804878048780488,acc,Original
99.23664122137404,sens,Original
95.94594594594594,spec,Original
97.74436090225564,ppv,Original
98.61111111111111,npv,Original
0.9909505747347749,auc,Original
0.9707317073170731,acc,Original
99.2248062015504,sens,Original
93.42105263157895,spec,Original
96.2406015037594,ppv,Original
98.61111111111111,npv,Original
0.9949939349596627,auc,Original
0.9317073170731708,acc,Original
94.73684210526315,sens,Original
90.27777777777779,spec,Original
94.73684210526315,ppv,Original
90.27777777777779,npv,Original
0.9982863854284999,auc,Original
0.9560975609756097,acc,Original
96.26865671641791,sens,Original
94.36619718309859,spec,Original
96.99248120300751,ppv,Original
93.05555555555556,npv,Original
0.9937231646032693,auc,Original
0.9560975609756097,acc,Original
96.96969696969697,sens,Original
93.15068493150685,spec,Original
96.2406015037594,ppv,Original
94.44444444444444,npv,Original
0.996437992182837,auc,Original
0.9609756097560975,acc,Original
97.70992366412213,sens,Original
93.24324324324324,spec,Original
96.2406015037594,ppv,Original
95.83333333333334,npv,Original
0.9946858694187188,auc,Original
0.9804878048780488,acc,Original
99.23664122137404,sens,Original
95.94594594594594,spec,Original
97.74436090225564,ppv,Original
98.61111111111111,npv,Original
0.9918362631649883,auc,Original
0.9707317073170731,acc,Original
97.74436090225564,sens,Original
95.83333333333334,spec,Original
97.74436090225564,ppv,Original
95.83333333333334,npv,Original
0.9926834434025839,auc,Original
0.975609756097561,acc,Original
99.23076923076923,sens,Original
94.66666666666667,spec,Original
96.99248120300751,ppv,Original
98.61111111111111,npv,Original
0.9953405086932244,auc,Original
0.9853658536585366,acc,Original
99.24242424242425,sens,Original
97.26027397260275,spec,Original
98.49624060150376,ppv,Original
98.61111111111111,npv,Original
0.9951864759227526,auc,Original
0.9560975609756097,acc,Original
96.26865671641791,sens,Original
94.36619718309859,spec,Original
96.99248120300751,ppv,Original
93.05555555555556,npv,Original
0.9967653118200897,auc,Original
0.9365853658536586,acc,Original
92.85714285714286,sens,Original
95.38461538461539,spec,Original
97.74436090225564,ppv,Original
86.11111111111111,npv,Original
0.9952827464042975,auc,Original
0.975609756097561,acc,Original
100.0,sens,Original
93.5064935064935,spec,Original
96.2406015037594,ppv,Original
100.0,npv,Original
0.9936461482180334,auc,Original
0.975609756097561,acc,Original
98.48484848484848,sens,Original
95.8904109589041,spec,Original
97.74436090225564,ppv,Original
97.22222222222221,npv,Original
0.9934536072549435,auc,Original
0.9853658536585366,acc,Original
99.24242424242425,sens,Original
97.26027397260275,spec,Original
98.49624060150376,ppv,Original
98.61111111111111,npv,Original
0.9940889924331402,auc,Original
0.9609756097560975,acc,Original
100.0,sens,Original
90.0,spec,Original
93.98496240601504,ppv,Original
100.0,npv,Original
0.9910083370237017,auc,Original
0.9609756097560975,acc,Avatar
95.62043795620438,sens,Avatar
97.05882352941177,spec,Avatar
98.49624060150376,ppv,Avatar
91.66666666666666,npv,Avatar
0.9956797235023042,auc,Avatar
0.9658536585365853,acc,Avatar
97.6923076923077,sens,Avatar
94.66666666666667,spec,Avatar
96.94656488549617,ppv,Avatar
95.94594594594594,npv,Avatar
0.9998841519925857,auc,Avatar
0.9512195121951219,acc,Avatar
98.46153846153847,sens,Avatar
89.33333333333333,spec,Avatar
94.11764705882352,ppv,Avatar
97.10144927536231,npv,Avatar
0.9990570889765129,auc,Avatar
0.9658536585365853,acc,Avatar
98.46153846153847,sens,Avatar
93.33333333333333,spec,Avatar
96.2406015037594,ppv,Avatar
97.22222222222221,npv,Avatar
0.9934235791090629,auc,Avatar
0.975609756097561,acc,Avatar
97.03703703703704,sens,Avatar
98.57142857142858,spec,Avatar
99.24242424242425,ppv,Avatar
94.52054794520548,npv,Avatar
0.9978627953097021,auc,Avatar
0.975609756097561,acc,Avatar
97.08029197080292,sens,Avatar
98.52941176470588,spec,Avatar
99.25373134328358,ppv,Avatar
94.36619718309859,npv,Avatar
0.9970509948105168,auc,Avatar
0.9463414634146341,acc,Avatar
96.21212121212122,sens,Avatar
91.78082191780823,spec,Avatar
95.48872180451127,ppv,Avatar
93.05555555555556,npv,Avatar
0.9995583717357911,auc,Avatar
0.9658536585365853,acc,Avatar
96.32352941176471,sens,Avatar
97.10144927536231,spec,Avatar
98.49624060150376,ppv,Avatar
93.05555555555556,npv,Avatar
0.9991359447004607,auc,Avatar
0.9902439024390244,acc,Avatar
99.23664122137404,sens,Avatar
98.64864864864865,spec,Avatar
99.23664122137404,ppv,Avatar
98.64864864864865,npv,Avatar
0.9996621099783751,auc,Avatar
0.975609756097561,acc,Avatar
99.2248062015504,sens,Avatar
94.73684210526315,spec,Avatar
96.96969696969697,ppv,Avatar
98.63013698630137,npv,Avatar
0.9989313976548512,auc,Avatar
0.9707317073170731,acc,Avatar
96.29629629629629,sens,Avatar
98.57142857142858,spec,Avatar
99.23664122137404,ppv,Avatar
93.24324324324324,npv,Avatar
0.9979726598702503,auc,Avatar
0.975609756097561,acc,Avatar
98.48484848484848,sens,Avatar
95.8904109589041,spec,Avatar
97.74436090225564,ppv,Avatar
97.22222222222221,npv,Avatar
0.9979550691244239,auc,Avatar
0.9707317073170731,acc,Avatar
95.58823529411765,sens,Avatar
100.0,spec,Avatar
100.0,ppv,Avatar
92.0,npv,Avatar
0.9974828153741893,auc,Avatar
0.9804878048780488,acc,Avatar
99.21875,sens,Avatar
96.1038961038961,spec,Avatar
97.6923076923077,ppv,Avatar
98.66666666666667,npv,Avatar
0.9974634524155291,auc,Avatar
0.9707317073170731,acc,Avatar
99.23076923076923,sens,Avatar
93.33333333333333,spec,Avatar
96.26865671641791,ppv,Avatar
98.59154929577466,npv,Avatar
0.9999234024626109,auc,Avatar
0.9707317073170731,acc,Avatar
98.48484848484848,sens,Avatar
94.52054794520548,spec,Avatar
97.01492537313433,ppv,Avatar
97.1830985915493,npv,Avatar
0.9961988472070624,auc,Avatar
0.9707317073170731,acc,Avatar
96.2406015037594,sens,Avatar
98.61111111111111,spec,Avatar
99.2248062015504,ppv,Avatar
93.42105263157895,npv,Avatar
0.998718347056082,auc,Avatar
0.975609756097561,acc,Avatar
99.23664122137404,sens,Avatar
94.5945945945946,spec,Avatar
97.01492537313433,ppv,Avatar
98.59154929577466,npv,Avatar
0.9995882882365331,auc,Avatar
0.9707317073170731,acc,Avatar
97.01492537313433,sens,Avatar
97.1830985915493,spec,Avatar
98.48484848484848,ppv,Avatar
94.52054794520548,npv,Avatar
0.9992394631957949,auc,Avatar
0.9707317073170731,acc,Avatar
96.35036496350365,sens,Avatar
98.52941176470588,spec,Avatar
99.24812030075188,ppv,Avatar
93.05555555555556,npv,Avatar
0.9981854838709677,auc,Avatar
0.9853658536585366,acc,Avatar
97.77777777777777,sens,Avatar
100.0,spec,Avatar
100.0,ppv,Avatar
95.8904109589041,npv,Avatar
0.9976124920576852,auc,Avatar
0.9707317073170731,acc,Avatar
98.44961240310077,sens,Avatar
94.73684210526315,spec,Avatar
96.94656488549617,ppv,Avatar
97.2972972972973,npv,Avatar
0.9955108897126969,auc,Avatar
0.975609756097561,acc,Avatar
96.35036496350365,sens,Avatar
100.0,spec,Avatar
100.0,ppv,Avatar
93.15068493150685,npv,Avatar
0.9970059880239521,auc,Avatar
0.9609756097560975,acc,Avatar
95.68345323741008,sens,Avatar
96.96969696969697,spec,Avatar
98.51851851851852,ppv,Avatar
91.42857142857143,npv,Avatar
0.9964476699770817,auc,Avatar
0.9707317073170731,acc,Avatar
96.32352941176471,sens,Avatar
98.55072463768117,spec,Avatar
99.24242424242425,ppv,Avatar
93.15068493150685,npv,Avatar
0.9974680863353678,auc,Avatar
0.9804878048780488,acc,Avatar
100.0,sens,Avatar
94.66666666666667,spec,Avatar
97.01492537313433,ppv,Avatar
100.0,npv,Avatar
0.9990425307826354,auc,Avatar
0.9658536585365853,acc,Avatar
95.58823529411765,sens,Avatar
98.55072463768117,spec,Avatar
99.23664122137404,ppv,Avatar
91.8918918918919,npv,Avatar
0.9978181958603646,auc,Avatar
0.9658536585365853,acc,Avatar
99.23664122137404,sens,Avatar
91.8918918918919,spec,Avatar
95.58823529411765,ppv,Avatar
98.55072463768117,npv,Avatar
0.9993618682972361,auc,Avatar
0.9804878048780488,acc,Avatar
100.0,sens,Avatar
94.73684210526315,spec,Avatar
96.99248120300751,ppv,Avatar
100.0,npv,Avatar
0.9999039938556068,auc,Avatar
0.975609756097561,acc,Avatar
96.35036496350365,sens,Avatar
100.0,spec,Avatar
100.0,ppv,Avatar
93.15068493150685,npv,Avatar
0.9982286231395728,auc,Avatar
0.9658536585365853,acc,Avatar
95.62043795620438,sens,Avatar
98.52941176470588,spec,Avatar
99.24242424242425,ppv,Avatar
91.78082191780823,npv,Avatar
0.9974680863353679,auc,Avatar
0.9512195121951219,acc,Avatar
95.52238805970148,sens,Avatar
94.36619718309859,spec,Avatar
96.96969696969697,ppv,Avatar
91.78082191780823,npv,Avatar
0.9968327011571713,auc,Avatar
0.975609756097561,acc,Avatar
100.0,sens,Avatar
93.42105263157895,spec,Avatar
96.26865671641791,ppv,Avatar
100.0,npv,Avatar
0.9989946573217671,auc,Avatar
0.9707317073170731,acc,Avatar
96.96969696969697,sens,Avatar
97.26027397260275,spec,Avatar
98.46153846153847,ppv,Avatar
94.66666666666667,npv,Avatar
1.0,auc,Avatar
0.9609756097560975,acc,Avatar
97.01492537313433,sens,Avatar
94.36619718309859,spec,Avatar
97.01492537313433,ppv,Avatar
94.36619718309859,npv,Avatar
0.996668007123571,auc,Avatar
0.975609756097561,acc,Avatar
99.23664122137404,sens,Avatar
94.5945945945946,spec,Avatar
97.01492537313433,ppv,Avatar
98.59154929577466,npv,Avatar
0.9997510580034852,auc,Avatar
0.9658536585365853,acc,Avatar
96.32352941176471,sens,Avatar
97.10144927536231,spec,Avatar
98.49624060150376,ppv,Avatar
93.05555555555556,npv,Avatar
0.9991167434715821,auc,Avatar
0.9707317073170731,acc,Avatar
100.0,sens,Avatar
92.20779220779221,spec,Avatar
95.52238805970148,ppv,Avatar
100.0,npv,Avatar
0.9977978208000612,auc,Avatar
0.975609756097561,acc,Avatar
97.08029197080292,sens,Avatar
98.52941176470588,spec,Avatar
99.25373134328358,ppv,Avatar
94.36619718309859,npv,Avatar
0.9980371881044025,auc,Avatar
0.9658536585365853,acc,Avatar
100.0,sens,Avatar
91.02564102564102,spec,Avatar
94.77611940298507,ppv,Avatar
100.0,npv,Avatar
0.9994159437774075,auc,Avatar
0.9707317073170731,acc,Avatar
98.44961240310077,sens,Avatar
94.73684210526315,spec,Avatar
96.94656488549617,ppv,Avatar
97.2972972972973,npv,Avatar
0.9991504479456287,auc,Avatar
0.9902439024390244,acc,Avatar
99.2248062015504,sens,Avatar
98.68421052631578,spec,Avatar
99.2248062015504,ppv,Avatar
98.68421052631578,npv,Avatar
0.9985727046760913,auc,Avatar
0.975609756097561,acc,Avatar
97.72727272727273,sens,Avatar
97.26027397260275,spec,Avatar
98.47328244274809,ppv,Avatar
95.94594594594594,npv,Avatar
0.9960032437442076,auc,Avatar
0.9707317073170731,acc,Avatar
96.35036496350365,sens,Avatar
98.52941176470588,spec,Avatar
99.24812030075188,ppv,Avatar
93.05555555555556,npv,Avatar
0.9981950844854071,auc,Avatar
0.9707317073170731,acc,Avatar
99.24242424242425,sens,Avatar
93.15068493150685,spec,Avatar
96.32352941176471,ppv,Avatar
98.55072463768117,npv,Avatar
0.9980189344153,auc,Avatar
0.9658536585365853,acc,Avatar
97.72727272727273,sens,Avatar
94.52054794520548,spec,Avatar
96.99248120300751,ppv,Avatar
95.83333333333334,npv,Avatar
0.9993279569892474,auc,Avatar
0.9902439024390244,acc,Avatar
98.49624060150376,sens,Avatar
100.0,spec,Avatar
100.0,ppv,Avatar
97.2972972972973,npv,Avatar
0.9975575378436825,auc,Avatar
0.9804878048780488,acc,Avatar
97.72727272727273,sens,Avatar
98.63013698630137,spec,Avatar
99.23076923076923,ppv,Avatar
96.0,npv,Avatar
0.9979378449027012,auc,Avatar
0.9609756097560975,acc,Avatar
100.0,sens,Avatar
89.74358974358975,spec,Avatar
94.07407407407408,ppv,Avatar
100.0,npv,Avatar
0.9993697478991596,auc,Avatar
0.9804878048780488,acc,Avatar
100.0,sens,Avatar
94.87179487179486,spec,Avatar
96.94656488549617,ppv,Avatar
100.0,npv,Avatar
0.9996331479765215,auc,Avatar
0.9512195121951219,acc,Avatar
98.4126984126984,sens,Avatar
89.87341772151899,spec,Avatar
93.93939393939394,ppv,Avatar
97.26027397260275,npv,Avatar
0.9997882049406012,auc,Avatar
0.9609756097560975,acc,Avatar
98.46153846153847,sens,Avatar
92.0,spec,Avatar
95.52238805970148,ppv,Avatar
97.1830985915493,npv,Avatar
0.9999808506156527,auc,Avatar
0.9609756097560975,acc,Avatar
95.55555555555556,sens,Avatar
97.14285714285714,spec,Avatar
98.47328244274809,ppv,Avatar
91.8918918918919,npv,Avatar
0.9995269539697251,auc,Avatar
0.975609756097561,acc,Avatar
98.48484848484848,sens,Avatar
95.8904109589041,spec,Avatar
97.74436090225564,ppv,Avatar
97.22222222222221,npv,Avatar
0.9991071428571429,auc,Avatar
0.9658536585365853,acc,Avatar
98.47328244274809,sens,Avatar
93.24324324324324,spec,Avatar
96.26865671641791,ppv,Avatar
97.1830985915493,npv,Avatar
0.9997127592347906,auc,Avatar
0.9902439024390244,acc,Avatar
100.0,sens,Avatar
97.33333333333334,spec,Avatar
98.48484848484848,ppv,Avatar
100.0,npv,Avatar
0.9979109305504746,auc,Avatar
0.9707317073170731,acc,Avatar
99.24812030075188,sens,Avatar
93.05555555555556,spec,Avatar
96.35036496350365,ppv,Avatar
98.52941176470588,npv,Avatar
0.9992970056239551,auc,Avatar
0.9658536585365853,acc,Avatar
97.70992366412213,sens,Avatar
94.5945945945946,spec,Avatar
96.96969696969697,ppv,Avatar
95.8904109589041,npv,Avatar
0.9996341721701292,auc,Avatar
0.975609756097561,acc,Avatar
100.0,sens,Avatar
93.5064935064935,spec,Avatar
96.2406015037594,ppv,Avatar
100.0,npv,Avatar
0.99928955453149,auc,Avatar
0.9804878048780488,acc,Avatar
98.46153846153847,sens,Avatar
97.33333333333334,spec,Avatar
98.46153846153847,ppv,Avatar
97.33333333333334,npv,Avatar
0.9987220447284345,auc,Avatar
0.9804878048780488,acc,Avatar
98.50746268656717,sens,Avatar
97.1830985915493,spec,Avatar
98.50746268656717,ppv,Avatar
97.1830985915493,npv,Avatar
0.9980563374887497,auc,Avatar
0.9609756097560975,acc,Avatar
99.2248062015504,sens,Avatar
90.78947368421053,spec,Avatar
94.81481481481482,ppv,Avatar
98.57142857142858,npv,Avatar
0.999885408708938,auc,Avatar
0.9804878048780488,acc,Avatar
100.0,sens,Avatar
94.66666666666667,spec,Avatar
97.01492537313433,ppv,Avatar
100.0,npv,Avatar
0.9974627065739836,auc,Avatar
0.975609756097561,acc,Avatar
97.79411764705883,sens,Avatar
97.10144927536231,spec,Avatar
98.51851851851852,ppv,Avatar
95.71428571428572,npv,Avatar
0.9982715813598166,auc,Avatar
0.9609756097560975,acc,Avatar
94.92753623188406,sens,Avatar
98.50746268656717,spec,Avatar
99.24242424242425,ppv,Avatar
90.41095890410958,npv,Avatar
0.999046922232705,auc,Avatar
0.975609756097561,acc,Avatar
96.2406015037594,sens,Avatar
100.0,spec,Avatar
100.0,ppv,Avatar
93.5064935064935,npv,Avatar
0.9969033011977797,auc,Avatar
0.9560975609756097,acc,Avatar
95.48872180451127,sens,Avatar
95.83333333333334,spec,Avatar
97.6923076923077,ppv,Avatar
92.0,npv,Avatar
0.9969890599283572,auc,Avatar
0.9804878048780488,acc,Avatar
99.21875,sens,Avatar
96.1038961038961,spec,Avatar
97.6923076923077,ppv,Avatar
98.66666666666667,npv,Avatar
0.9995740149094782,auc,Avatar
0.9609756097560975,acc,Avatar
94.8905109489051,sens,Avatar
98.52941176470588,spec,Avatar
99.23664122137404,ppv,Avatar
90.54054054054053,npv,Avatar
0.997586499845536,auc,Avatar
0.9853658536585366,acc,Avatar
99.24812030075188,sens,Avatar
97.22222222222221,spec,Avatar
98.50746268656717,ppv,Avatar
98.59154929577466,npv,Avatar
0.9992818980869764,auc,Avatar
0.9707317073170731,acc,Avatar
98.48484848484848,sens,Avatar
94.52054794520548,spec,Avatar
97.01492537313433,ppv,Avatar
97.1830985915493,npv,Avatar
0.9980276134122288,auc,Avatar
0.9658536585365853,acc,Avatar
95.77464788732394,sens,Avatar
98.4126984126984,spec,Avatar
99.27007299270073,ppv,Avatar
91.17647058823529,npv,Avatar
0.9997625018999848,auc,Avatar
0.9707317073170731,acc,Avatar
98.46153846153847,sens,Avatar
94.66666666666667,spec,Avatar
96.96969696969697,ppv,Avatar
97.26027397260275,npv,Avatar
0.9999807459036909,auc,Avatar
0.9560975609756097,acc,Avatar
99.2248062015504,sens,Avatar
89.47368421052632,spec,Avatar
94.11764705882352,ppv,Avatar
98.55072463768117,npv,Avatar
0.9999714269386822,auc,Avatar
0.975609756097561,acc,Avatar
99.2248062015504,sens,Avatar
94.73684210526315,spec,Avatar
96.96969696969697,ppv,Avatar
98.63013698630137,npv,Avatar
0.9998459672295281,auc,Avatar
0.975609756097561,acc,Avatar
99.23664122137404,sens,Avatar
94.5945945945946,spec,Avatar
97.01492537313433,ppv,Avatar
98.59154929577466,npv,Avatar
0.9988510369391624,auc,Avatar
0.9853658536585366,acc,Avatar
97.82608695652173,sens,Avatar
100.0,spec,Avatar
100.0,ppv,Avatar
95.71428571428572,npv,Avatar
0.9976317799847212,auc,Avatar
0.9512195121951219,acc,Avatar
96.18320610687023,sens,Avatar
93.24324324324324,spec,Avatar
96.18320610687023,ppv,Avatar
93.24324324324324,npv,Avatar
0.9987739419215322,auc,Avatar
0.9658536585365853,acc,Avatar
99.20634920634922,sens,Avatar
92.40506329113924,spec,Avatar
95.41984732824427,ppv,Avatar
98.64864864864865,npv,Avatar
0.9963990577695397,auc,Avatar
0.975609756097561,acc,Avatar
97.70992366412213,sens,Avatar
97.2972972972973,spec,Avatar
98.46153846153847,ppv,Avatar
96.0,npv,Avatar
0.9974924968535193,auc,Avatar
0.9707317073170731,acc,Avatar
98.48484848484848,sens,Avatar
94.52054794520548,spec,Avatar
97.01492537313433,ppv,Avatar
97.1830985915493,npv,Avatar
0.9984967733287374,auc,Avatar
0.9609756097560975,acc,Avatar
98.4375,sens,Avatar
92.20779220779221,spec,Avatar
95.45454545454545,ppv,Avatar
97.26027397260275,npv,Avatar
1.0,auc,Avatar
0.9707317073170731,acc,Avatar
100.0,sens,Avatar
92.0,spec,Avatar
95.58823529411765,ppv,Avatar
100.0,npv,Avatar
0.99629502638246,auc,Avatar
0.9658536585365853,acc,Avatar
96.99248120300751,sens,Avatar
95.83333333333334,spec,Avatar
97.72727272727273,ppv,Avatar
94.52054794520548,npv,Avatar
0.9990180410882414,auc,Avatar
0.9902439024390244,acc,Avatar
99.24242424242425,sens,Avatar
98.63013698630137,spec,Avatar
99.24242424242425,ppv,Avatar
98.63013698630137,npv,Avatar
0.9984789263915899,auc,Avatar
0.9707317073170731,acc,Avatar
96.96969696969697,sens,Avatar
97.26027397260275,spec,Avatar
98.46153846153847,ppv,Avatar
94.66666666666667,npv,Avatar
0.9980249782166716,auc,Avatar
0.9560975609756097,acc,Avatar
96.96969696969697,sens,Avatar
93.15068493150685,spec,Avatar
96.2406015037594,ppv,Avatar
94.44444444444444,npv,Avatar
0.9987135176651306,auc,Avatar
0.975609756097561,acc,Avatar
97.74436090225564,sens,Avatar
97.22222222222221,spec,Avatar
98.48484848484848,ppv,Avatar
95.8904109589041,npv,Avatar
0.998228623139573,auc,Avatar
0.9609756097560975,acc,Avatar
96.18320610687023,sens,Avatar
95.94594594594594,spec,Avatar
97.67441860465115,ppv,Avatar
93.42105263157895,npv,Avatar
0.9998349386360105,auc,Avatar
0.9609756097560975,acc,Avatar
95.55555555555556,sens,Avatar
97.14285714285714,spec,Avatar
98.47328244274809,ppv,Avatar
91.8918918918919,npv,Avatar
0.9980691998764288,auc,Avatar
0.9658536585365853,acc,Avatar
99.2,sens,Avatar
92.5,spec,Avatar
95.38461538461539,ppv,Avatar
98.66666666666667,npv,Avatar
0.9997676444960789,auc,Avatar
0.9658536585365853,acc,Avatar
98.48484848484848,sens,Avatar
93.15068493150685,spec,Avatar
96.29629629629629,ppv,Avatar
97.14285714285714,npv,Avatar
0.9983575248281131,auc,Avatar
0.9804878048780488,acc,Avatar
97.74436090225564,sens,Avatar
98.61111111111111,spec,Avatar
99.23664122137404,ppv,Avatar
95.94594594594594,npv,Avatar
0.9978181958603646,auc,Avatar
0.9658536585365853,acc,Avatar
99.24242424242425,sens,Avatar
91.78082191780823,spec,Avatar
95.62043795620438,ppv,Avatar
98.52941176470588,npv,Avatar
0.9994965040279677,auc,Avatar
0.9609756097560975,acc,Avatar
95.65217391304348,sens,Avatar
97.01492537313433,spec,Avatar
98.50746268656717,ppv,Avatar
91.54929577464789,npv,Avatar
0.9983244288696119,auc,Avatar
0.9609756097560975,acc,Avatar
99.2248062015504,sens,Avatar
90.78947368421053,spec,Avatar
94.81481481481482,ppv,Avatar
98.57142857142858,npv,Avatar
0.9995511841100075,auc,Avatar
0.9853658536585366,acc,Avatar
99.2248062015504,sens,Avatar
97.36842105263158,spec,Avatar
98.46153846153847,ppv,Avatar
98.66666666666667,npv,Avatar
0.998605866976474,auc,Avatar
0.9414634146341463,acc,Avatar
95.41984732824427,sens,Avatar
91.8918918918919,spec,Avatar
95.41984732824427,ppv,Avatar
91.8918918918919,npv,Avatar
0.9999903459993822,auc,Avatar
0.9853658536585366,acc,Avatar
97.79411764705883,sens,Avatar
100.0,spec,Avatar
100.0,ppv,Avatar
95.83333333333334,npv,Avatar
0.9974846390168971,auc,Avatar
0.975609756097561,acc,Avatar
96.29629629629629,sens,Avatar
100.0,spec,Avatar
100.0,ppv,Avatar
93.33333333333333,npv,Avatar
0.9974634524155291,auc,Avatar
0.9658536585365853,acc,Synthpop
98.38709677419355,sens,Synthpop
93.82716049382715,spec,Synthpop
96.06299212598425,ppv,Synthpop
97.43589743589743,npv,Synthpop
0.9974320098550175,auc,Synthpop
0.9707317073170731,acc,Synthpop
96.35036496350365,sens,Synthpop
98.52941176470588,spec,Synthpop
99.24812030075188,ppv,Synthpop
93.05555555555556,npv,Synthpop
0.9835111451579754,auc,Synthpop
0.9707317073170731,acc,Synthpop
98.46153846153847,sens,Synthpop
94.66666666666667,spec,Synthpop
96.96969696969697,ppv,Synthpop
97.26027397260275,npv,Synthpop
0.9935205992509363,auc,Synthpop
0.9414634146341463,acc,Synthpop
96.12403100775194,sens,Synthpop
90.78947368421053,spec,Synthpop
94.65648854961832,ppv,Synthpop
93.24324324324324,npv,Synthpop
0.9867015785423354,auc,Synthpop
0.9658536585365853,acc,Synthpop
99.19354838709677,sens,Synthpop
92.5925925925926,spec,Synthpop
95.34883720930233,ppv,Synthpop
98.68421052631578,npv,Synthpop
0.9942668552569542,auc,Synthpop
0.9658536585365853,acc,Synthpop
96.09375,sens,Synthpop
97.40259740259741,spec,Synthpop
98.4,ppv,Synthpop
93.75,npv,Synthpop
0.9891993828218755,auc,Synthpop
0.975609756097561,acc,Synthpop
99.20634920634922,sens,Synthpop
94.9367088607595,spec,Synthpop
96.89922480620154,ppv,Synthpop
98.68421052631578,npv,Synthpop
0.9953323903818954,auc,Synthpop
0.9560975609756097,acc,Synthpop
98.36065573770492,sens,Synthpop
91.56626506024097,spec,Synthpop
94.48818897637796,ppv,Synthpop
97.43589743589743,npv,Synthpop
0.9980953283426512,auc,Synthpop
0.975609756097561,acc,Synthpop
97.54098360655738,sens,Synthpop
97.59036144578313,spec,Synthpop
98.34710743801654,ppv,Synthpop
96.42857142857143,npv,Synthpop
0.9964187380865279,auc,Synthpop
0.9658536585365853,acc,Synthpop
97.85714285714285,sens,Synthpop
93.84615384615384,spec,Synthpop
97.16312056737588,ppv,Synthpop
95.3125,npv,Synthpop
0.9933109138688276,auc,Synthpop
0.9414634146341463,acc,Synthpop
99.20634920634922,sens,Synthpop
86.07594936708861,spec,Synthpop
91.91176470588235,ppv,Synthpop
98.55072463768117,npv,Synthpop
0.9836092961092961,auc,Synthpop
0.9609756097560975,acc,Synthpop
99.17355371900827,sens,Synthpop
91.66666666666666,spec,Synthpop
94.48818897637796,ppv,Synthpop
98.71794871794873,npv,Synthpop
0.9740168672415427,auc,Synthpop
0.9414634146341463,acc,Synthpop
97.67441860465115,sens,Synthpop
88.1578947368421,spec,Synthpop
93.33333333333333,ppv,Synthpop
95.71428571428572,npv,Synthpop
0.9985211228305151,auc,Synthpop
0.9560975609756097,acc,Synthpop
96.875,sens,Synthpop
93.5064935064935,spec,Synthpop
96.12403100775194,ppv,Synthpop
94.73684210526315,npv,Synthpop
0.9930693069306931,auc,Synthpop
0.9414634146341463,acc,Synthpop
95.8041958041958,sens,Synthpop
90.32258064516128,spec,Synthpop
95.8041958041958,ppv,Synthpop
90.32258064516128,npv,Synthpop
0.988896212079603,auc,Synthpop
0.9463414634146341,acc,Synthpop
96.875,sens,Synthpop
90.9090909090909,spec,Synthpop
94.65648854961832,ppv,Synthpop
94.5945945945946,npv,Synthpop
0.9982825609550087,auc,Synthpop
0.9609756097560975,acc,Synthpop
98.4375,sens,Synthpop
92.20779220779221,spec,Synthpop
95.45454545454545,ppv,Synthpop
97.26027397260275,npv,Synthpop
0.995121722846442,auc,Synthpop
0.9658536585365853,acc,Synthpop
97.63779527559055,sens,Synthpop
94.87179487179486,spec,Synthpop
96.875,ppv,Synthpop
96.1038961038961,npv,Synthpop
0.999650257108288,auc,Synthpop
0.9317073170731708,acc,Synthpop
95.16129032258065,sens,Synthpop
90.12345679012346,spec,Synthpop
93.65079365079364,ppv,Synthpop
92.40506329113924,npv,Synthpop
0.9954210366317069,auc,Synthpop
0.9707317073170731,acc,Synthpop
98.54014598540147,sens,Synthpop
94.11764705882352,spec,Synthpop
97.12230215827337,ppv,Synthpop
96.96969696969697,npv,Synthpop
0.9963472004427637,auc,Synthpop
0.9609756097560975,acc,Synthpop
99.24242424242425,sens,Synthpop
90.41095890410958,spec,Synthpop
94.92753623188406,ppv,Synthpop
98.50746268656717,npv,Synthpop
0.9884187370600415,auc,Synthpop
0.9804878048780488,acc,Synthpop
97.72727272727273,sens,Synthpop
98.63013698630137,spec,Synthpop
99.23076923076923,ppv,Synthpop
96.0,npv,Synthpop
0.9952682871763998,auc,Synthpop
0.9658536585365853,acc,Synthpop
96.82539682539682,sens,Synthpop
96.20253164556962,spec,Synthpop
97.6,ppv,Synthpop
95.0,npv,Synthpop
0.9969712555003143,auc,Synthpop
0.9512195121951219,acc,Synthpop
97.54098360655738,sens,Synthpop
91.56626506024097,spec,Synthpop
94.44444444444444,ppv,Synthpop
96.20253164556962,npv,Synthpop
0.9986605107159143,auc,Synthpop
0.9560975609756097,acc,Synthpop
99.18032786885246,sens,Synthpop
90.36144578313254,spec,Synthpop
93.7984496124031,ppv,Synthpop
98.68421052631578,npv,Synthpop
0.9969259783121169,auc,Synthpop
0.9463414634146341,acc,Synthpop
97.65625,sens,Synthpop
89.6103896103896,spec,Synthpop
93.98496240601504,ppv,Synthpop
95.83333333333334,npv,Synthpop
0.9779432372339829,auc,Synthpop
0.9609756097560975,acc,Synthpop
97.65625,sens,Synthpop
93.5064935064935,spec,Synthpop
96.15384615384616,ppv,Synthpop
96.0,npv,Synthpop
0.9973848585189644,auc,Synthpop
0.9658536585365853,acc,Synthpop
99.20634920634922,sens,Synthpop
92.40506329113924,spec,Synthpop
95.41984732824427,ppv,Synthpop
98.64864864864865,npv,Synthpop
0.9948289130393979,auc,Synthpop
0.926829268292683,acc,Synthpop
95.6896551724138,sens,Synthpop
88.76404494382022,spec,Synthpop
91.73553719008265,ppv,Synthpop
94.04761904761905,npv,Synthpop
0.9814101700136705,auc,Synthpop
0.9658536585365853,acc,Synthpop
95.55555555555556,sens,Synthpop
98.57142857142858,spec,Synthpop
99.23076923076923,ppv,Synthpop
92.0,npv,Synthpop
0.9845725466586394,auc,Synthpop
0.9560975609756097,acc,Synthpop
95.45454545454545,sens,Synthpop
95.8904109589041,spec,Synthpop
97.67441860465115,ppv,Synthpop
92.10526315789474,npv,Synthpop
0.9900801508722301,auc,Synthpop
0.9658536585365853,acc,Synthpop
96.15384615384616,sens,Synthpop
97.33333333333334,spec,Synthpop
98.4251968503937,ppv,Synthpop
93.58974358974359,npv,Synthpop
0.9819387851795698,auc,Synthpop
0.9560975609756097,acc,Synthpop
97.58064516129032,sens,Synthpop
92.5925925925926,spec,Synthpop
95.2755905511811,ppv,Synthpop
96.15384615384616,npv,Synthpop
0.995811617549512,auc,Synthpop
0.9560975609756097,acc,Synthpop
97.70992366412213,sens,Synthpop
91.8918918918919,spec,Synthpop
95.52238805970148,ppv,Synthpop
95.77464788732394,npv,Synthpop
0.9959079045488441,auc,Synthpop
0.9658536585365853,acc,Synthpop
99.19354838709677,sens,Synthpop
92.5925925925926,spec,Synthpop
95.34883720930233,ppv,Synthpop
98.68421052631578,npv,Synthpop
0.991994342291372,auc,Synthpop
0.9560975609756097,acc,Synthpop
95.9349593495935,sens,Synthpop
95.1219512195122,spec,Synthpop
96.72131147540983,ppv,Synthpop
93.97590361445783,npv,Synthpop
0.9940668202764977,auc,Synthpop
0.975609756097561,acc,Synthpop
98.4251968503937,sens,Synthpop
96.15384615384616,spec,Synthpop
97.65625,ppv,Synthpop
97.40259740259741,npv,Synthpop
0.9953021022383546,auc,Synthpop
0.9560975609756097,acc,Synthpop
96.15384615384616,sens,Synthpop
94.66666666666667,spec,Synthpop
96.89922480620154,ppv,Synthpop
93.42105263157895,npv,Synthpop
0.998000942951438,auc,Synthpop
0.9414634146341463,acc,Synthpop
95.58823529411765,sens,Synthpop
91.30434782608695,spec,Synthpop
95.58823529411765,ppv,Synthpop
91.30434782608695,npv,Synthpop
0.9864122364122364,auc,Synthpop
0.9609756097560975,acc,Synthpop
96.875,sens,Synthpop
94.8051948051948,spec,Synthpop
96.875,ppv,Synthpop
94.8051948051948,npv,Synthpop
0.9955856775559588,auc,Synthpop
0.9365853658536586,acc,Synthpop
94.73684210526315,sens,Synthpop
91.66666666666666,spec,Synthpop
95.45454545454545,ppv,Synthpop
90.41095890410958,npv,Synthpop
0.9871441947565542,auc,Synthpop
0.9609756097560975,acc,Synthpop
96.99248120300751,sens,Synthpop
94.44444444444444,spec,Synthpop
96.99248120300751,ppv,Synthpop
94.44444444444444,npv,Synthpop
0.9839689094000486,auc,Synthpop
0.9853658536585366,acc,Synthpop
98.38709677419355,sens,Synthpop
98.76543209876543,spec,Synthpop
99.1869918699187,ppv,Synthpop
97.5609756097561,npv,Synthpop
0.9924072691062982,auc,Synthpop
0.9560975609756097,acc,Synthpop
95.19999999999999,sens,Synthpop
96.25,spec,Synthpop
97.54098360655738,ppv,Synthpop
92.7710843373494,npv,Synthpop
0.9774481566820277,auc,Synthpop
0.9463414634146341,acc,Synthpop
95.55555555555556,sens,Synthpop
92.85714285714286,spec,Synthpop
96.26865671641791,ppv,Synthpop
91.54929577464789,npv,Synthpop
0.9950037285607756,auc,Synthpop
0.9512195121951219,acc,Synthpop
98.4126984126984,sens,Synthpop
89.87341772151899,spec,Synthpop
93.93939393939394,ppv,Synthpop
97.26027397260275,npv,Synthpop
0.9975468164794009,auc,Synthpop
0.9414634146341463,acc,Synthpop
94.91525423728814,sens,Synthpop
93.10344827586206,spec,Synthpop
94.91525423728814,ppv,Synthpop
93.10344827586206,npv,Synthpop
0.9957666614882709,auc,Synthpop
0.9463414634146341,acc,Synthpop
97.27272727272728,sens,Synthpop
91.57894736842105,spec,Synthpop
93.04347826086956,ppv,Synthpop
96.66666666666667,npv,Synthpop
0.998726414170112,auc,Synthpop
0.9658536585365853,acc,Synthpop
97.70992366412213,sens,Synthpop
94.5945945945946,spec,Synthpop
96.96969696969697,ppv,Synthpop
95.8904109589041,npv,Synthpop
0.9959082397003745,auc,Synthpop
0.9902439024390244,acc,Synthpop
100.0,sens,Synthpop
97.53086419753086,spec,Synthpop
98.4126984126984,ppv,Synthpop
100.0,npv,Synthpop
0.9893980848153214,auc,Synthpop
0.9219512195121952,acc,Synthpop
92.5925925925926,sens,Synthpop
91.42857142857143,spec,Synthpop
95.41984732824427,ppv,Synthpop
86.48648648648648,npv,Synthpop
0.9846368977232202,auc,Synthpop
0.9609756097560975,acc,Synthpop
96.5034965034965,sens,Synthpop
95.16129032258065,spec,Synthpop
97.87234042553192,ppv,Synthpop
92.1875,npv,Synthpop
0.9879449436756895,auc,Synthpop
0.9365853658536586,acc,Synthpop
96.0,sens,Synthpop
90.0,spec,Synthpop
93.75,ppv,Synthpop
93.5064935064935,npv,Synthpop
0.9993477767695099,auc,Synthpop
0.9463414634146341,acc,Synthpop
96.55172413793103,sens,Synthpop
92.13483146067416,spec,Synthpop
94.11764705882352,ppv,Synthpop
95.34883720930233,npv,Synthpop
0.9939781198567142,auc,Synthpop
0.9512195121951219,acc,Synthpop
98.30508474576271,sens,Synthpop
90.80459770114942,spec,Synthpop
93.54838709677419,ppv,Synthpop
97.53086419753086,npv,Synthpop
0.9935255920550037,auc,Synthpop
0.9658536585365853,acc,Synthpop
99.19354838709677,sens,Synthpop
92.5925925925926,spec,Synthpop
95.34883720930233,ppv,Synthpop
98.68421052631578,npv,Synthpop
0.9976426214049976,auc,Synthpop
0.9609756097560975,acc,Synthpop
100.0,sens,Synthpop
90.0,spec,Synthpop
93.98496240601504,ppv,Synthpop
100.0,npv,Synthpop
0.9938809065600419,auc,Synthpop
0.9512195121951219,acc,Synthpop
98.26086956521739,sens,Synthpop
91.11111111111111,spec,Synthpop
93.38842975206612,ppv,Synthpop
97.61904761904762,npv,Synthpop
0.994146754722067,auc,Synthpop
0.9804878048780488,acc,Synthpop
99.23076923076923,sens,Synthpop
96.0,spec,Synthpop
97.72727272727273,ppv,Synthpop
98.63013698630137,npv,Synthpop
0.9840823970037453,auc,Synthpop
0.9560975609756097,acc,Synthpop
96.63865546218487,sens,Synthpop
94.18604651162791,spec,Synthpop
95.83333333333334,ppv,Synthpop
95.29411764705881,npv,Synthpop
0.998522937905468,auc,Synthpop
0.9512195121951219,acc,Synthpop
98.4,sens,Synthpop
90.0,spec,Synthpop
93.89312977099237,ppv,Synthpop
97.2972972972973,npv,Synthpop
0.9987799613341592,auc,Synthpop
0.9707317073170731,acc,Synthpop
96.2406015037594,sens,Synthpop
98.61111111111111,spec,Synthpop
99.2248062015504,ppv,Synthpop
93.42105263157895,npv,Synthpop
0.9827817067421027,auc,Synthpop
0.9463414634146341,acc,Synthpop
97.6923076923077,sens,Synthpop
89.33333333333333,spec,Synthpop
94.07407407407408,ppv,Synthpop
95.71428571428572,npv,Synthpop
0.9955168629201778,auc,Synthpop
0.9658536585365853,acc,Synthpop
96.09375,sens,Synthpop
97.40259740259741,spec,Synthpop
98.4,ppv,Synthpop
93.75,npv,Synthpop
0.9943234851515325,auc,Synthpop
0.9560975609756097,acc,Synthpop
96.99248120300751,sens,Synthpop
93.05555555555556,spec,Synthpop
96.26865671641791,ppv,Synthpop
94.36619718309859,npv,Synthpop
0.999179716629381,auc,Synthpop
0.9609756097560975,acc,Synthpop
98.3739837398374,sens,Synthpop
92.6829268292683,spec,Synthpop
95.2755905511811,ppv,Synthpop
97.43589743589743,npv,Synthpop
0.9985027954136264,auc,Synthpop
0.9463414634146341,acc,Synthpop
96.94656488549617,sens,Synthpop
90.54054054054053,spec,Synthpop
94.77611940298507,ppv,Synthpop
94.36619718309859,npv,Synthpop
0.9915641312453393,auc,Synthpop
0.9463414634146341,acc,Synthpop
94.9579831932773,sens,Synthpop
94.18604651162791,spec,Synthpop
95.76271186440678,ppv,Synthpop
93.10344827586206,npv,Synthpop
0.9976794314121485,auc,Synthpop
0.9512195121951219,acc,Synthpop
97.79411764705883,sens,Synthpop
89.85507246376811,spec,Synthpop
95.0,ppv,Synthpop
95.38461538461539,npv,Synthpop
0.9922208719988216,auc,Synthpop
0.9804878048780488,acc,Synthpop
98.4251968503937,sens,Synthpop
97.43589743589743,spec,Synthpop
98.4251968503937,ppv,Synthpop
97.43589743589743,npv,Synthpop
0.9950156353643513,auc,Synthpop
0.975609756097561,acc,Synthpop
99.19354838709677,sens,Synthpop
95.06172839506173,spec,Synthpop
96.8503937007874,ppv,Synthpop
98.71794871794873,npv,Synthpop
0.9909314886762058,auc,Synthpop
0.9658536585365853,acc,Synthpop
98.47328244274809,sens,Synthpop
93.24324324324324,spec,Synthpop
96.26865671641791,ppv,Synthpop
97.1830985915493,npv,Synthpop
0.994910514541387,auc,Synthpop
0.9560975609756097,acc,Synthpop
96.40287769784173,sens,Synthpop
93.93939393939394,spec,Synthpop
97.10144927536231,ppv,Synthpop
92.53731343283582,npv,Synthpop
0.9863483436853001,auc,Synthpop
0.9463414634146341,acc,Synthpop
97.08029197080292,sens,Synthpop
89.70588235294117,spec,Synthpop
95.0,ppv,Synthpop
93.84615384615384,npv,Synthpop
0.9833738400353513,auc,Synthpop
0.9707317073170731,acc,Synthpop
97.63779527559055,sens,Synthpop
96.15384615384616,spec,Synthpop
97.63779527559055,ppv,Synthpop
96.15384615384616,npv,Synthpop
0.9985975551975742,auc,Synthpop
0.9707317073170731,acc,Synthpop
96.875,sens,Synthpop
97.40259740259741,spec,Synthpop
98.4126984126984,ppv,Synthpop
94.9367088607595,npv,Synthpop
0.9935495516035872,auc,Synthpop
0.9658536585365853,acc,Synthpop
98.4251968503937,sens,Synthpop
93.58974358974359,spec,Synthpop
96.15384615384616,ppv,Synthpop
97.33333333333334,npv,Synthpop
0.9943181818181819,auc,Synthpop
0.9658536585365853,acc,Synthpop
97.76119402985076,sens,Synthpop
94.36619718309859,spec,Synthpop
97.03703703703704,ppv,Synthpop
95.71428571428572,npv,Synthpop
0.9985397250590621,auc,Synthpop
0.9512195121951219,acc,Synthpop
95.48872180451127,sens,Synthpop
94.44444444444444,spec,Synthpop
96.94656488549617,ppv,Synthpop
91.8918918918919,npv,Synthpop
0.9879310021209903,auc,Synthpop
0.9658536585365853,acc,Synthpop
98.44961240310077,sens,Synthpop
93.42105263157895,spec,Synthpop
96.21212121212122,ppv,Synthpop
97.26027397260275,npv,Synthpop
0.9908146067415731,auc,Synthpop
0.9658536585365853,acc,Synthpop
96.35036496350365,sens,Synthpop
97.05882352941177,spec,Synthpop
98.50746268656717,ppv,Synthpop
92.95774647887323,npv,Synthpop
0.9917412378821775,auc,Synthpop
0.9658536585365853,acc,Synthpop
97.77777777777777,sens,Synthpop
94.28571428571428,spec,Synthpop
97.05882352941177,ppv,Synthpop
95.65217391304348,npv,Synthpop
0.9945054945054945,auc,Synthpop
0.9512195121951219,acc,Synthpop
98.4126984126984,sens,Synthpop
89.87341772151899,spec,Synthpop
93.93939393939394,ppv,Synthpop
97.26027397260275,npv,Synthpop
0.9876966292134831,auc,Synthpop
0.9512195121951219,acc,Synthpop
95.34883720930233,sens,Synthpop
94.73684210526315,spec,Synthpop
96.8503937007874,ppv,Synthpop
92.3076923076923,npv,Synthpop
0.9781673457784514,auc,Synthpop
0.9658536585365853,acc,Synthpop
97.5,sens,Synthpop
95.29411764705881,spec,Synthpop
96.69421487603306,ppv,Synthpop
96.42857142857143,npv,Synthpop
0.9892658413077382,auc,Synthpop
0.9560975609756097,acc,Synthpop
96.55172413793103,sens,Synthpop
93.33333333333333,spec,Synthpop
97.22222222222221,ppv,Synthpop
91.80327868852459,npv,Synthpop
0.9907529239766082,auc,Synthpop
0.9365853658536586,acc,Synthpop
93.75,sens,Synthpop
93.5064935064935,spec,Synthpop
96.0,ppv,Synthpop
90.0,npv,Synthpop
0.999457111834962,auc,Synthpop
0.9414634146341463,acc,Synthpop
97.67441860465115,sens,Synthpop
88.1578947368421,spec,Synthpop
93.33333333333333,ppv,Synthpop
95.71428571428572,npv,Synthpop
0.9962330487192366,auc,Synthpop
0.9512195121951219,acc,Synthpop
93.89312977099237,sens,Synthpop
97.2972972972973,spec,Synthpop
98.4,ppv,Synthpop
90.0,npv,Synthpop
0.997733203802122,auc,Synthpop
0.9658536585365853,acc,Synthpop
98.4,sens,Synthpop
93.75,spec,Synthpop
96.09375,ppv,Synthpop
97.40259740259741,npv,Synthpop
0.9980811403508771,auc,Synthpop
0.9414634146341463,acc,Synthpop
99.2248062015504,sens,Synthpop
85.52631578947368,spec,Synthpop
92.08633093525181,ppv,Synthpop
98.48484848484848,npv,Synthpop
0.9798450327460566,auc,Synthpop
0.9658536585365853,acc,Synthpop
99.2248062015504,sens,Synthpop
92.10526315789474,spec,Synthpop
95.52238805970148,ppv,Synthpop
98.59154929577466,npv,Synthpop
0.9947520507084264,auc,Synthpop
0.9707317073170731,acc,Synthpop
100.0,sens,Synthpop
92.20779220779221,spec,Synthpop
95.52238805970148,ppv,Synthpop
100.0,npv,Synthpop
0.9931674123788218,auc,Synthpop
0.9463414634146341,acc,Synthpop
95.86776859504133,sens,Synthpop
92.85714285714286,spec,Synthpop
95.08196721311475,ppv,Synthpop
93.97590361445783,npv,Synthpop
0.9949596774193549,auc,Synthpop
0.9512195121951219,acc,Synthpop
96.875,sens,Synthpop
92.20779220779221,spec,Synthpop
95.38461538461539,ppv,Synthpop
94.66666666666667,npv,Synthpop
0.9918065171583383,auc,Synthpop
0.9609756097560975,acc,Synthpop
95.38461538461539,sens,Synthpop
97.33333333333334,spec,Synthpop
98.4126984126984,ppv,Synthpop
92.40506329113924,npv,Synthpop
0.9957155342757258,auc,Synthpop
0.9609756097560975,acc,Synthpop
96.15384615384616,sens,Synthpop
96.0,spec,Synthpop
97.65625,ppv,Synthpop
93.5064935064935,npv,Synthpop
0.9886191772534786,auc,Synthpop
0.9512195121951219,acc,Synthpop
97.70992366412213,sens,Synthpop
90.54054054054053,spec,Synthpop
94.81481481481482,ppv,Synthpop
95.71428571428572,npv,Synthpop
0.9934613166657364,auc,Synthpop
0.9609756097560975,acc,Synthpop
96.03174603174604,sens,Synthpop
96.20253164556962,spec,Synthpop
97.58064516129032,ppv,Synthpop
93.82716049382715,npv,Synthpop
0.9972593582887701,auc,Synthpop
0.926829268292683,acc,Synthpop
97.52066115702479,sens,Synthpop
85.71428571428571,spec,Synthpop
90.76923076923077,ppv,Synthpop
96.0,npv,Synthpop
0.9967639975918121,auc,Synthpop
0.9951219512195122,acc,CT-GAN
99.00990099009901,sens,CT-GAN
100.0,spec,CT-GAN
100.0,ppv,CT-GAN
99.04761904761905,npv,CT-GAN
0.9997137541147846,auc,CT-GAN
0.9951219512195122,acc,CT-GAN
100.0,sens,CT-GAN
99.14529914529915,spec,CT-GAN
98.87640449438202,ppv,CT-GAN
100.0,npv,CT-GAN
0.9992218586966134,auc,CT-GAN
0.9951219512195122,acc,CT-GAN
99.00990099009901,sens,CT-GAN
100.0,spec,CT-GAN
100.0,ppv,CT-GAN
99.04761904761905,npv,CT-GAN
0.9994632889652212,auc,CT-GAN
0.9902439024390244,acc,CT-GAN
98.91304347826086,sens,CT-GAN
99.11504424778761,spec,CT-GAN
98.91304347826086,ppv,CT-GAN
99.11504424778761,npv,CT-GAN
0.9994148106114343,auc,CT-GAN
1.0,acc,CT-GAN
100.0,sens,CT-GAN
100.0,spec,CT-GAN
100.0,ppv,CT-GAN
100.0,npv,CT-GAN
0.9991713827330265,auc,CT-GAN
0.9951219512195122,acc,CT-GAN
98.87640449438202,sens,CT-GAN
100.0,spec,CT-GAN
100.0,ppv,CT-GAN
99.14529914529915,npv,CT-GAN
0.9995405711054567,auc,CT-GAN
0.9902439024390244,acc,CT-GAN
98.9247311827957,sens,CT-GAN
99.10714285714286,spec,CT-GAN
98.9247311827957,ppv,CT-GAN
99.10714285714286,npv,CT-GAN
0.9993254876901504,auc,CT-GAN
1.0,acc,CT-GAN
100.0,sens,CT-GAN
100.0,spec,CT-GAN
100.0,ppv,CT-GAN
100.0,npv,CT-GAN
0.9992176258992805,auc,CT-GAN
1.0,acc,CT-GAN
100.0,sens,CT-GAN
100.0,spec,CT-GAN
100.0,ppv,CT-GAN
100.0,npv,CT-GAN
0.9992316626462968,auc,CT-GAN
0.9951219512195122,acc,CT-GAN
98.79518072289156,sens,CT-GAN
100.0,spec,CT-GAN
100.0,ppv,CT-GAN
99.1869918699187,npv,CT-GAN
0.9992345861486486,auc,CT-GAN
0.9951219512195122,acc,CT-GAN
98.83720930232558,sens,CT-GAN
100.0,spec,CT-GAN
100.0,ppv,CT-GAN
99.16666666666667,npv,CT-GAN
0.9996385818303626,auc,CT-GAN
0.9951219512195122,acc,CT-GAN
98.82352941176471,sens,CT-GAN
100.0,spec,CT-GAN
100.0,ppv,CT-GAN
99.17355371900827,npv,CT-GAN
0.999277660324172,auc,CT-GAN
0.9853658536585366,acc,CT-GAN
98.85057471264368,sens,CT-GAN
98.30508474576271,spec,CT-GAN
97.72727272727273,ppv,CT-GAN
99.14529914529915,npv,CT-GAN
0.9993727028555273,auc,CT-GAN
0.9902439024390244,acc,CT-GAN
97.77777777777777,sens,CT-GAN
100.0,spec,CT-GAN
100.0,ppv,CT-GAN
98.29059829059828,npv,CT-GAN
0.9993727028555273,auc,CT-GAN
0.9951219512195122,acc,CT-GAN
98.95833333333334,sens,CT-GAN
100.0,spec,CT-GAN
100.0,ppv,CT-GAN
99.0909090909091,npv,CT-GAN
0.9994041372440903,auc,CT-GAN
0.9951219512195122,acc,CT-GAN
100.0,sens,CT-GAN
99.13793103448276,spec,CT-GAN
98.88888888888889,ppv,CT-GAN
100.0,npv,CT-GAN
0.9993450863777967,auc,CT-GAN
0.9853658536585366,acc,CT-GAN
96.5909090909091,sens,CT-GAN
100.0,spec,CT-GAN
100.0,ppv,CT-GAN
97.5,npv,CT-GAN
1.0,auc,CT-GAN
0.9902439024390244,acc,CT-GAN
98.82352941176471,sens,CT-GAN
99.16666666666667,spec,CT-GAN
98.82352941176471,ppv,CT-GAN
99.16666666666667,npv,CT-GAN
0.9994093898203487,auc,CT-GAN
0.9951219512195122,acc,CT-GAN
98.88888888888889,sens,CT-GAN
100.0,spec,CT-GAN
100.0,ppv,CT-GAN
99.13793103448276,npv,CT-GAN
0.9993368113891592,auc,CT-GAN
0.9902439024390244,acc,CT-GAN
98.91304347826086,sens,CT-GAN
99.11504424778761,spec,CT-GAN
98.91304347826086,ppv,CT-GAN
99.11504424778761,npv,CT-GAN
0.9998581359058022,auc,CT-GAN
0.9902439024390244,acc,CT-GAN
98.98989898989899,sens,CT-GAN
99.05660377358491,spec,CT-GAN
98.98989898989899,ppv,CT-GAN
99.05660377358491,npv,CT-GAN
1.0,auc,CT-GAN
0.9951219512195122,acc,CT-GAN
98.87640449438202,sens,CT-GAN
100.0,spec,CT-GAN
100.0,ppv,CT-GAN
99.14529914529915,npv,CT-GAN
0.999787955894826,auc,CT-GAN
0.9951219512195122,acc,CT-GAN
98.94736842105263,sens,CT-GAN
100.0,spec,CT-GAN
100.0,ppv,CT-GAN
99.09909909909909,npv,CT-GAN
0.9996002132196163,auc,CT-GAN
1.0,acc,CT-GAN
100.0,sens,CT-GAN
100.0,spec,CT-GAN
100.0,ppv,CT-GAN
100.0,npv,CT-GAN
0.9991202139639641,auc,CT-GAN
0.9902439024390244,acc,CT-GAN
98.07692307692307,sens,CT-GAN
100.0,spec,CT-GAN
100.0,ppv,CT-GAN
98.05825242718447,npv,CT-GAN
0.9998475391017363,auc,CT-GAN
0.9853658536585366,acc,CT-GAN
97.91666666666666,sens,CT-GAN
99.08256880733946,spec,CT-GAN
98.94736842105263,ppv,CT-GAN
98.18181818181819,npv,CT-GAN
0.9998043435726864,auc,CT-GAN
0.9902439024390244,acc,CT-GAN
97.97979797979798,sens,CT-GAN
100.0,spec,CT-GAN
100.0,ppv,CT-GAN
98.14814814814815,npv,CT-GAN
0.9992691231260139,auc,CT-GAN
0.9804878048780488,acc,CT-GAN
96.5909090909091,sens,CT-GAN
99.14529914529915,spec,CT-GAN
98.83720930232558,ppv,CT-GAN
97.47899159663865,npv,CT-GAN
1.0,auc,CT-GAN
0.9902439024390244,acc,CT-GAN
98.71794871794873,sens,CT-GAN
99.21259842519686,spec,CT-GAN
98.71794871794873,ppv,CT-GAN
99.21259842519686,npv,CT-GAN
0.9996927236971485,auc,CT-GAN
0.9951219512195122,acc,CT-GAN
98.93617021276596,sens,CT-GAN
100.0,spec,CT-GAN
100.0,ppv,CT-GAN
99.10714285714286,npv,CT-GAN
0.9994142393098675,auc,CT-GAN
0.9853658536585366,acc,CT-GAN
100.0,sens,CT-GAN
97.22222222222221,spec,CT-GAN
97.0,ppv,CT-GAN
100.0,npv,CT-GAN
0.9993917274939172,auc,CT-GAN
0.9951219512195122,acc,CT-GAN
99.03846153846155,sens,CT-GAN
100.0,spec,CT-GAN
100.0,ppv,CT-GAN
99.01960784313727,npv,CT-GAN
0.9994791386030137,auc,CT-GAN
0.9853658536585366,acc,CT-GAN
96.5909090909091,sens,CT-GAN
100.0,spec,CT-GAN
100.0,ppv,CT-GAN
97.5,npv,CT-GAN
0.999964739690767,auc,CT-GAN
0.9902439024390244,acc,CT-GAN
98.91304347826086,sens,CT-GAN
99.11504424778761,spec,CT-GAN
98.91304347826086,ppv,CT-GAN
99.11504424778761,npv,CT-GAN
0.9995034756703078,auc,CT-GAN
1.0,acc,CT-GAN
100.0,sens,CT-GAN
100.0,spec,CT-GAN
100.0,ppv,CT-GAN
100.0,npv,CT-GAN
0.999101759129151,auc,CT-GAN
0.9951219512195122,acc,CT-GAN
98.79518072289156,sens,CT-GAN
100.0,spec,CT-GAN
100.0,ppv,CT-GAN
99.1869918699187,npv,CT-GAN
0.9995601069819818,auc,CT-GAN
0.9951219512195122,acc,CT-GAN
98.93617021276596,sens,CT-GAN
100.0,spec,CT-GAN
100.0,ppv,CT-GAN
99.10714285714286,npv,CT-GAN
0.9991923602605748,auc,CT-GAN
0.9951219512195122,acc,CT-GAN
98.79518072289156,sens,CT-GAN
100.0,spec,CT-GAN
100.0,ppv,CT-GAN
99.1869918699187,npv,CT-GAN
0.9992873733108109,auc,CT-GAN
0.9951219512195122,acc,CT-GAN
99.05660377358491,sens,CT-GAN
100.0,spec,CT-GAN
100.0,ppv,CT-GAN
99.0,npv,CT-GAN
0.9992705462797862,auc,CT-GAN
0.9951219512195122,acc,CT-GAN
100.0,sens,CT-GAN
99.14529914529915,spec,CT-GAN
98.87640449438202,ppv,CT-GAN
100.0,npv,CT-GAN
0.999540189229817,auc,CT-GAN
0.9951219512195122,acc,CT-GAN
100.0,sens,CT-GAN
99.12280701754386,spec,CT-GAN
98.91304347826086,ppv,CT-GAN
100.0,npv,CT-GAN
0.9993970775996596,auc,CT-GAN
0.9902439024390244,acc,CT-GAN
97.91666666666666,sens,CT-GAN
100.0,spec,CT-GAN
100.0,ppv,CT-GAN
98.1981981981982,npv,CT-GAN
0.9996357498223171,auc,CT-GAN
0.9902439024390244,acc,CT-GAN
99.0,sens,CT-GAN
99.04761904761905,spec,CT-GAN
99.0,ppv,CT-GAN
99.04761904761905,npv,CT-GAN
0.9994632889652211,auc,CT-GAN
0.9951219512195122,acc,CT-GAN
100.0,sens,CT-GAN
99.09909909909909,spec,CT-GAN
98.94736842105263,ppv,CT-GAN
100.0,npv,CT-GAN
0.9992618416605895,auc,CT-GAN
0.9951219512195122,acc,CT-GAN
98.7012987012987,sens,CT-GAN
100.0,spec,CT-GAN
100.0,ppv,CT-GAN
99.2248062015504,npv,CT-GAN
0.9995701754385966,auc,CT-GAN
0.9902439024390244,acc,CT-GAN
98.0,sens,CT-GAN
100.0,spec,CT-GAN
100.0,ppv,CT-GAN
98.13084112149532,npv,CT-GAN
0.9996162906910336,auc,CT-GAN
0.9902439024390244,acc,CT-GAN
98.80952380952381,sens,CT-GAN
99.17355371900827,spec,CT-GAN
98.80952380952381,ppv,CT-GAN
99.17355371900827,npv,CT-GAN
0.9996476391825229,auc,CT-GAN
1.0,acc,CT-GAN
100.0,sens,CT-GAN
100.0,spec,CT-GAN
100.0,ppv,CT-GAN
100.0,npv,CT-GAN
0.9992313401187447,auc,CT-GAN
0.9951219512195122,acc,CT-GAN
98.76543209876543,sens,CT-GAN
100.0,spec,CT-GAN
100.0,ppv,CT-GAN
99.2,npv,CT-GAN
0.999560601799775,auc,CT-GAN
0.9902439024390244,acc,CT-GAN
98.80952380952381,sens,CT-GAN
99.17355371900827,spec,CT-GAN
98.80952380952381,ppv,CT-GAN
99.17355371900827,npv,CT-GAN
0.999392177589852,auc,CT-GAN
1.0,acc,CT-GAN
100.0,sens,CT-GAN
100.0,spec,CT-GAN
100.0,ppv,CT-GAN
100.0,npv,CT-GAN
0.9992101105845181,auc,CT-GAN
0.9902439024390244,acc,CT-GAN
98.79518072289156,sens,CT-GAN
99.18032786885246,spec,CT-GAN
98.79518072289156,ppv,CT-GAN
99.18032786885246,npv,CT-GAN
0.9994101801151469,auc,CT-GAN
0.9951219512195122,acc,CT-GAN
100.0,sens,CT-GAN
99.17355371900827,spec,CT-GAN
98.82352941176471,ppv,CT-GAN
100.0,npv,CT-GAN
0.998915745491088,auc,CT-GAN
0.9951219512195122,acc,CT-GAN
100.0,sens,CT-GAN
99.09909909909909,spec,CT-GAN
98.94736842105263,ppv,CT-GAN
100.0,npv,CT-GAN
0.9993596698742464,auc,CT-GAN
0.9951219512195122,acc,CT-GAN
99.00990099009901,sens,CT-GAN
100.0,spec,CT-GAN
100.0,ppv,CT-GAN
99.04761904761905,npv,CT-GAN
0.999552740804351,auc,CT-GAN
0.9853658536585366,acc,CT-GAN
97.67441860465115,sens,CT-GAN
99.15966386554622,spec,CT-GAN
98.82352941176471,ppv,CT-GAN
98.33333333333333,npv,CT-GAN
0.9998942190723012,auc,CT-GAN
0.9804878048780488,acc,CT-GAN
98.87640449438202,sens,CT-GAN
97.41379310344827,spec,CT-GAN
96.7032967032967,ppv,CT-GAN
99.12280701754386,npv,CT-GAN
0.9999114181947029,auc,CT-GAN
0.9853658536585366,acc,CT-GAN
98.96907216494846,sens,CT-GAN
98.14814814814815,spec,CT-GAN
97.95918367346938,ppv,CT-GAN
99.06542056074767,npv,CT-GAN
1.0,auc,CT-GAN
1.0,acc,CT-GAN
100.0,sens,CT-GAN
100.0,spec,CT-GAN
100.0,ppv,CT-GAN
100.0,npv,CT-GAN
0.999123831775701,auc,CT-GAN
0.9951219512195122,acc,CT-GAN
98.91304347826086,sens,CT-GAN
100.0,spec,CT-GAN
100.0,ppv,CT-GAN
99.12280701754386,npv,CT-GAN
0.9992027637523252,auc,CT-GAN
0.9902439024390244,acc,CT-GAN
97.95918367346938,sens,CT-GAN
100.0,spec,CT-GAN
100.0,ppv,CT-GAN
98.1651376146789,npv,CT-GAN
0.9995548433048433,auc,CT-GAN
0.9902439024390244,acc,CT-GAN
98.96907216494846,sens,CT-GAN
99.07407407407408,spec,CT-GAN
98.96907216494846,ppv,CT-GAN
99.07407407407408,npv,CT-GAN
0.9998573898782467,auc,CT-GAN
0.9902439024390244,acc,CT-GAN
99.02912621359224,sens,CT-GAN
99.01960784313727,spec,CT-GAN
99.02912621359224,ppv,CT-GAN
99.01960784313727,npv,CT-GAN
0.9995150600786681,auc,CT-GAN
0.9951219512195122,acc,CT-GAN
100.0,sens,CT-GAN
99.04761904761905,spec,CT-GAN
99.00990099009901,ppv,CT-GAN
100.0,npv,CT-GAN
0.9991312136139722,auc,CT-GAN
0.9853658536585366,acc,CT-GAN
96.66666666666667,sens,CT-GAN
100.0,spec,CT-GAN
100.0,ppv,CT-GAN
97.45762711864407,npv,CT-GAN
1.0,auc,CT-GAN
0.9951219512195122,acc,CT-GAN
98.98989898989899,sens,CT-GAN
100.0,spec,CT-GAN
100.0,ppv,CT-GAN
99.06542056074767,npv,CT-GAN
0.999375356938892,auc,CT-GAN
0.9853658536585366,acc,CT-GAN
97.72727272727273,sens,CT-GAN
99.14529914529915,spec,CT-GAN
98.85057471264368,ppv,CT-GAN
98.30508474576271,npv,CT-GAN
1.0,auc,CT-GAN
0.9902439024390244,acc,CT-GAN
98.96907216494846,sens,CT-GAN
99.07407407407408,spec,CT-GAN
98.96907216494846,ppv,CT-GAN
99.07407407407408,npv,CT-GAN
0.999696953491274,auc,CT-GAN
0.9902439024390244,acc,CT-GAN
97.97979797979798,sens,CT-GAN
100.0,spec,CT-GAN
100.0,ppv,CT-GAN
98.14814814814815,npv,CT-GAN
0.9992958625238427,auc,CT-GAN
0.9902439024390244,acc,CT-GAN
98.75,sens,CT-GAN
99.2,spec,CT-GAN
98.75,ppv,CT-GAN
99.2,npv,CT-GAN
0.9992530230596176,auc,CT-GAN
0.9853658536585366,acc,CT-GAN
96.80851063829788,sens,CT-GAN
100.0,spec,CT-GAN
100.0,ppv,CT-GAN
97.36842105263158,npv,CT-GAN
1.0,auc,CT-GAN
0.9902439024390244,acc,CT-GAN
98.94736842105263,sens,CT-GAN
99.0909090909091,spec,CT-GAN
98.94736842105263,ppv,CT-GAN
99.0909090909091,npv,CT-GAN
0.9994930719837783,auc,CT-GAN
0.9951219512195122,acc,CT-GAN
98.88888888888889,sens,CT-GAN
100.0,spec,CT-GAN
100.0,ppv,CT-GAN
99.13793103448276,npv,CT-GAN
0.9994075515076487,auc,CT-GAN
0.9951219512195122,acc,CT-GAN
100.0,sens,CT-GAN
99.11504424778761,spec,CT-GAN
98.9247311827957,ppv,CT-GAN
100.0,npv,CT-GAN
0.9993077373662069,auc,CT-GAN
0.9902439024390244,acc,CT-GAN
97.70114942528735,sens,CT-GAN
100.0,spec,CT-GAN
100.0,ppv,CT-GAN
98.33333333333333,npv,CT-GAN
0.9995945064438215,auc,CT-GAN
0.9902439024390244,acc,CT-GAN
98.88888888888889,sens,CT-GAN
99.1304347826087,spec,CT-GAN
98.88888888888889,ppv,CT-GAN
99.1304347826087,npv,CT-GAN
0.9994866893231381,auc,CT-GAN
0.9951219512195122,acc,CT-GAN
98.93617021276596,sens,CT-GAN
100.0,spec,CT-GAN
100.0,ppv,CT-GAN
99.10714285714286,npv,CT-GAN
0.9992633615563483,auc,CT-GAN
1.0,acc,CT-GAN
100.0,sens,CT-GAN
100.0,spec,CT-GAN
100.0,ppv,CT-GAN
100.0,npv,CT-GAN
0.9992559128355036,auc,CT-GAN
0.9902439024390244,acc,CT-GAN
98.9247311827957,sens,CT-GAN
99.10714285714286,spec,CT-GAN
98.9247311827957,ppv,CT-GAN
99.10714285714286,npv,CT-GAN
0.9996183680352165,auc,CT-GAN
0.9853658536585366,acc,CT-GAN
98.9010989010989,sens,CT-GAN
98.24561403508771,spec,CT-GAN
97.82608695652173,ppv,CT-GAN
99.11504424778761,npv,CT-GAN
0.9996187402468435,auc,CT-GAN
0.9951219512195122,acc,CT-GAN
98.88888888888889,sens,CT-GAN
100.0,spec,CT-GAN
100.0,ppv,CT-GAN
99.13793103448276,npv,CT-GAN
0.9996286143779292,auc,CT-GAN
0.9853658536585366,acc,CT-GAN
97.6470588235294,sens,CT-GAN
99.16666666666667,spec,CT-GAN
98.80952380952381,ppv,CT-GAN
98.34710743801654,npv,CT-GAN
0.9998238195912614,auc,CT-GAN
0.9902439024390244,acc,CT-GAN
97.67441860465115,sens,CT-GAN
100.0,spec,CT-GAN
100.0,ppv,CT-GAN
98.34710743801654,npv,CT-GAN
0.999277660324172,auc,CT-GAN
0.9853658536585366,acc,CT-GAN
98.91304347826086,sens,CT-GAN
98.23008849557522,spec,CT-GAN
97.84946236559139,ppv,CT-GAN
99.10714285714286,npv,CT-GAN
0.9996893693309902,auc,CT-GAN
0.9951219512195122,acc,CT-GAN
100.0,sens,CT-GAN
99.11504424778761,spec,CT-GAN
98.9247311827957,ppv,CT-GAN
100.0,npv,CT-GAN
0.9992633615563484,auc,CT-GAN
1.0,acc,CT-GAN
100.0,sens,CT-GAN
100.0,spec,CT-GAN
100.0,ppv,CT-GAN
100.0,npv,CT-GAN
0.9966342097862767,auc,CT-GAN
0.9853658536585366,acc,CT-GAN
97.0,sens,CT-GAN
100.0,spec,CT-GAN
100.0,ppv,CT-GAN
97.22222222222221,npv,CT-GAN
0.9999732606021712,auc,CT-GAN
0.9902439024390244,acc,CT-GAN
97.89473684210527,sens,CT-GAN
100.0,spec,CT-GAN
100.0,ppv,CT-GAN
98.21428571428571,npv,CT-GAN
0.9999822496760565,auc,CT-GAN
0.9853658536585366,acc,CT-GAN
98.96907216494846,sens,CT-GAN
98.14814814814815,spec,CT-GAN
97.95918367346938,ppv,CT-GAN
99.06542056074767,npv,CT-GAN
0.9998750713877783,auc,CT-GAN
0.9902439024390244,acc,CT-GAN
97.84946236559139,sens,CT-GAN
100.0,spec,CT-GAN
100.0,ppv,CT-GAN
98.24561403508771,npv,CT-GAN
0.9998228363894056,auc,CT-GAN
0.9902439024390244,acc,CT-GAN
100.0,sens,CT-GAN
98.4126984126984,spec,CT-GAN
97.53086419753086,ppv,CT-GAN
100.0,npv,CT-GAN
0.9994196781851754,auc,CT-GAN
0.9902439024390244,acc,CT-GAN
98.83720930232558,sens,CT-GAN
99.15966386554622,spec,CT-GAN
98.83720930232558,ppv,CT-GAN
99.15966386554622,npv,CT-GAN
0.9993913196894847,auc,CT-GAN
0.9902439024390244,acc,CT-GAN
97.61904761904762,sens,CT-GAN
100.0,spec,CT-GAN
100.0,ppv,CT-GAN
98.3739837398374,npv,CT-GAN
0.9998592342342342,auc,CT-GAN
0.9951219512195122,acc,CT-GAN
100.0,sens,CT-GAN
99.14529914529915,spec,CT-GAN
98.87640449438202,ppv,CT-GAN
100.0,npv,CT-GAN
0.9992395437262358,auc,CT-GAN
0.9902439024390244,acc,CT-GAN
98.82352941176471,sens,CT-GAN
99.16666666666667,spec,CT-GAN
98.82352941176471,ppv,CT-GAN
99.16666666666667,npv,CT-GAN
0.9995856913665131,auc,CT-GAN
0.9902439024390244,acc,CT-GAN
100.0,sens,CT-GAN
98.26086956521739,spec,CT-GAN
97.82608695652173,ppv,CT-GAN
100.0,npv,CT-GAN
0.9994768761526457,auc,CT-GAN
0.9951219512195122,acc,CT-GAN
98.85057471264368,sens,CT-GAN
100.0,spec,CT-GAN
100.0,ppv,CT-GAN
99.15966386554622,npv,CT-GAN
0.9992060691601976,auc,CT-GAN
0.9951219512195122,acc,CT-GAN
100.0,sens,CT-GAN
99.14529914529915,spec,CT-GAN
98.87640449438202,ppv,CT-GAN
100.0,npv,CT-GAN
0.9993191263595366,auc,CT-GAN
0.9951219512195122,acc,CT-GAN
98.9247311827957,sens,CT-GAN
100.0,spec,CT-GAN
100.0,ppv,CT-GAN
99.11504424778761,npv,CT-GAN
0.999210880976025,auc,CT-GAN
0.9853658536585366,acc,CT-GAN
97.87234042553192,sens,CT-GAN
99.09909909909909,spec,CT-GAN
98.9247311827957,ppv,CT-GAN
98.21428571428571,npv,CT-GAN
1.0,auc,CT-GAN
