DCR,NNDR,type
0.0,1.0,Avatar
3.743989743693429,0.9468087571038706,Avatar
0.0,0.0,Avatar
1.19264606399623,0.5379350528815603,Avatar
0.0,1.0,Avatar
3.6948719635577003,0.7068543909368931,Avatar
0.8164276435054247,1.0,Avatar
0.0,1.0,Avatar
0.0,1.0,Avatar
0.0,1.0,Avatar
0.0,1.0,Avatar
0.0,1.0,Avatar
0.709028440883651,0.33931698776932256,Avatar
0.0,0.0,Avatar
0.3490934856764125,0.10689711772247806,Avatar
0.0,0.0,Avatar
0.0,1.0,Avatar
0.0,1.0,Avatar
2.3022973630010286,0.7880419159139797,Avatar
0.0,1.0,Avatar
2.4764782522255873,0.8702448666939314,Avatar
0.6608558344228832,0.3133783874604328,Avatar
0.0,1.0,Avatar
0.0,1.0,Avatar
1.540135774583574,0.8711691832597096,Avatar
0.0,1.0,Avatar
0.0,1.0,Avatar
0.0,1.0,Avatar
0.0,1.0,Avatar
0.0,1.0,Avatar
0.0,1.0,Avatar
2.337720908894579,0.8007701052615942,Avatar
0.0,1.0,Avatar
0.0,1.0,Avatar
0.0,1.0,Avatar
2.497488023145176,0.3257712352445627,Avatar
0.0,0.0,Avatar
2.979102285223453,0.9141295874420969,Avatar
1.6328552870108495,0.6626203913948026,Avatar
1.8386817215414715,0.6142042814607325,Avatar
0.0,1.0,Avatar
3.478768413774921,0.9862700903156,Avatar
3.1377289689740704,0.5934145786115307,Avatar
0.0,1.0,Avatar
1.0042584245583088,0.21252260458455915,Avatar
0.0,1.0,Avatar
0.0,1.0,Avatar
1.4325726712709321,0.581112781894005,Avatar
0.0,0.0,Avatar
2.7860512507185735,0.8853864542036494,Avatar
1.9432859460752565,0.7583465125349512,Avatar
2.475852285359685,0.8889603142014934,Avatar
2.107178081504557,0.6772285994101231,Avatar
2.4262385260866615,0.9966615368939915,Avatar
2.058504229727914,0.718305918296563,Avatar
2.2040338741640504,0.7635968723351261,Avatar
3.860078297070493,0.974946794551417,Avatar
2.3722235103869322,0.8448545554989996,Avatar
1.7331568751104078,0.9778547918479288,Avatar
0.0,1.0,Avatar
0.0,1.0,Avatar
0.6538313245684015,0.20837358237404635,Avatar
0.0,1.0,Avatar
4.306334830881644,0.9074135873928483,Avatar
0.0,1.0,Avatar
2.202325223319951,0.9563419283738532,Avatar
3.723223606383506,0.8751507777692571,Avatar
0.3346069792954298,0.5000000000000001,Avatar
0.0,1.0,Avatar
2.054820627599175,0.9916861039104959,Avatar
0.6551649388818964,0.4123719778690594,Avatar
3.7914154681791827,0.93636559094151,Avatar
0.0,0.0,Avatar
2.449282930516274,0.9955799746919032,Avatar
0.4498252629480878,1.0,Avatar
0.0,0.0,Avatar
0.0,0.0,Avatar
0.0,1.0,Avatar
0.40821382175271237,0.6164607764918117,Avatar
0.0,1.0,Avatar
0.32624885512745333,0.9202701508584185,Avatar
0.0,0.0,Avatar
0.3275824694409484,0.17251660993711995,Avatar
0.757307307429125,0.249925463235089,Avatar
1.580067374594872,0.6574237529117541,Avatar
2.2890958154785226,0.885401863239129,Avatar
0.0,1.0,Avatar
0.34909348567641235,0.5169133705742238,Avatar
0.0,1.0,Avatar
0.0,1.0,Avatar
0.0,1.0,Avatar
0.0,1.0,Avatar
0.0,1.0,Avatar
0.0,1.0,Avatar
0.0,1.0,Avatar
0.0,1.0,Avatar
1.935466865044372,0.8162939951483037,Avatar
1.2608430293219002,0.3767023445353993,Avatar
1.4856416020962846,0.3077148214267447,Avatar
0.7844322422435176,0.2692107480947651,Avatar
0.3346069792954298,0.5000000000000001,Avatar
0.0,0.0,Avatar
1.8637081005346623,0.8874151517740487,Avatar
1.838119264396655,0.7937078903005245,Avatar
5.455887088932329,0.9175118577162168,Avatar
1.1542851287001161,0.2940145978698446,Avatar
0.0,0.0,Avatar
1.6379123472047408,0.43307365145764415,Avatar
1.1495522580506847,0.5577939015688116,Avatar
0.6692139585908594,0.3912003055267012,Avatar
7.093846703421539,0.9958532352183265,Avatar
5.0985578995781005,0.9671958446396566,Avatar
0.883475914577584,0.7907648538937656,Avatar
0.0,1.0,Avatar
1.060711532007619,0.9987442960234654,Avatar
2.7930260683221935,0.9538823207455704,Avatar
0.6006833227685304,0.9205906983702146,Avatar
0.6807630755692788,0.9972383819694549,Avatar
0.32624885512745333,1.0,Avatar
0.7357962911936605,0.7507511185686847,Avatar
2.420538035153629,0.8730152399162417,Avatar
0.0,0.0,Avatar
1.385115565012048,0.4921823872932737,Avatar
0.0,1.0,Avatar
3.381473446792167,0.959734354513185,Avatar
0.0,1.0,Avatar
2.4275641182648355,0.9650756992018273,Avatar
0.9986941982302419,0.9257678100919885,Avatar
0.0,1.0,Avatar
0.0,1.0,Avatar
0.0,0.0,Avatar
0.0,0.0,Avatar
0.0,1.0,Avatar
1.3345944001376802,1.0,Avatar
0.0,1.0,Avatar
0.0,1.0,Avatar
0.0,1.0,Avatar
0.0,1.0,Avatar
0.0,1.0,Avatar
0.7344626768801659,0.3138117053516896,Avatar
0.0,1.0,Avatar
0.0,1.0,Avatar
2.879970304830901,0.8251474676315294,Avatar
0.2744344676410771,0.4558583832728368,Avatar
0.8164276435054247,0.8782574921805827,Avatar
2.0730498978230103,0.5875729185090267,Avatar
0.0,1.0,Avatar
3.044538928452253,0.972516411319567,Avatar
3.3288264413854005,1.0,Avatar
0.4498252629480878,1.0,Avatar
0.0,1.0,Avatar
2.0542923877259693,0.6157184648094554,Avatar
0.0,0.0,Avatar
0.0,1.0,Avatar
0.5771425643500581,0.15445887048087126,Avatar
2.864904765515086,0.8593271674050259,Avatar
0.0,1.0,Avatar
0.0,1.0,Avatar
1.0977378705643084,1.0,Avatar
0.2744344676410771,1.0,Avatar
0.4082138217527125,0.23844916412503145,Avatar
3.0753264021876556,0.848651137276521,Avatar
0.0,1.0,Avatar
0.0,1.0,Avatar
0.0,1.0,Avatar
0.0,1.0,Avatar
0.0,1.0,Avatar
0.7090284408836511,0.32505557823263126,Avatar
2.9266923302183763,0.9711599364334234,Avatar
2.041069108763562,0.6725619483408637,Avatar
0.0,1.0,Avatar
0.9787465653823599,0.6467340490595971,Avatar
0.0,1.0,Avatar
2.3871395439957532,0.8675469326853007,Avatar
0.0,1.0,Avatar
0.0,1.0,Avatar
0.0,1.0,Avatar
1.0038209378862895,0.47169988074014835,Avatar
1.6479605239732193,0.5241457286146493,Avatar
0.0,1.0,Avatar
3.860554198033506,0.9922654572585022,Avatar
2.492154881357411,0.7112117699883072,Avatar
4.228159061918033,0.8262300281268801,Avatar
0.3262488551274533,0.9999999999999998,Avatar
3.7403984956889147,0.6623575505246239,Avatar
1.471756483078189,0.506245389158074,Avatar
0.0,1.0,Avatar
0.0,1.0,Avatar
0.0,1.0,Avatar
0.0,1.0,Avatar
1.1495522580506847,0.6402329030961272,Avatar
0.6538313245684015,0.6427406617523777,Avatar
0.0,1.0,Avatar
0.0,1.0,Avatar
2.964784383152971,0.8436119599108951,Avatar
5.245210419450235,0.985159747248464,Avatar
0.0,1.0,Avatar
0.0,1.0,Avatar
0.0,1.0,Avatar
3.9938180517152193,0.94385292914321,Avatar
1.1778176233650568,0.2918531914383332,Avatar
0.0,1.0,Avatar
0.0,1.0,Avatar
0.709028440883651,0.7848590450144368,Avatar
1.1172422626363636,0.47654256910439025,Avatar
3.0015141327200254,0.9490453373605683,Avatar
0.0,1.0,Avatar
4.074020600417898,0.8957693257312705,Avatar
1.9210412734875397,0.476059508852977,Avatar
1.063378760634609,0.33386410983953174,Avatar
0.0,1.0,Avatar
0.0,1.0,Avatar
1.8140186427136349,0.8045521034104216,Avatar
0.0,0.0,Avatar
0.0,0.0,Avatar
0.9033831557239798,0.2637251792022286,Avatar
1.4522520910061338,1.0,Avatar
0.4498252629480878,0.16773146984546233,Avatar
1.353216682425599,0.33491953679413305,Avatar
0.0,1.0,Avatar
2.713533573253683,0.7676975909362753,Avatar
0.0,0.0,Avatar
0.0,1.0,Avatar
0.0,0.0,Avatar
3.1247536142194527,0.7927221208463887,Avatar
0.8996505258961758,0.21496878436991354,Avatar
3.077137018274928,1.0,Avatar
1.2487440115725879,0.7241620858818102,Avatar
0.6807630755692788,0.5523121662999207,Avatar
2.180054569493889,0.7233675702625816,Avatar
1.4036766354710253,0.8983536501347569,Avatar
2.572342010467418,0.9229323345057393,Avatar
0.0,0.0,Avatar
1.037162509835615,1.0,Avatar
0.0,0.0,Avatar
0.0,1.0,Avatar
0.32758246944094827,0.2435851256646111,Avatar
0.0,1.0,Avatar
0.6235279533174894,1.0,Avatar
3.782082316916606,0.9402079562281823,Avatar
1.0635426613254766,0.790833444936043,Avatar
0.6753423408038657,0.7717159315065062,Avatar
0.0,1.0,Avatar
4.608049692642278,0.8825570720657544,Avatar
0.6981869713528247,0.15346187776596895,Avatar
0.0,1.0,Avatar
0.0,1.0,Avatar
3.2383956611058142,0.9488198128956045,Avatar
0.0,1.0,Avatar
0.0,1.0,Avatar
0.0,1.0,Avatar
2.321612812176583,1.0,Avatar
2.2530024361308967,0.581592986668075,Avatar
0.9787465653823599,0.6467340490595971,Avatar
3.0606344687963256,0.8109258468127644,Avatar
2.2073888735809817,0.39451083649003194,Avatar
1.2393320130864363,0.432764673713668,Avatar
0.0,0.0,Avatar
2.7557478794676613,0.6572681850357386,Avatar
0.9787465653823599,1.0,Avatar
3.1783952595259466,0.9159641629502554,Avatar
0.0,1.0,Avatar
1.4663357483127761,0.9104098037538091,Avatar
0.0,1.0,Avatar
0.0,1.0,Avatar
3.2730909511818966,0.9941947683662372,Avatar
0.5488689352821542,0.7964766364631131,Avatar
0.0,1.0,Avatar
0.0,1.0,Avatar
0.0,1.0,Avatar
2.9572341844836054,0.9253047176968487,Avatar
0.0,1.0,Avatar
0.0,1.0,Avatar
1.9832066884527535,0.7755980033249745,Avatar
0.7844322422435175,0.29879767014034075,Avatar
1.8088680687237957,0.8537094132667599,Avatar
4.156390855670405,0.7481736911717347,Avatar
2.508329492676002,0.8971222932173046,Avatar
0.0,1.0,Avatar
2.940006308012055,0.9858081591994536,Avatar
2.768546280911035,0.9993590283263719,Avatar
0.0,1.0,Avatar
0.0,1.0,Avatar
2.4499918406510197,0.856742925490833,Avatar
3.2575409912629927,0.8000057773648187,Avatar
3.159677471881554,0.7545784749692233,Avatar
0.34909348567641235,0.5550428712085936,Avatar
2.3969873304138014,0.8676188014705223,Avatar
2.0576765481776276,0.7593857858505053,Avatar
0.0,1.0,Avatar
1.2662529064535126,0.7294099242389087,Avatar
0.0,1.0,Avatar
2.5832508260371796,0.7008258087983721,Avatar
2.442521991370228,0.7082236767024618,Avatar
0.0,1.0,Avatar
0.0,1.0,Avatar
1.7094699057656146,0.6658961156679684,Avatar
1.3583351583281147,0.7839157229096029,Avatar
0.0,1.0,Avatar
0.0,1.0,Avatar
2.536172565024783,0.6775261107925886,Avatar
0.0,1.0,Avatar
0.0,1.0,Avatar
1.7860234381748366,0.680796379151827,Avatar
3.546081502749419,0.8368505123778144,Avatar
0.34909348567641235,0.5216470475473738,Avatar
3.38220848870745,0.8707461148776394,Avatar
1.1542851287001161,0.49009448116262894,Avatar
0.0,1.0,Avatar
1.7725711022091275,0.6946658439465445,Avatar
0.0,1.0,Avatar
0.34909348567641235,0.8551731153480787,Avatar
0.0,0.0,Avatar
0.0,1.0,Avatar
4.2101469813629,0.9919006795826417,Avatar
2.380733148252883,0.8384910330152834,Avatar
3.227594088046688,0.8844941292303231,Avatar
0.6235279533174894,0.9913812766158461,Avatar
0.34909348567641235,0.47444311673559575,Avatar
2.0250492141884306,0.8845798058953148,Avatar
1.6379123472047408,0.6085625345232581,Avatar
0.0,1.0,Avatar
2.4665650084235597,0.9080481282883661,Avatar
0.0,1.0,Avatar
0.0,1.0,Avatar
0.0,0.0,Avatar
2.3879215587982325,0.6582158636984472,Avatar
0.0,1.0,Avatar
0.0,1.0,Avatar
0.0,1.0,Avatar
0.6981869713528248,0.19806963670360675,Avatar
0.0,1.0,Avatar
0.6524977102549067,0.9661732588515525,Avatar
0.0,1.0,Avatar
3.9338544890074987,0.8809226962453572,Avatar
3.040080495026487,0.6641218375667859,Avatar
0.0,1.0,Avatar
0.0,1.0,Avatar
2.719700664600353,0.9975899441029669,Avatar
3.044064305903296,0.9125799496490419,Avatar
0.0,1.0,Avatar
0.0,0.0,Avatar
3.0317223708585104,0.9648048700557197,Avatar
1.5558891297324182,0.4925028659859978,Avatar
2.763774872649334,0.8481497171150704,Avatar
2.9982305164468803,0.9740822571037101,Avatar
2.8262688790904966,0.9810123756172008,Avatar
1.6997781672841439,0.475807932360785,Avatar
0.32758246944094815,0.22865497495845105,Avatar
2.877244360291177,0.9551162200544203,Avatar
0.0,1.0,Avatar
0.0,1.0,Avatar
0.0,0.0,Avatar
4.975949044666575,0.9547462612433537,Avatar
0.0,1.0,Avatar
0.0,1.0,Avatar
0.9897719181773262,0.9929529142993103,Avatar
0.0,1.0,Avatar
0.0,1.0,Avatar
0.0,0.0,Avatar
0.0,1.0,Avatar
0.0,1.0,Avatar
0.0,1.0,Avatar
0.0,1.0,Avatar
0.3545142204418255,0.5239054495151076,Avatar
0.0,0.0,Avatar
0.0,1.0,Avatar
2.419648077698621,0.9771282428521976,Avatar
0.9635556673783323,0.8500518723527343,Avatar
0.0,1.0,Avatar
0.0,1.0,Avatar
1.1190392215389473,0.8579674296265489,Avatar
1.3103298777637928,0.4097154076990151,Avatar
0.6891211997372553,0.6981237218629526,Avatar
0.0,1.0,Avatar
0.2744344676410771,0.44013177946705445,Avatar
0.3545142204418255,0.8684522707234127,Avatar
2.2233547848757116,0.6503310529831773,Avatar
0.0,1.0,Avatar
0.0,1.0,Avatar
0.0,0.0,Avatar
0.0,1.0,Avatar
0.0,1.0,Avatar
0.0,1.0,Avatar
0.0,1.0,Avatar
0.0,1.0,Avatar
0.0,0.0,Avatar
0.0,1.0,Avatar
0.6692139585908596,0.3124435940892708,Avatar
0.0,1.0,Avatar
0.3346069792954298,1.0,Avatar
0.0,1.0,Avatar
0.0,1.0,Avatar
0.0,1.0,Avatar
0.0,0.0,Avatar
0.0,1.0,Avatar
0.0,1.0,Avatar
1.730575533416384,0.9532597035543222,Avatar
0.0,1.0,Avatar
0.0,0.0,Avatar
1.0112829344127903,0.4949930021495949,Avatar
1.4715925823873208,0.43214353375191833,Avatar
0.0,1.0,Avatar
1.1579103822186612,0.8320253957165925,Avatar
1.6479637797977675,0.9991914045833963,Avatar
0.0,0.0,Avatar
2.3789265939582536,0.7648373005673581,Avatar
0.3262488551274533,0.39626807561959543,Avatar
0.0,1.0,Avatar
0.0,1.0,Avatar
0.0,0.0,Avatar
1.1723968885996436,0.6298068742630786,Avatar
2.6778170852189107,0.47418266645318397,Avatar
0.0,1.0,Avatar
0.0,1.0,Avatar
0.3346069792954297,0.958502501549368,Avatar
0.660855834422883,0.6181597528331091,Avatar
0.0,1.0,Avatar
0.0,0.0,Avatar
2.3967562458735,0.9593661083122131,Avatar
3.3618687593513386,0.8962392572029169,Avatar
0.6981869713528247,1.0,Avatar
0.0,1.0,Avatar
0.0,1.0,Avatar
0.0,1.0,Avatar
3.1970850932103048,0.8757390018316096,Avatar
0.7357962911936606,0.7098095185620389,Avatar
0.2744344676410771,0.7741141308776098,Avatar
0.0,1.0,Avatar
0.8043394833899133,0.8940577037830114,Avatar
0.0,1.0,Avatar
0.0,1.0,Avatar
0.0,1.0,Avatar
0.0,1.0,Avatar
1.4554942787819496,0.4432976208304221,Avatar
0.0,1.0,Avatar
0.0,1.0,Avatar
0.0,0.0,Avatar
0.3346069792954298,0.1363086671861874,Avatar
0.40821382175271237,0.6032633769023358,Avatar
3.416275838728789,0.7556344273118621,Avatar
4.142894697714212,0.9023386642051064,Avatar
3.6147302857815387,0.8202532873088308,Avatar
0.0,1.0,Avatar
0.32758246944094815,0.979006684590761,Avatar
0.0,1.0,Avatar
0.0,1.0,Avatar
0.0,1.0,Avatar
0.0,1.0,Avatar
0.0,1.0,Avatar
3.8498753507794925,0.7038653801507314,Avatar
4.203903840093522,0.9851442441953899,Avatar
3.43842229176056,0.8652523908659326,Avatar
0.0,1.0,Avatar
0.0,1.0,Avatar
0.0,1.0,Avatar
0.0,1.0,Avatar
0.0,0.0,Avatar
0.0,1.0,Avatar
0.0,1.0,Avatar
0.0,1.0,Avatar
0.0,1.0,Avatar
0.0,1.0,Avatar
0.0,1.0,Avatar
1.806050811246076,0.6625211294464031,Avatar
0.0,1.0,Avatar
1.0581219265600632,0.8369851144796044,Avatar
2.6372776122600263,0.9139085470952794,Avatar
2.8969859742812494,0.9853399706390991,Avatar
0.0,1.0,Avatar
0.40821382175271237,0.5846769397053442,Avatar
0.0,1.0,Avatar
3.3917557150027244,0.9433448197324223,Avatar
2.5647647848773674,0.8561689213699905,Avatar
1.664225984094007,0.46959546343706654,Avatar
0.0,1.0,Avatar
1.0633787606346088,0.46167074242436845,Avatar
0.0,1.0,Avatar
3.0127752736749263,0.7139649315431835,Avatar
1.6187206062602288,0.9341880952319701,Avatar
0.0,1.0,Avatar
0.0,1.0,Avatar
0.0,1.0,Avatar
0.0,1.0,Avatar
0.0,1.0,Avatar
0.0,1.0,Avatar
0.0,1.0,Avatar
0.0,1.0,Avatar
0.0,1.0,Avatar
0.0,1.0,Avatar
0.0,1.0,Avatar
2.518286802307864,0.7167069383694059,Avatar
0.35451422044182546,0.7881154075660227,Avatar
0.0,1.0,Avatar
0.0,1.0,Avatar
0.0,1.0,Avatar
0.0,1.0,Avatar
0.0,1.0,Avatar
0.0,1.0,Avatar
2.823697802037357,0.9573611563489487,Avatar
2.539137365067338,0.7201317120734271,Avatar
0.0,1.0,Avatar
0.0,1.0,Avatar
0.0,1.0,Avatar
3.225367906225616,0.9321250615070793,Avatar
0.0,1.0,Avatar
0.32624885512745333,0.9959289203852368,Avatar
2.9535851671734825,0.7770606413903314,Avatar
2.002474744415045,0.890319493189636,Avatar
0.0,1.0,Avatar
0.0,1.0,Avatar
0.0,1.0,Avatar
0.0,1.0,Avatar
0.0,0.0,Avatar
0.0,1.0,Avatar
2.220737543342254,0.9101373934460737,Avatar
0.0,1.0,Avatar
0.0,1.0,Avatar
0.0,1.0,Avatar
0.0,1.0,Avatar
0.0,0.0,Avatar
0.0,1.0,Avatar
0.0,1.0,Avatar
0.0,1.0,Avatar
0.0,0.0,Avatar
0.0,0.0,Avatar
0.0,1.0,Avatar
0.32624885512745333,0.47923993946738697,Avatar
0.0,1.0,Avatar
0.3262488551274533,0.4999999999999999,Avatar
0.0,1.0,Avatar
2.4342408441643095,0.6421609510266303,Avatar
0.0,1.0,Avatar
0.0,1.0,Avatar
3.243140371814976,0.9479326883161135,Avatar
0.0,1.0,Avatar
0.0,1.0,Avatar
0.3262488551274533,0.39626807561959543,Avatar
1.0029248102448138,0.9675036219045416,Avatar
0.0,1.0,Avatar
1.2786928921993859,0.9913850276437142,Avatar
0.7242597305891647,0.6713730248093085,Avatar
0.0,1.0,Avatar
0.0,1.0,Avatar
0.0,1.0,Avatar
0.0,1.0,Avatar
0.0,1.0,Avatar
0.0,1.0,Avatar
0.0,1.0,Avatar
0.0,1.0,Avatar
1.9210412734875395,0.47077834078439007,Avatar
0.0,1.0,Avatar
0.0,1.0,Avatar
0.5488689352821542,0.14708671161501635,Avatar
2.2700216125785855,0.8799700875693703,Avatar
1.7309809220010794,0.7419566764463884,Avatar
3.481741879474753,0.9935801044527609,Avatar
0.0,1.0,Avatar
0.0,1.0,Avatar
2.623193954953384,0.7844973317995967,Avatar
0.0,1.0,Avatar
0.0,1.0,Avatar
0.0,1.0,Avatar
0.0,1.0,Avatar
0.0,1.0,Avatar
0.6753423408038657,0.9195053228199015,Avatar
2.6036895628813292,0.8410569357949941,Avatar
4.12909661957134,0.8188918973453514,Avatar
0.0,1.0,Avatar
0.3346069792954297,0.958502501549368,Avatar
0.0,1.0,Avatar
0.0,0.0,Avatar
0.0,1.0,Avatar
2.127085322650953,0.5867500875929101,Avatar
0.0,1.0,Avatar
2.058504229727914,0.9765345655617115,Avatar
1.3103298777637926,0.7807635851926327,Avatar
3.101744767581395,0.7709277947353996,Avatar
0.0,1.0,Avatar
3.2124677272327626,0.9487246601793762,Avatar
0.0,1.0,Avatar
0.0,1.0,Avatar
0.40821382175271237,0.4757520129692663,Avatar
0.0,1.0,Avatar
0.6235279533174894,0.8861869304380652,Avatar
0.0,1.0,Avatar
0.0,1.0,Avatar
0.0,1.0,Avatar
3.628967899678835,0.9874497020535303,Avatar
3.10935016006954,0.7410579888915567,Avatar
5.439851676556,0.9149418106865254,Avatar
0.0,1.0,Avatar
0.0,1.0,Avatar
2.1575479020619808,0.6379145777314995,Avatar
0.0,1.0,Avatar
2.2974539396464992,0.6774006268647464,Avatar
1.009679159323722,1.0,Avatar
0.3490934856764125,0.10028469063036942,Avatar
0.6608558344228832,0.9320582875339515,Avatar
0.0,1.0,Avatar
0.0,0.0,Avatar
0.0,1.0,Avatar
0.0,1.0,Avatar
0.0,1.0,Avatar
0.0,1.0,Avatar
1.637912347204741,0.6657755675592485,Avatar
0.3545142204418255,0.3591455133328565,Avatar
0.0,1.0,Avatar
0.34909348567641235,0.8551731153480787,Avatar
0.0,0.0,Avatar
0.0,0.0,Avatar
0.0,1.0,Avatar
0.0,1.0,Avatar
0.0,1.0,Avatar
0.0,0.0,Avatar
0.0,1.0,Avatar
0.0,1.0,Avatar
0.0,0.0,Avatar
0.0,1.0,Avatar
0.0,1.0,Avatar
1.9210412734875395,0.8708939889691788,Avatar
0.0,0.0,Avatar
0.0,1.0,Avatar
0.0,1.0,Avatar
0.3346069792954297,0.9999999999999997,Avatar
0.0,1.0,Avatar
0.0,1.0,Avatar
0.0,1.0,Avatar
0.0,1.0,Avatar
0.0,1.0,Avatar
0.0,1.0,Avatar
0.0,1.0,Avatar
1.8306605236947018,0.6314564347138449,Avatar
0.0,1.0,Avatar
0.34909348567641235,0.28198217867036107,Avatar
0.0,1.0,Avatar
0.0,1.0,Avatar
0.0,1.0,Avatar
0.0,1.0,Avatar
0.0,1.0,Avatar
0.0,1.0,Avatar
1.799301051792351,0.5419846520397216,Avatar
1.745467428382062,0.578641667229757,Avatar
0.0,1.0,Avatar
0.0,1.0,Avatar
0.0,1.0,Avatar
0.0,1.0,Avatar
0.0,1.0,Avatar
0.0,1.0,Avatar
0.0,1.0,Avatar
1.090310511635486,0.9530602040111475,Avatar
0.0,1.0,Avatar
4.435755054038076,0.9667007098297326,Avatar
3.299025763245448,0.5727779845236557,Avatar
3.5562557072073115,0.9136088570065036,Avatar
0.2744344676410771,1.0,Avatar
0.0,1.0,Avatar
0.983462908524728,0.9819005124243981,Avatar
0.0,1.0,Avatar
0.32758246944094815,1.0,Avatar
0.0,1.0,Avatar
0.0,1.0,Avatar
0.0,1.0,Avatar
0.0,1.0,Avatar
0.0,0.0,Avatar
1.8396167794010174,0.7473473710328555,Avatar
0.0,0.0,Avatar
0.0,1.0,Avatar
0.0,1.0,Avatar
0.0,1.0,Avatar
0.0,1.0,Avatar
0.0,1.0,Avatar
0.0,1.0,Avatar
0.0,0.0,Avatar
0.0,1.0,Avatar
1.3782423994745108,0.4610686155123545,Avatar
0.0,1.0,Avatar
1.1190392215389475,0.8837406933762726,Avatar
0.7844322422435175,0.683296064977218,Avatar
0.0,1.0,Avatar
2.0491498358714506,0.9449475591021045,Avatar
2.616940181941514,0.841866149459644,Avatar
1.8678821447153895,0.3974617143442734,Avatar
0.44982526294808767,0.680670790083762,Synthpop
0.0,1.0,Synthpop
4.146270145215482,0.8846625924177817,Synthpop
2.284021307583692,0.6402603975385652,Synthpop
0.0,1.0,Synthpop
0.0,1.0,Synthpop
0.0,1.0,Synthpop
2.7718126073299936,0.8200292866684086,Synthpop
2.018307444267272,0.9581782587973744,Synthpop
2.85877638330208,0.8269539403561027,Synthpop
1.3767574408440715,0.34117192811160757,Synthpop
0.35451422044182546,1.0,Synthpop
0.0,1.0,Synthpop
3.252552370301128,0.9511667435919424,Synthpop
2.6374707960735417,0.9605001774575385,Synthpop
0.35451422044182546,0.5249400178579714,Synthpop
0.0,1.0,Synthpop
1.1542851287001161,0.4067611387508421,Synthpop
0.0,1.0,Synthpop
0.34909348567641235,1.0,Synthpop
2.3146871589912843,0.9912387316850897,Synthpop
4.530296789103372,0.9806311276761462,Synthpop
2.312636573896995,0.8725380823162201,Synthpop
0.0,1.0,Synthpop
0.0,0.0,Synthpop
0.8996505258961754,1.0,Synthpop
1.3802836612355984,0.6176118913446382,Synthpop
0.0,1.0,Synthpop
0.0,0.0,Synthpop
0.0,1.0,Synthpop
0.32758246944094815,0.924031958528172,Synthpop
0.0,1.0,Synthpop
1.7600760697373616,0.693604082325635,Synthpop
0.0,1.0,Synthpop
0.3262488551274533,0.9999999999999998,Synthpop
3.6457294173549593,0.9437396998596631,Synthpop
0.0,1.0,Synthpop
0.8580390847008001,0.32212522102556757,Synthpop
0.0,1.0,Synthpop
0.34909348567641235,0.9847094010540469,Synthpop
0.3545142204418257,0.13147696565359,Synthpop
2.5190369401074255,0.6347982258053189,Synthpop
0.9967964280318077,0.9312344753733329,Synthpop
0.2744344676410771,0.7741141308776098,Synthpop
1.391125130766425,0.478046579376303,Synthpop
0.3545142204418255,0.6142576242683769,Synthpop
2.039098233897394,0.9490244428858398,Synthpop
0.0,1.0,Synthpop
2.9237119850946875,0.9501475727299383,Synthpop
0.6837004649718421,0.9921338441373159,Synthpop
3.412279762099076,0.8699467055568157,Synthpop
2.4509570925002624,0.968477518382738,Synthpop
0.0,1.0,Synthpop
0.0,1.0,Synthpop
1.7993010517923511,0.635050321681456,Synthpop
0.0,1.0,Synthpop
0.3545142204418255,0.6458995903267548,Synthpop
0.0,0.0,Synthpop
0.0,1.0,Synthpop
0.2744344676410771,1.0,Synthpop
0.0,1.0,Synthpop
0.0,1.0,Synthpop
0.0,0.0,Synthpop
0.32624885512745333,0.9345601350747217,Synthpop
0.7344626768801656,0.5521985994554325,Synthpop
2.8775957906492007,0.821911310005586,Synthpop
2.1761089725209577,0.8759040197587316,Synthpop
0.0,1.0,Synthpop
0.0,0.0,Synthpop
0.0,1.0,Synthpop
0.0,0.0,Synthpop
0.0,1.0,Synthpop
2.4034132678700724,0.6942834744779128,Synthpop
0.0,1.0,Synthpop
0.0,1.0,Synthpop
2.299765362183161,0.7360306381956168,Synthpop
0.0,0.0,Synthpop
0.0,1.0,Synthpop
0.0,1.0,Synthpop
0.0,0.0,Synthpop
0.0,1.0,Synthpop
0.0,0.0,Synthpop
0.0,1.0,Synthpop
2.518478508465664,0.7792626582200005,Synthpop
1.3979857399300384,0.7016498186838196,Synthpop
0.3346069792954297,1.0,Synthpop
0.0,1.0,Synthpop
0.2744344676410771,0.6722811747597413,Synthpop
1.7735104005402915,0.6083683237959608,Synthpop
3.7022177120016484,0.8773362291122458,Synthpop
1.5040747422460419,0.5513624955521741,Synthpop
0.0,1.0,Synthpop
2.263411791858175,0.7257857828739317,Synthpop
1.317354387618274,0.9423231940006772,Synthpop
0.0,1.0,Synthpop
2.625934235469046,0.9231230347841223,Synthpop
0.6837004649718421,1.0,Synthpop
2.923414781226129,0.9990128385751627,Synthpop
2.296961627332994,0.4691411806011463,Synthpop
0.0,1.0,Synthpop
0.0,1.0,Synthpop
0.3545142204418255,0.5364471371451508,Synthpop
0.7774077323890358,1.0,Synthpop
2.1538152722341763,0.9560364520056323,Synthpop
0.0,1.0,Synthpop
0.0,1.0,Synthpop
0.3346069792954297,1.0,Synthpop
0.0,1.0,Synthpop
1.792777787253745,0.9554619893371789,Synthpop
3.435418410541227,0.9242598912295128,Synthpop
0.0,1.0,Synthpop
0.0,1.0,Synthpop
0.0,1.0,Synthpop
0.0,1.0,Synthpop
2.133908031087781,0.8212961931648056,Synthpop
0.4082138217527125,0.1683281963858474,Synthpop
0.0,1.0,Synthpop
3.7274686565814847,0.8702619778083621,Synthpop
0.0,1.0,Synthpop
0.0,1.0,Synthpop
0.0,1.0,Synthpop
0.0,1.0,Synthpop
0.0,1.0,Synthpop
2.1659034323496877,0.5882084046276418,Synthpop
3.498096821228145,0.9616583702967016,Synthpop
0.0,1.0,Synthpop
0.0,1.0,Synthpop
0.3545142204418255,0.3591455133328565,Synthpop
1.4595044222718099,0.5478277044553951,Synthpop
3.0793473489414023,0.9683829560936097,Synthpop
3.7301020307950647,0.602953421237327,Synthpop
0.0,1.0,Synthpop
0.0,1.0,Synthpop
2.5676174035715187,0.8249662208203284,Synthpop
0.0,1.0,Synthpop
0.0,1.0,Synthpop
4.540198807724592,0.7751878741835463,Synthpop
1.7728705461073488,0.8813496581245925,Synthpop
0.0,1.0,Synthpop
0.7090284408836511,0.40283965737313415,Synthpop
0.0,1.0,Synthpop
1.799802297108226,0.8817939036853629,Synthpop
0.0,0.0,Synthpop
0.0,1.0,Synthpop
0.0,1.0,Synthpop
0.0,1.0,Synthpop
0.0,1.0,Synthpop
0.0,1.0,Synthpop
1.3333011775256716,0.37764123405267913,Synthpop
3.094320568876111,0.7159299037497229,Synthpop
0.34909348567641235,0.8551731153480787,Synthpop
2.1217708479702457,0.7792600237856824,Synthpop
1.5605063603190588,0.739993416636169,Synthpop
0.0,1.0,Synthpop
0.0,1.0,Synthpop
0.44982526294808767,0.639312587165577,Synthpop
1.548868935282154,0.8494850241593982,Synthpop
0.0,0.0,Synthpop
1.74563935120825,0.3453746094482568,Synthpop
3.7636926924474703,0.863601969750078,Synthpop
0.6006833227685304,0.963362299272368,Synthpop
0.0,1.0,Synthpop
3.67215400222166,0.9527061435318867,Synthpop
2.075666897738257,0.870190038852985,Synthpop
0.0,1.0,Synthpop
0.32758246944094827,0.9240319585281723,Synthpop
2.355144804678125,0.8734942008223667,Synthpop
1.6807991518665473,0.7600642110399637,Synthpop
3.015987420782806,0.5866350217816746,Synthpop
0.2744344676410771,1.0,Synthpop
0.0,1.0,Synthpop
2.3435319363604097,0.7009609847998489,Synthpop
0.0,1.0,Synthpop
0.6235279533174894,0.9214572331144035,Synthpop
4.81131013016783,0.9385999650680887,Synthpop
4.259459867336058,0.7416380172574499,Synthpop
4.9101592169530495,0.7775546305464014,Synthpop
0.0,1.0,Synthpop
0.2744344676410771,1.0,Synthpop
1.4869877727837024,0.40883666212581565,Synthpop
1.6359606187796347,0.7992609508734225,Synthpop
3.3158914783322695,0.9422891269752034,Synthpop
0.3346069792954297,1.0,Synthpop
0.0,1.0,Synthpop
0.0,1.0,Synthpop
1.073353216265577,0.6022016732276726,Synthpop
2.019358318647444,0.7420105400464647,Synthpop
3.308123486351137,0.8682339838880775,Synthpop
4.236633392937467,0.9355564010101922,Synthpop
0.2744344676410771,1.0,Synthpop
0.0,0.0,Synthpop
0.4498252629480878,0.57344055830949,Synthpop
2.5378037507538425,0.9120521561701389,Synthpop
2.0543295236029078,0.7879571573583729,Synthpop
6.984795940908298,0.9309022643386725,Synthpop
3.003057412294346,0.9462399624011409,Synthpop
2.4253119829256846,0.6698738639072571,Synthpop
3.9194879153096993,0.9668109226156265,Synthpop
0.0,1.0,Synthpop
0.0,1.0,Synthpop
0.3545142204418257,0.11761001941595164,Synthpop
0.0,1.0,Synthpop
0.0,1.0,Synthpop
0.0,1.0,Synthpop
1.023728179032685,1.0,Synthpop
0.0,1.0,Synthpop
2.591198553691477,0.9338943602038463,Synthpop
0.0,1.0,Synthpop
3.5329094799677723,0.7623013913015579,Synthpop
2.9934357485473684,0.9384397622357766,Synthpop
0.5488689352821542,0.4874452307648995,Synthpop
0.0,1.0,Synthpop
0.0,0.0,Synthpop
0.0,1.0,Synthpop
2.00464072772616,0.7825042121366744,Synthpop
1.8043755596871818,0.5483071369945143,Synthpop
0.0,1.0,Synthpop
0.3346069792954298,0.9438464242094842,Synthpop
2.058504229727914,0.945781322804445,Synthpop
4.611555484517242,0.8896249415316366,Synthpop
3.124745350465921,0.9875946965747329,Synthpop
4.022553250711706,0.9073221745321562,Synthpop
1.8206860680637336,1.0,Synthpop
0.0,1.0,Synthpop
3.2185961094457682,0.8193766887442555,Synthpop
0.35451422044182546,0.541106825781671,Synthpop
0.0,1.0,Synthpop
2.238322745936398,0.6920457305553225,Synthpop
0.34909348567641235,1.0,Synthpop
2.3081119667730574,0.9034727346582279,Synthpop
0.0,1.0,Synthpop
0.32758246944094827,0.5000000000000001,Synthpop
0.0,0.0,Synthpop
0.0,1.0,Synthpop
0.0,1.0,Synthpop
0.0,1.0,Synthpop
0.4498252629480878,1.0,Synthpop
2.7645402344831087,0.9866861501713324,Synthpop
4.354672859141231,0.8736733766407194,Synthpop
3.0044760257052197,0.6970803826269851,Synthpop
0.3490934856764124,1.0,Synthpop
0.0,1.0,Synthpop
2.355839233807515,0.5899425623213587,Synthpop
1.7645124219393726,0.9889239543816661,Synthpop
1.8817672637334852,1.0,Synthpop
0.0,1.0,Synthpop
0.0,1.0,Synthpop
0.6891211997372553,0.6981237218629526,Synthpop
0.0,0.0,Synthpop
0.0,1.0,Synthpop
4.502782671697273,0.949330850745029,Synthpop
1.786456221227223,0.9044059589969339,Synthpop
0.0,1.0,Synthpop
0.32758246944094815,0.924031958528172,Synthpop
0.8580390847008001,0.3508745089566473,Synthpop
0.0,1.0,Synthpop
0.0,1.0,Synthpop
5.422684304926024,0.9275495376290513,Synthpop
1.1588537038317388,0.8696470249774791,Synthpop
2.64857716750592,0.7660151791093374,Synthpop
0.44982526294808767,0.6721695762223325,Synthpop
4.29315417679946,0.8930010813193573,Synthpop
0.0,0.0,Synthpop
0.34909348567641235,0.984709401054047,Synthpop
2.89285701433276,0.7022178876155881,Synthpop
0.0,0.0,Synthpop
3.63060836248041,0.9866615499834083,Synthpop
0.0,1.0,Synthpop
0.0,1.0,Synthpop
0.0,1.0,Synthpop
0.0,1.0,Synthpop
0.0,1.0,Synthpop
0.0,1.0,Synthpop
1.9752813473371638,1.0,Synthpop
0.816427643505425,0.49031328577112787,Synthpop
0.0,1.0,Synthpop
1.4178929810764342,0.6021593169628708,Synthpop
2.967172290088442,0.7158899774375904,Synthpop
1.8745495700654882,0.9574910341156663,Synthpop
2.4616923019463828,0.8273360845683275,Synthpop
0.0,1.0,Synthpop
0.0,1.0,Synthpop
2.031572478727037,0.5960336958206038,Synthpop
0.0,1.0,Synthpop
0.0,1.0,Synthpop
2.2366925970031835,0.5728343819025745,Synthpop
0.0,1.0,Synthpop
0.8996505258961756,0.886032162939893,Synthpop
0.0,1.0,Synthpop
3.0877594036107188,0.7940537077835557,Synthpop
1.5040664784925102,0.8807440061068369,Synthpop
0.0,1.0,Synthpop
0.3262488551274533,0.28343965391204307,Synthpop
6.532290204300352,0.9666312870367779,Synthpop
3.721206404402121,0.6295773230915858,Synthpop
0.0,0.0,Synthpop
2.4932842032785514,0.8131867198929023,Synthpop
0.8996505258961753,0.42350605737929503,Synthpop
0.8580390847008001,0.8547730499699908,Synthpop
0.6837004649718422,0.2712573820137559,Synthpop
0.0,1.0,Synthpop
2.2075148735450636,0.8219362006332341,Synthpop
3.729698199294794,0.9067724068645123,Synthpop
0.0,1.0,Synthpop
0.0,1.0,Synthpop
2.7823565216175554,0.8702738842614828,Synthpop
1.0,1.0,Synthpop
0.0,1.0,Synthpop
0.0,1.0,Synthpop
0.0,1.0,Synthpop
0.40821382175271237,0.4041923823589267,Synthpop
0.0,1.0,Synthpop
3.2981334466829098,0.9834954169878898,Synthpop
0.40821382175271237,0.6177048010920572,Synthpop
0.0,1.0,Synthpop
4.66157439075675,0.9138941889079668,Synthpop
0.32624885512745333,0.9345601350747217,Synthpop
3.7889469700055955,0.8720865051910137,Synthpop
0.0,0.0,Synthpop
0.9954628137183128,0.7247481396339881,Synthpop
0.0,1.0,Synthpop
0.35451422044182546,1.0,Synthpop
2.3205606365985307,0.9444628384833924,Synthpop
2.400485619876757,0.7247793582478949,Synthpop
0.0,0.0,Synthpop
3.840370160555913,0.9855803863285303,Synthpop
0.0,1.0,Synthpop
0.0,1.0,Synthpop
1.92142870296921,0.9138352220103604,Synthpop
1.7479879096218496,0.7958179695500579,Synthpop
0.0,0.0,Synthpop
1.444824732077312,0.5860923449697601,Synthpop
1.5133679242735643,0.6555433690711344,Synthpop
0.0,1.0,Synthpop
3.520271402909068,1.0,Synthpop
1.8172261928917721,0.9843066703347941,Synthpop
0.0,1.0,Synthpop
0.0,1.0,Synthpop
3.0788536050051127,0.848959682636827,Synthpop
2.6031580671835757,0.7995488224103648,Synthpop
1.9020773539542217,0.912050723707833,Synthpop
0.34909348567641235,0.1719004416713463,Synthpop
0.40821382175271237,0.7073015351283566,Synthpop
0.6981869713528247,0.6565741175196663,Synthpop
1.8799703048309013,0.6673321707325012,Synthpop
3.2775147470099837,1.0,Synthpop
0.0,0.0,Synthpop
0.0,1.0,Synthpop
1.3911251307664247,0.5407180674627169,Synthpop
0.0,1.0,Synthpop
2.346940788088392,0.5571611524233124,Synthpop
1.008345545010227,0.8895656447609583,Synthpop
7.882748916445742,0.9197007731070058,Synthpop
0.0,1.0,Synthpop
0.32624885512745333,0.4989801541595034,Synthpop
0.0,1.0,Synthpop
3.830127717703572,0.838419054871571,Synthpop
0.0,1.0,Synthpop
1.883808525494573,0.9379733938553855,Synthpop
0.0,1.0,Synthpop
0.4498252629480878,0.41256619847986375,Synthpop
1.8262707035200143,0.5701422719087598,Synthpop
0.0,1.0,Synthpop
0.8996505258961753,0.36108113291503835,Synthpop
0.0,1.0,Synthpop
2.301530202464617,0.8208412742019001,Synthpop
2.051403653778424,0.9571663754540555,Synthpop
4.970915426205741,0.8932758282556957,Synthpop
0.0,1.0,Synthpop
1.3103298777637928,0.9241387715799383,Synthpop
3.6202247944635246,0.8172138296410492,Synthpop
0.776074118075541,0.7535749610963486,Synthpop
2.348043987110424,0.9931675032075579,Synthpop
0.0,1.0,Synthpop
3.457698862421421,0.9706873310862775,Synthpop
3.757791641782979,0.7365441014786855,Synthpop
2.9594393469355613,0.8569470261053981,Synthpop
3.0276860045120935,0.9389208833664116,Synthpop
1.1064007931055373,0.4919522624502428,Synthpop
3.0804567108453424,0.5883533154200905,Synthpop
0.0,1.0,Synthpop
0.0,1.0,Synthpop
3.1914116453702572,0.9809891868677321,Synthpop
0.0,1.0,Synthpop
0.6692139585908595,1.0,Synthpop
0.0,1.0,Synthpop
1.800509944555819,0.9369365713456242,Synthpop
2.025662025528388,0.8489744334956147,Synthpop
0.0,1.0,Synthpop
2.4036766354710255,0.7317410120844343,Synthpop
0.32758246944094815,1.0,Synthpop
0.3262488551274533,0.4999999999999999,Synthpop
1.9603620579037946,0.9281121590143458,Synthpop
1.8874724421138507,0.6077114087272283,Synthpop
0.2744344676410771,0.8377568803038409,Synthpop
3.232374968379159,0.9633845715221976,Synthpop
2.5323830159884295,0.9066807663236972,Synthpop
2.06018774504034,0.7509018048680546,Synthpop
2.77946778767001,0.8638070256416924,Synthpop
0.0,1.0,Synthpop
0.0,1.0,Synthpop
0.0,1.0,Synthpop
2.7091005934781878,0.926535040289893,Synthpop
0.0,1.0,Synthpop
0.0,1.0,Synthpop
4.422120967331416,0.8271367610972433,Synthpop
1.4522520910061338,0.6290699130125541,Synthpop
1.9935928560636151,0.6402056530464278,Synthpop
0.0,1.0,Synthpop
0.35451422044182546,0.7881154075660227,Synthpop
0.6837004649718421,0.6148304134719418,Synthpop
0.3346069792954298,0.9438464242094842,Synthpop
0.0,1.0,Synthpop
3.7331621460027407,0.9481993851034725,Synthpop
0.34909348567641235,0.984709401054047,Synthpop
0.0,1.0,Synthpop
0.0,1.0,Synthpop
0.7627280421945379,0.7637253160638632,Synthpop
0.0,1.0,Synthpop
0.0,1.0,Synthpop
0.0,0.0,Synthpop
1.8258865759226457,0.6699180776897824,Synthpop
4.373686470925411,0.9119857214335613,Synthpop
2.0462900696483213,0.7923870397256273,Synthpop
2.7043232894519162,0.9702652636493941,Synthpop
3.744228673683462,0.9795940826789509,Synthpop
0.32758246944094815,1.0,Synthpop
0.32758246944094815,1.0,Synthpop
1.0,1.0,Synthpop
6.310158413177242,0.9073915922029037,Synthpop
0.0,1.0,Synthpop
2.2272329953371237,0.599695578685101,Synthpop
0.0,1.0,Synthpop
0.32758246944094827,0.5000000000000001,Synthpop
0.3490934856764124,0.460966746592609,Synthpop
0.0,1.0,Synthpop
0.0,1.0,Synthpop
0.7090284408836511,0.32919649610812163,Synthpop
3.5611210792203285,0.9079716316054918,Synthpop
0.0,1.0,Synthpop
2.2769496037576085,0.9937251859692808,Synthpop
3.093427035114905,0.6914829298944555,Synthpop
3.579010890689406,0.8778997105362879,Synthpop
5.07031427458506,0.961803292123827,Synthpop
0.0,1.0,Synthpop
1.0436354201790807,1.0,Synthpop
3.946482604604973,0.9275190960377246,Synthpop
0.0,1.0,Synthpop
0.0,1.0,Synthpop
0.6020169370820252,0.9571797326059014,Synthpop
0.0,1.0,Synthpop
3.63711944288914,0.9048242054504559,Synthpop
0.32758246944094815,0.9383803562137978,Synthpop
0.0,1.0,Synthpop
0.0,1.0,Synthpop
4.070472027873285,0.8609753102754201,Synthpop
0.0,1.0,Synthpop
2.534972621435985,0.6603490405606821,Synthpop
1.7671503674437141,0.8286317925399611,Synthpop
1.8379855936719585,0.558112165284946,Synthpop
0.9954628137183128,0.998662099626372,Synthpop
0.0,1.0,Synthpop
0.0,1.0,Synthpop
1.0436354201790807,0.7671666494415181,Synthpop
0.4498252629480878,1.0,Synthpop
0.0,1.0,Synthpop
0.0,0.0,Synthpop
0.0,0.0,Synthpop
2.4492829305162744,0.7890188492893015,Synthpop
2.078748815499318,0.8113561510250944,Synthpop
0.0,1.0,Synthpop
0.0,1.0,Synthpop
3.2099804036599684,0.7588704436021262,Synthpop
4.200442686507506,0.9685354848426667,Synthpop
0.0,1.0,Synthpop
0.6753423408038657,0.9920372667673255,Synthpop
0.0,1.0,Synthpop
2.308197627814715,0.8890257086641575,Synthpop
5.426862954517857,0.9675567914739829,Synthpop
2.393570207855483,0.819314948683418,Synthpop
0.32758246944094815,1.0,Synthpop
3.4844918482631035,0.9797640282347462,Synthpop
3.181774732530272,0.9891663409971082,Synthpop
0.0,1.0,Synthpop
0.40821382175271237,0.5996415440296159,Synthpop
0.0,1.0,Synthpop
0.0,1.0,Synthpop
2.1723968885996436,0.9108772561790466,Synthpop
1.3583351583281147,0.24232024643814806,Synthpop
1.28333161216232,0.6350102340561947,Synthpop
0.0,1.0,Synthpop
0.9986941982302419,0.9257678100919885,Synthpop
0.0,0.0,Synthpop
0.0,1.0,Synthpop
0.0,1.0,Synthpop
0.0,1.0,Synthpop
2.5590738893363802,0.8354812668721933,Synthpop
0.0,1.0,Synthpop
0.0,1.0,Synthpop
0.0,1.0,Synthpop
0.0,1.0,Synthpop
0.34909348567641235,1.0,Synthpop
0.0,1.0,Synthpop
0.6981869713528247,0.41428257645247035,Synthpop
0.0,0.0,Synthpop
0.0,1.0,Synthpop
0.2744344676410771,1.0,Synthpop
1.3116052412302237,0.8859001249261292,Synthpop
4.734994936917845,0.9786211001428594,Synthpop
0.0,1.0,Synthpop
0.0,1.0,Synthpop
0.32624885512745333,1.0,Synthpop
2.339616980352891,0.9274391389070686,Synthpop
1.060711532007619,0.9282693161858816,Synthpop
0.0,1.0,Synthpop
2.6892799246858967,0.65327132311657,Synthpop
4.560299232684503,0.9875460487030948,Synthpop
1.8316489479334586,0.6242582200790742,Synthpop
3.2177686788405198,0.8543752994891585,Synthpop
4.648308352103895,0.9594428699418347,Synthpop
0.0,1.0,Synthpop
0.0,1.0,Synthpop
1.3794246694710612,0.4878912387657903,Synthpop
0.0,1.0,Synthpop
0.0,1.0,Synthpop
0.0,1.0,Synthpop
5.696319432939562,0.8322665078643748,Synthpop
4.877796910348801,0.8514918959643683,Synthpop
2.94028944548762,0.9014247698479108,Synthpop
0.0,0.0,Synthpop
0.0,1.0,Synthpop
0.0,1.0,Synthpop
3.3460645292733755,0.876895437310662,Synthpop
0.0,1.0,Synthpop
0.32758246944094815,1.0,Synthpop
2.9054045408274156,0.8841759185882747,Synthpop
0.0,1.0,Synthpop
0.0,1.0,Synthpop
0.0,1.0,Synthpop
5.368079103902893,1.0,Synthpop
4.540198807724592,0.7751878741835463,Synthpop
2.5791917619972318,0.9552918572762015,Synthpop
0.6891211997372552,0.9719232121047419,Synthpop
0.0,0.0,Synthpop
0.0,1.0,Synthpop
1.2524766414003925,0.624548251344282,Synthpop
3.0824377814010333,0.9053361254685706,Synthpop
0.0,1.0,Synthpop
0.8996505258961753,0.42350605737929503,Synthpop
3.4586972719376576,0.8682862346471132,Synthpop
3.3793482755086064,0.6969068815630194,Synthpop
0.5488689352821541,0.2603781325904405,Synthpop
2.782356521617555,0.930346498176703,Synthpop
0.0,1.0,Synthpop
3.0606344687963256,0.9716980610079304,Synthpop
3.864231762741977,0.8698983201864383,Synthpop
0.0,1.0,Synthpop
0.0,1.0,Synthpop
2.773967015676448,0.6909714273762513,Synthpop
0.0,0.0,Synthpop
0.0,1.0,Synthpop
1.0112829344127903,0.9447681656939568,Synthpop
0.0,1.0,Synthpop
0.3346069792954298,0.4915175210048214,Synthpop
1.989778711351947,0.7924840005921138,Synthpop
4.858248531875621,0.920165007044686,Synthpop
3.157241327794866,1.0,Synthpop
2.2213654505664895,0.8269497986931725,Synthpop
1.601578390830336,0.762018695124425,Synthpop
0.0,1.0,Synthpop
0.0,1.0,Synthpop
0.0,1.0,Synthpop
1.0366109103245993,0.5938287937924324,Synthpop
1.9266183531943213,0.7048326574494224,Synthpop
4.12909661957134,0.8010855912829489,Synthpop
0.0,1.0,Synthpop
4.015002229584772,0.9817635493654892,Synthpop
0.4498252629480878,1.0,Synthpop
3.742091973494995,0.865688455814337,Synthpop
0.0,0.0,Synthpop
3.7312061176526834,0.9702065788832285,Synthpop
4.045640656895374,0.853494167747866,Synthpop
0.6524977102549067,1.0,Synthpop
0.0,1.0,Synthpop
1.8094500675820124,0.8683062986444698,Synthpop
0.0,1.0,Synthpop
0.0,1.0,Synthpop
2.2773426570527877,0.9690208145467778,Synthpop
3.9365550941358673,0.9840536266685757,Synthpop
1.7106682922699878,0.8993645061737826,Synthpop
0.0,0.0,Synthpop
5.0641009160585,0.9220622790259726,Synthpop
2.362895841749321,0.788427478925879,Synthpop
0.0,1.0,Synthpop
0.0,1.0,Synthpop
2.710005670294333,0.7425141380470908,Synthpop
0.0,0.0,Synthpop
2.394320101786812,0.956423477856582,Synthpop
0.32624885512745333,0.36113787234789513,Synthpop
0.0,1.0,Synthpop
3.210249093856631,0.9349161029711458,Synthpop
1.8799703048309016,0.4464451938889178,Synthpop
1.7314276930501742,0.4447619373226536,Synthpop
0.32624885512745333,1.0,Synthpop
0.0,1.0,Synthpop
3.4670621892802553,0.7475464929743654,Synthpop
0.0,0.0,Synthpop
2.10109286998124,0.7750028402432088,Synthpop
0.0,1.0,Synthpop
0.0,1.0,Synthpop
0.0,1.0,Synthpop
0.0,1.0,Synthpop
1.3103298777637926,0.47423799737504835,Synthpop
0.0,1.0,Synthpop
4.2831342803069266,0.8634293691970009,Synthpop
0.32624885512745333,1.0,Synthpop
1.3869603871350722,0.31104138215426025,Synthpop
3.1849657253407146,0.9812552428884058,Synthpop
0.7844322422435175,0.6930091251271386,Synthpop
0.0,1.0,Synthpop
0.0,1.0,Synthpop
1.6879588895301507,0.98255646453529,Synthpop
1.882170112807826,0.9112031066925028,Synthpop
0.0,1.0,Synthpop
1.7299254905984784,0.8263599573108598,Synthpop
2.7421045526527443,0.603417535415724,Synthpop
4.315013591319344,0.8707143703550828,Synthpop
0.0,1.0,Synthpop
0.0,1.0,Synthpop
1.86788214471539,0.6060060760171118,Synthpop
2.1817242222930036,0.6329573598496516,Synthpop
3.4976593345561255,0.9479835990038745,Synthpop
0.0,1.0,Synthpop
0.35451422044182546,1.0,Synthpop
0.2744344676410771,1.0,Synthpop
0.0,1.0,Synthpop
2.3647810555738316,0.7985755894245671,Synthpop
0.0,1.0,Synthpop
0.0,1.0,Synthpop
0.0,1.0,Synthpop
3.208711170978482,0.8982415397955577,Synthpop
0.2744344676410771,0.7741141308776097,Synthpop
2.9433111647387245,0.9927445846926323,Synthpop
0.0,1.0,Synthpop
1.8433954708035705,0.3433116920661814,Synthpop
0.3545142204418255,1.0,Synthpop
0.35451422044182546,1.0,Synthpop
1.6748804349143664,0.4935236497474511,Synthpop
0.32758246944094815,1.0,Synthpop
0.0,1.0,Synthpop
3.344475257973487,0.8554783806389219,Synthpop
0.0,0.0,Synthpop
0.8764514047231023,0.7984159317310876,Synthpop
2.70700713891201,0.913656653481561,Synthpop
0.3545142204418255,1.0,Synthpop
1.558548094605876,0.7819553456559631,Synthpop
2.9743917917859024,0.735013185889032,Synthpop
0.0,0.0,Synthpop
2.6384361022926988,0.9019719104668333,Synthpop
2.891093380228178,0.9083247343760124,Synthpop
4.957479833161056,0.8839652626590906,Synthpop
0.0,1.0,Synthpop
0.0,1.0,Synthpop
0.0,1.0,Synthpop
2.124254193333096,0.764716605871502,Synthpop
0.0,1.0,Synthpop
0.0,1.0,Synthpop
0.32624885512745333,0.48308662942577624,Synthpop
3.9071789352947706,0.991515911363222,Synthpop
0.0,1.0,Synthpop
3.8143576541994446,0.9926161334660959,Synthpop
0.0,1.0,Synthpop
0.0,1.0,Synthpop
2.9367029011027386,0.8632826506551374,Synthpop
5.416987673674669,0.9112673471661674,Synthpop
3.918390730432008,0.8222260183358415,Synthpop
3.4526576170925383,0.9728169823036272,Synthpop
0.0,1.0,Synthpop
5.3422035929392475,0.8431897954976248,Synthpop
2.358319002864167,0.5796180105070179,Synthpop
6.766078777459725,0.9948551295194199,Synthpop
0.32758246944094815,1.0,Synthpop
3.850916417778706,0.9711038969389741,Synthpop
2.4280062018665975,0.967783982035403,CT-GAN
4.919066417293985,0.9524874240819212,CT-GAN
2.9559131265440346,0.6651137488105083,CT-GAN
5.0850672953386,0.8816142070032169,CT-GAN
4.1115221648545015,0.8653575996686146,CT-GAN
0.0,1.0,CT-GAN
0.0,0.0,CT-GAN
4.560724779452376,0.889662058299077,CT-GAN
4.3195274961585755,0.8489663567244119,CT-GAN
4.787086805463522,0.9467462355767466,CT-GAN
4.258391210310695,0.8865798587024872,CT-GAN
4.532954856814417,0.9089170415822865,CT-GAN
4.433456133505423,0.8646004111531194,CT-GAN
4.898523543792826,0.9065280710369191,CT-GAN
3.5071671824688977,0.9663164463580975,CT-GAN
2.812225662020997,0.8941243329596579,CT-GAN
3.4551602804178447,0.8835073758758956,CT-GAN
0.0,0.0,CT-GAN
6.055089549665201,0.998911902056524,CT-GAN
4.491291213718455,0.9961790577537243,CT-GAN
0.0,1.0,CT-GAN
3.4194322493281333,0.9231746763370596,CT-GAN
0.0,1.0,CT-GAN
3.866182844949707,0.9101926368770251,CT-GAN
0.0,1.0,CT-GAN
3.0478978229473346,0.8621248225490661,CT-GAN
0.0,1.0,CT-GAN
4.495041999696628,1.0,CT-GAN
0.0,1.0,CT-GAN
3.639121505093679,1.0,CT-GAN
4.783037467353554,0.9370297605422384,CT-GAN
0.0,1.0,CT-GAN
0.0,0.0,CT-GAN
2.8067663114479595,0.6103520696561308,CT-GAN
3.9319725310075366,0.9848578425497678,CT-GAN
2.7122108327462895,0.7425986925802396,CT-GAN
0.0,1.0,CT-GAN
3.255384830812102,0.8347999399212377,CT-GAN
0.0,1.0,CT-GAN
2.3135333634827497,0.9169214266250867,CT-GAN
3.424852984093546,0.9348719772433971,CT-GAN
0.0,0.0,CT-GAN
4.1279762745502016,0.9090486751215444,CT-GAN
0.0,1.0,CT-GAN
0.0,1.0,CT-GAN
0.0,1.0,CT-GAN
3.9938411143482377,0.6674998518234038,CT-GAN
0.0,0.0,CT-GAN
0.35451422044182546,0.8684522707234126,CT-GAN
0.0,1.0,CT-GAN
4.96410593257879,0.930547867082472,CT-GAN
4.2805740719174485,0.9732245968720146,CT-GAN
3.5608865744159557,0.9110617405126383,CT-GAN
0.0,1.0,CT-GAN
2.3403213719759357,0.5962141684465291,CT-GAN
4.942047241905698,0.9927000046089023,CT-GAN
0.0,0.0,CT-GAN
0.3545142204418255,1.0,CT-GAN
3.4249214463570343,0.8509337703663964,CT-GAN
0.0,0.0,CT-GAN
2.961236305838146,0.9914552286151201,CT-GAN
0.0,1.0,CT-GAN
2.358372933365506,0.6481765369699815,CT-GAN
4.0925596862707945,0.9545690829422915,CT-GAN
3.8665306289047146,0.8481565417677304,CT-GAN
0.0,0.0,CT-GAN
0.9269321778959838,1.0,CT-GAN
0.0,0.0,CT-GAN
0.0,1.0,CT-GAN
0.2744344676410771,1.0,CT-GAN
4.350831877882797,0.8680231010432147,CT-GAN
4.17779173233531,0.9025564814820702,CT-GAN
5.066685842167953,0.7485964773699272,CT-GAN
0.0,0.0,CT-GAN
0.0,0.0,CT-GAN
0.0,1.0,CT-GAN
0.0,1.0,CT-GAN
2.2087237663085313,0.9204009585809552,CT-GAN
3.3186972162319095,0.9059819592519717,CT-GAN
0.0,0.0,CT-GAN
0.0,1.0,CT-GAN
0.0,1.0,CT-GAN
2.671275712611956,0.7843929240136218,CT-GAN
0.2744344676410771,1.0,CT-GAN
3.818736347401853,0.8416743930863572,CT-GAN
5.541947880622909,0.9026548836761434,CT-GAN
4.206841229496084,0.9476586498508175,CT-GAN
0.0,1.0,CT-GAN
0.0,1.0,CT-GAN
0.0,1.0,CT-GAN
4.825029405470185,0.9768557552888604,CT-GAN
2.9285936767230094,0.8698091348476072,CT-GAN
4.1616995262338285,0.8760837368281285,CT-GAN
0.0,0.0,CT-GAN
2.851438756950901,0.7553020507271908,CT-GAN
3.870610917225886,0.9944802518880261,CT-GAN
3.52883166006523,0.959075859600466,CT-GAN
4.146722335165981,0.9666463581630943,CT-GAN
2.89385799494544,0.8827740517281986,CT-GAN
3.258512148203633,0.8777608888577983,CT-GAN
0.0,1.0,CT-GAN
3.582916181208062,0.8772052074156592,CT-GAN
4.642689746077634,0.8887923032234271,CT-GAN
3.2001970150462284,0.6588720223588652,CT-GAN
3.060279978172211,0.9623474820841399,CT-GAN
0.0,0.0,CT-GAN
0.0,1.0,CT-GAN
0.0,1.0,CT-GAN
3.7609477010076167,0.8744394490918688,CT-GAN
3.694569409852132,0.8549719067199715,CT-GAN
5.106129967268243,0.9421235640744792,CT-GAN
0.0,1.0,CT-GAN
0.0,0.0,CT-GAN
3.935752259205933,0.9798963339646618,CT-GAN
0.0,1.0,CT-GAN
0.0,1.0,CT-GAN
3.629203573844319,0.7319566734361191,CT-GAN
3.9204327145784923,0.9247840651073536,CT-GAN
0.0,1.0,CT-GAN
0.0,0.0,CT-GAN
3.066838549557335,0.6915583771916073,CT-GAN
0.0,1.0,CT-GAN
0.0,1.0,CT-GAN
5.260025558538262,0.9077097663252741,CT-GAN
0.0,1.0,CT-GAN
4.447499053570133,0.9534085530028614,CT-GAN
3.5702406168977134,0.815467347753784,CT-GAN
0.0,1.0,CT-GAN
0.0,1.0,CT-GAN
0.0,1.0,CT-GAN
0.0,1.0,CT-GAN
3.028639067534418,0.8828722308061767,CT-GAN
3.705121838838263,0.9737247091407283,CT-GAN
2.400194880591939,0.9522745895148728,CT-GAN
4.245355191676966,0.9687402725246999,CT-GAN
5.455027060371949,0.9731829277240419,CT-GAN
0.0,1.0,CT-GAN
0.2744344676410771,1.0,CT-GAN
0.0,1.0,CT-GAN
2.9840934927610276,0.7768055774245858,CT-GAN
4.052532647832118,0.9527668278566354,CT-GAN
4.520484750391712,0.857357955602915,CT-GAN
0.0,1.0,CT-GAN
0.0,1.0,CT-GAN
3.7437980076749993,0.9456155511659438,CT-GAN
0.0,1.0,CT-GAN
4.225017761358452,0.8541809394182446,CT-GAN
0.0,0.0,CT-GAN
0.0,0.0,CT-GAN
3.9512139642029105,0.8798816801906428,CT-GAN
3.856815530785433,0.9317950790649646,CT-GAN
0.0,1.0,CT-GAN
4.455771074245728,0.9868626341543283,CT-GAN
4.326457186077722,0.9347917784070284,CT-GAN
0.0,1.0,CT-GAN
0.0,1.0,CT-GAN
0.0,1.0,CT-GAN
0.0,0.0,CT-GAN
4.350524652343769,0.9860300416384216,CT-GAN
2.5560600228395676,0.5068517786968751,CT-GAN
3.057659281572545,0.850029529181708,CT-GAN
2.5157039035294146,0.6838232111716033,CT-GAN
0.0,1.0,CT-GAN
0.0,1.0,CT-GAN
2.6312442756372665,0.7305891304798428,CT-GAN
4.0533092343795465,1.0,CT-GAN
5.092917858100063,0.856848832830319,CT-GAN
3.3326334542949936,0.8972506341417059,CT-GAN
0.0,1.0,CT-GAN
2.0334073383564073,0.7604778781592029,CT-GAN
0.0,1.0,CT-GAN
3.5475365274018125,0.7810739169956867,CT-GAN
0.0,1.0,CT-GAN
6.857378345283009,0.8507714167421253,CT-GAN
0.0,1.0,CT-GAN
0.0,0.0,CT-GAN
3.0108689448802903,0.9045360999236689,CT-GAN
0.0,1.0,CT-GAN
2.2507679905562936,0.8730953709987072,CT-GAN
4.244889298250695,0.983110588631532,CT-GAN
4.616849721586064,0.7533599130181193,CT-GAN
3.2002482643815156,0.9832762699650363,CT-GAN
4.565188966981949,0.9985622076349409,CT-GAN
5.208002175039899,1.0,CT-GAN
2.6091204316617906,0.5158451379197866,CT-GAN
2.6959677591642093,0.9590487435009147,CT-GAN
0.0,1.0,CT-GAN
0.0,1.0,CT-GAN
0.35451422044182546,0.8684522707234126,CT-GAN
0.0,1.0,CT-GAN
0.3545142204418255,1.0,CT-GAN
0.0,0.0,CT-GAN
1.1709418639472506,0.4534877459421753,CT-GAN
2.6965745953159517,0.9346675572855618,CT-GAN
3.6644386233716872,0.7962878167804421,CT-GAN
0.3545142204418255,1.0,CT-GAN
3.6105184437795943,0.9392686966717495,CT-GAN
0.0,1.0,CT-GAN
2.734396471302673,0.6784569535508131,CT-GAN
0.0,1.0,CT-GAN
0.0,0.0,CT-GAN
0.0,1.0,CT-GAN
0.0,1.0,CT-GAN
4.524575912518985,0.9729008629811221,CT-GAN
0.0,1.0,CT-GAN
0.0,1.0,CT-GAN
0.2744344676410771,1.0,CT-GAN
0.2744344676410771,1.0,CT-GAN
3.5026028528923123,0.8897154916585314,CT-GAN
5.35255859862803,0.9798080439663431,CT-GAN
0.0,1.0,CT-GAN
4.152851014383778,0.9434540811155414,CT-GAN
3.423506813406128,0.8377634922294154,CT-GAN
0.2744344676410771,1.0,CT-GAN
3.6926858947677443,0.9910275269973404,CT-GAN
3.909212899555956,0.9539459051315495,CT-GAN
3.8838398753883823,0.9326501582019759,CT-GAN
3.144997781687056,0.7828593368164658,CT-GAN
4.997515966791604,0.9690429970604304,CT-GAN
0.0,0.0,CT-GAN
0.0,1.0,CT-GAN
3.7848471010148983,0.9279862216491476,CT-GAN
0.0,0.0,CT-GAN
0.0,1.0,CT-GAN
3.1285504157126223,0.943002433088973,CT-GAN
4.0778634592424075,0.8878968432459617,CT-GAN
0.0,1.0,CT-GAN
4.556383214822345,0.9837552966530986,CT-GAN
4.512330667671051,0.8783887860272207,CT-GAN
5.734699489623009,0.9274269396615633,CT-GAN
3.101292846969376,0.8315002402318586,CT-GAN
3.750283497176214,0.917105147543774,CT-GAN
3.133053782383036,0.8059759403634124,CT-GAN
3.043920814340642,0.8104915704626982,CT-GAN
1.060711532007619,0.4046636241545327,CT-GAN
0.0,1.0,CT-GAN
0.35451422044182546,0.8684522707234126,CT-GAN
0.0,1.0,CT-GAN
0.0,1.0,CT-GAN
0.0,1.0,CT-GAN
0.0,1.0,CT-GAN
4.028075558114491,0.9236030676098368,CT-GAN
0.2744344676410771,1.0,CT-GAN
3.401078429075665,0.9534685299380389,CT-GAN
0.0,1.0,CT-GAN
3.926918234074944,0.7639550142022705,CT-GAN
4.356567373515118,0.9646495314624356,CT-GAN
5.560874002335011,0.9742995872565197,CT-GAN
0.0,1.0,CT-GAN
0.0,1.0,CT-GAN
0.0,1.0,CT-GAN
1.0,1.0,CT-GAN
6.78099383548809,0.9100936023924447,CT-GAN
3.665243605206176,0.9139660011552083,CT-GAN
4.335207701596597,0.9668998133943016,CT-GAN
4.838261984981969,0.8608090926661425,CT-GAN
0.0,1.0,CT-GAN
3.958286337277832,0.764555348825983,CT-GAN
0.0,0.0,CT-GAN
2.5541722151347876,0.9252187469034332,CT-GAN
0.0,1.0,CT-GAN
5.760289111611821,0.8255729955002353,CT-GAN
3.743413587463224,0.9847176569945904,CT-GAN
4.5247802049113375,0.9632464251426299,CT-GAN
6.259934303678331,0.9183341440084416,CT-GAN
3.9390820399593967,1.0,CT-GAN
0.2744344676410771,1.0,CT-GAN
0.0,1.0,CT-GAN
0.35451422044182546,0.8684522707234126,CT-GAN
3.819199691990942,0.9531848085380976,CT-GAN
4.105603503288901,0.8456601042859772,CT-GAN
0.0,1.0,CT-GAN
5.773568282313761,0.9521429064031935,CT-GAN
0.0,1.0,CT-GAN
3.4780009858934173,0.9614241814944159,CT-GAN
4.580214579965434,0.9642635351849537,CT-GAN
0.0,1.0,CT-GAN
0.2744344676410771,1.0,CT-GAN
0.35451422044182546,0.8684522707234126,CT-GAN
0.0,1.0,CT-GAN
5.020154857153125,0.987729911003326,CT-GAN
4.720388396434169,0.9639845278351435,CT-GAN
3.7333083025591463,0.7867589045149738,CT-GAN
6.555787265066284,0.9760497506573972,CT-GAN
0.0,1.0,CT-GAN
3.6793398188867408,0.7805122618891995,CT-GAN
4.428057308442371,0.9599055000731141,CT-GAN
3.8899363288950948,0.9220179147270797,CT-GAN
3.8110633518138917,0.8851570049809062,CT-GAN
5.277877056918216,0.984853447765125,CT-GAN
2.52083389901001,0.7373875035589981,CT-GAN
2.7785488624905863,0.6563358825284608,CT-GAN
0.0,1.0,CT-GAN
0.0,1.0,CT-GAN
0.0,1.0,CT-GAN
0.0,1.0,CT-GAN
0.0,1.0,CT-GAN
3.4977449955977833,0.9929000961957669,CT-GAN
0.0,1.0,CT-GAN
4.382794481947911,0.9984656722753738,CT-GAN
0.0,1.0,CT-GAN
4.505383555104697,0.9231574510689553,CT-GAN
3.438186503600626,0.80622264063329,CT-GAN
3.0377930940719144,0.9102091007201527,CT-GAN
0.0,1.0,CT-GAN
4.146351363094556,0.9853083246638257,CT-GAN
3.0401881845128376,0.963331416532789,CT-GAN
0.0,0.0,CT-GAN
3.519610502457361,0.7421761577268168,CT-GAN
0.0,1.0,CT-GAN
0.0,1.0,CT-GAN
0.0,1.0,CT-GAN
0.0,1.0,CT-GAN
3.5985639382164796,0.9225402387698399,CT-GAN
3.2096073147922577,0.7994013462564721,CT-GAN
2.663615273397919,0.9211357021743297,CT-GAN
4.783771237700257,0.9845037095171478,CT-GAN
3.5177394020912,0.891158694873282,CT-GAN
0.0,1.0,CT-GAN
0.2744344676410771,1.0,CT-GAN
0.0,0.0,CT-GAN
1.9291525965177527,0.8882979681519693,CT-GAN
3.6212810117169316,0.9802953415022525,CT-GAN
2.4162931841973108,0.6705148755432818,CT-GAN
5.425278613993211,0.9725798850277292,CT-GAN
3.2242564434500527,0.9623205898578437,CT-GAN
4.693068197935595,0.9417190658623701,CT-GAN
6.4013385161841585,0.9875892066319089,CT-GAN
0.0,1.0,CT-GAN
0.0,1.0,CT-GAN
3.8106258651418727,0.9463234074664131,CT-GAN
4.382688018755724,0.7846461851951524,CT-GAN
0.0,1.0,CT-GAN
3.558594540383964,0.9782463589660251,CT-GAN
0.0,0.0,CT-GAN
4.221932952712331,0.771547563016744,CT-GAN
0.0,1.0,CT-GAN
5.352192809510243,0.9288309766001789,CT-GAN
0.0,1.0,CT-GAN
0.0,1.0,CT-GAN
0.0,0.0,CT-GAN
6.335904208586031,0.9575479855208094,CT-GAN
4.394365835494114,0.9960591397194203,CT-GAN
0.0,1.0,CT-GAN
0.0,1.0,CT-GAN
2.9458536718156867,0.9263645430746972,CT-GAN
0.0,1.0,CT-GAN
5.063868530320318,0.8589968856660009,CT-GAN
3.6935470035762052,0.7506019379837877,CT-GAN
0.0,0.0,CT-GAN
0.0,1.0,CT-GAN
2.919937981139468,0.8274155142129749,CT-GAN
4.659603881846735,0.9823793302468833,CT-GAN
5.148806809664434,0.8696539558113862,CT-GAN
0.0,1.0,CT-GAN
0.35451422044182546,0.8684522707234126,CT-GAN
4.83655147935562,0.8898344186109508,CT-GAN
5.699507341446851,0.9748903004199888,CT-GAN
3.4105897094985744,0.9368926822074756,CT-GAN
4.000440863285654,0.9587379452375023,CT-GAN
4.015477521382568,0.9380615545263058,CT-GAN
0.0,1.0,CT-GAN
3.5153854892025684,0.9619479425589439,CT-GAN
3.6232300312506527,0.8718003115184592,CT-GAN
4.174192460055112,0.7068504738537464,CT-GAN
0.0,1.0,CT-GAN
3.086159553595036,0.9144462910168456,CT-GAN
0.0,1.0,CT-GAN
2.2399265210254673,0.5955012491891024,CT-GAN
0.0,1.0,CT-GAN
4.370771162746603,0.8178135231631578,CT-GAN
3.23870504910425,0.8534717409564413,CT-GAN
0.0,1.0,CT-GAN
0.0,1.0,CT-GAN
3.559408447916263,0.743545698196347,CT-GAN
0.0,1.0,CT-GAN
0.35451422044182546,0.8684522707234126,CT-GAN
0.0,1.0,CT-GAN
2.9355072339620323,0.8184517734518941,CT-GAN
4.142602006518028,0.968808432622713,CT-GAN
0.0,1.0,CT-GAN
0.0,1.0,CT-GAN
0.0,1.0,CT-GAN
2.999009526369849,0.7548323770118691,CT-GAN
0.0,1.0,CT-GAN
0.0,1.0,CT-GAN
0.0,1.0,CT-GAN
0.0,0.0,CT-GAN
3.5193191012282643,0.5819565094222449,CT-GAN
4.141962204864148,0.9596353838291932,CT-GAN
4.03832715986051,0.9698468425813255,CT-GAN
0.0,1.0,CT-GAN
3.8093671086061485,0.828513612736242,CT-GAN
2.9000747080007576,0.8201902364333473,CT-GAN
3.22409382117324,0.9368614238151936,CT-GAN
4.487952423036637,0.8120664389905432,CT-GAN
0.0,0.0,CT-GAN
4.65876426241457,0.7525086823593283,CT-GAN
0.0,0.0,CT-GAN
6.124115260616936,0.9981334829330917,CT-GAN
0.0,1.0,CT-GAN
0.0,1.0,CT-GAN
4.448686038881261,0.7574624935116153,CT-GAN
5.14284634634079,0.9241362700469331,CT-GAN
4.582461077588679,0.9967527161083768,CT-GAN
4.288381265823247,0.9420814712575392,CT-GAN
5.339274771371811,0.9915617909104365,CT-GAN
0.0,1.0,CT-GAN
0.0,1.0,CT-GAN
3.9407761639828527,0.9556130287913277,CT-GAN
3.1197170070514084,0.8420789054669319,CT-GAN
0.35451422044182546,0.8684522707234126,CT-GAN
0.0,1.0,CT-GAN
4.948406039410167,0.8053103002315125,CT-GAN
4.139758320826247,0.9032658416052334,CT-GAN
4.876627607725416,0.9947390623121986,CT-GAN
0.0,0.0,CT-GAN
6.901212963419947,0.7689566913233586,CT-GAN
3.9099205470035487,0.7910708021079672,CT-GAN
4.41090549806583,0.8741579572359228,CT-GAN
5.8130133148174155,0.8627079942852937,CT-GAN
0.0,1.0,CT-GAN
3.1664046776655637,0.8933269156014452,CT-GAN
0.0,0.0,CT-GAN
4.250844388705867,0.8913761713960885,CT-GAN
0.0,1.0,CT-GAN
0.0,1.0,CT-GAN
2.047662760197088,0.8216443154322564,CT-GAN
4.2329909656944835,0.8576381538321165,CT-GAN
4.956417658037191,0.909912681177791,CT-GAN
0.0,0.0,CT-GAN
0.2744344676410771,0.4363384054072525,CT-GAN
2.247677558096663,0.6452372304982568,CT-GAN
0.0,1.0,CT-GAN
0.0,1.0,CT-GAN
0.0,0.0,CT-GAN
0.34909348567641235,0.7760646509458045,CT-GAN
0.0,1.0,CT-GAN
5.716594310909191,0.9516251823113309,CT-GAN
3.4874134026833694,0.853654287350313,CT-GAN
4.991821029575263,0.8912007418441611,CT-GAN
3.527974225385117,0.9872523651720889,CT-GAN
0.0,1.0,CT-GAN
0.0,0.0,CT-GAN
2.8721116015492822,0.626546096870365,CT-GAN
4.074414862030315,0.9272610461267923,CT-GAN
0.0,1.0,CT-GAN
4.496475186993499,0.9205823084350349,CT-GAN
1.6086789667798265,0.41672508857058416,CT-GAN
0.0,0.0,CT-GAN
3.22828784792724,0.8159574293115573,CT-GAN
2.748526929975116,0.8909830182848503,CT-GAN
0.0,0.0,CT-GAN
0.0,0.0,CT-GAN
2.548481319593801,0.9743380843506395,CT-GAN
1.801843558869314,0.8635801535492017,CT-GAN
0.0,1.0,CT-GAN
3.9333641013254246,0.8281837057023728,CT-GAN
3.374247489370638,0.5845910279296831,CT-GAN
2.5443861770065617,0.9579913586772767,CT-GAN
0.2744344676410771,1.0,CT-GAN
0.0,1.0,CT-GAN
0.0,1.0,CT-GAN
4.791981828630226,0.9874698792602022,CT-GAN
0.44982526294808767,0.6442762202744845,CT-GAN
0.40821382175271237,0.9074942102569782,CT-GAN
4.4403880198972026,0.9654623186126366,CT-GAN
0.0,1.0,CT-GAN
3.55230225748009,0.922607435039706,CT-GAN
4.146749675263757,0.9678511237810143,CT-GAN
0.0,1.0,CT-GAN
3.996156517344866,0.788066813899089,CT-GAN
0.0,0.0,CT-GAN
4.052858350563371,0.9167132447843984,CT-GAN
3.155406468165495,0.9083319954583159,CT-GAN
0.0,1.0,CT-GAN
0.0,1.0,CT-GAN
4.952145375907076,0.9949770394000952,CT-GAN
0.0,1.0,CT-GAN
2.0615983363158934,0.8655926670798325,CT-GAN
2.984286676574543,0.7798767901019326,CT-GAN
0.0,1.0,CT-GAN
5.164359479620178,0.880941640657209,CT-GAN
0.0,1.0,CT-GAN
0.0,0.0,CT-GAN
0.0,0.0,CT-GAN
2.481263719575723,0.7947971551898525,CT-GAN
3.6550752965128535,0.9598991395122237,CT-GAN
0.0,1.0,CT-GAN
0.0,1.0,CT-GAN
0.5488689352821542,1.0,CT-GAN
1.9953057062020658,0.8765942159822303,CT-GAN
0.0,0.0,CT-GAN
3.5175639818222515,0.8580739417517009,CT-GAN
3.776330335030075,0.8933025696990149,CT-GAN
0.0,1.0,CT-GAN
3.1824823799778645,0.9505329939155085,CT-GAN
3.2785407996889275,0.7856821715967373,CT-GAN
4.003538111703731,0.8902272229240248,CT-GAN
0.0,1.0,CT-GAN
3.494894771542241,0.9575758475589123,CT-GAN
3.006934867485439,0.8962611679856952,CT-GAN
0.0,1.0,CT-GAN
4.068174228135691,0.9456363284940019,CT-GAN
0.0,1.0,CT-GAN
5.942289058390404,0.9946528631950351,CT-GAN
0.0,1.0,CT-GAN
2.569992335829265,0.9537208991341408,CT-GAN
5.349981718935428,0.8430095378732795,CT-GAN
2.7318644704848056,0.9427227827900443,CT-GAN
0.0,0.0,CT-GAN
3.395911297718132,0.8285625096409274,CT-GAN
3.0418716998252635,0.96517490961345,CT-GAN
6.702463169530909,0.9039121275553194,CT-GAN
0.0,0.0,CT-GAN
2.2015432085174726,0.7135527463837142,CT-GAN
0.0,1.0,CT-GAN
0.0,1.0,CT-GAN
0.0,0.0,CT-GAN
0.0,1.0,CT-GAN
4.829237267012164,0.9518625660155099,CT-GAN
0.0,1.0,CT-GAN
0.0,1.0,CT-GAN
0.0,1.0,CT-GAN
0.0,0.0,CT-GAN
0.0,1.0,CT-GAN
0.0,1.0,CT-GAN
0.0,1.0,CT-GAN
1.7143900644639913,0.9300175093284008,CT-GAN
0.0,1.0,CT-GAN
3.5097866665079187,0.9638409307002347,CT-GAN
0.0,1.0,CT-GAN
4.3488335174729205,0.9131934093633013,CT-GAN
4.1764608812831145,0.8857828281631622,CT-GAN
0.0,1.0,CT-GAN
0.0,1.0,CT-GAN
3.9056899349889767,0.9723182826780434,CT-GAN
5.086661491207923,0.9898995155455117,CT-GAN
3.7544099497499483,0.7863631291650693,CT-GAN
3.8931660146669014,0.8730901065762048,CT-GAN
0.0,1.0,CT-GAN
0.0,1.0,CT-GAN
3.522202032536349,0.9812781428404942,CT-GAN
0.0,0.0,CT-GAN
4.027801355663565,0.8880239259632597,CT-GAN
0.0,0.0,CT-GAN
4.939336412818028,0.8471272172377527,CT-GAN
0.0,0.0,CT-GAN
0.0,1.0,CT-GAN
5.460027521393543,0.9491630331077604,CT-GAN
2.8110329997598,0.850052237175253,CT-GAN
2.6834217032484635,0.9471901695479749,CT-GAN
6.565792554520554,0.9918729887607821,CT-GAN
0.0,1.0,CT-GAN
0.6826482893937895,0.6027940237386736,CT-GAN
3.983297200060677,0.9649218092669674,CT-GAN
4.613477134076799,0.9436059653212688,CT-GAN
3.1713707496714654,0.9136645609729502,CT-GAN
0.0,1.0,CT-GAN
3.0711297114565688,0.908708152653592,CT-GAN
0.0,1.0,CT-GAN
0.0,1.0,CT-GAN
4.124716173258895,0.9115862942911926,CT-GAN
0.0,1.0,CT-GAN
0.0,1.0,CT-GAN
2.5849421867993363,0.9406197358079537,CT-GAN
3.70671239560913,0.8264961069227729,CT-GAN
3.210940929105753,0.9637694420794944,CT-GAN
5.332268487764516,0.9635700004152409,CT-GAN
3.8719570879133043,0.9149392293561648,CT-GAN
0.0,1.0,CT-GAN
4.3442734732121675,0.9620833445750022,CT-GAN
4.545379943251135,0.9102310630519405,CT-GAN
2.4267018706757506,0.9316695729686051,CT-GAN
1.8934252346768798,0.5994555359237451,CT-GAN
0.2744344676410771,1.0,CT-GAN
6.70568137917687,0.8857140187981491,CT-GAN
5.510007944390695,0.9971297701854476,CT-GAN
7.072898217035227,0.9643358164205637,CT-GAN
5.729858186485191,0.8434977927633244,CT-GAN
3.126630564290432,0.592048786821268,CT-GAN
0.0,0.0,CT-GAN
2.6173703711136307,1.0,CT-GAN
0.0,0.0,CT-GAN
4.463570362618174,0.7056882263239057,CT-GAN
2.5045504337264437,0.6946413126271802,CT-GAN
3.5202019273265943,0.5944961956703203,CT-GAN
2.9758005750319922,0.8536108060149011,CT-GAN
0.0,1.0,CT-GAN
0.0,0.0,CT-GAN
3.514348409508795,0.908948578789614,CT-GAN
0.0,0.0,CT-GAN
0.0,0.0,CT-GAN
3.8710938197006755,0.9392790168419607,CT-GAN
6.606137130775768,0.9461839363020377,CT-GAN
5.665965038244671,0.909417145267737,CT-GAN
2.058504229727914,0.5501663520091267,CT-GAN
0.0,1.0,CT-GAN
0.0,0.0,CT-GAN
2.8913746495825903,0.9399538236963533,CT-GAN
0.35451422044182546,0.8684522707234126,CT-GAN
4.2044513979291835,0.9099244910599162,CT-GAN
3.435957430894494,0.9619768119393939,CT-GAN
2.7339057322458933,0.8374663110979562,CT-GAN
0.0,1.0,CT-GAN
3.3825369003300874,0.8206065373507669,CT-GAN
4.008255902641184,0.9960878469746828,CT-GAN
2.30769046168054,0.9820746479919974,CT-GAN
0.0,0.0,CT-GAN
3.2431295141811747,0.6499754231367508,CT-GAN
3.232104161386209,0.7003903376389742,CT-GAN
2.991791832701852,0.9954949191026661,CT-GAN
0.0,1.0,CT-GAN
3.8389039562111975,0.991248507552697,CT-GAN
0.0,1.0,CT-GAN
4.62266283837555,0.9651155298811015,CT-GAN
2.9677217725555343,0.9827734395265934,CT-GAN
3.577736493476605,0.9523433452335353,CT-GAN
2.4856290229385354,0.8148584999019962,CT-GAN
0.0,1.0,CT-GAN
4.7450213202284335,0.8940891059672845,CT-GAN
0.0,0.0,CT-GAN
0.0,1.0,CT-GAN
2.444377922072091,0.7471772959353316,CT-GAN
4.149964874316502,0.90145459409355,CT-GAN
1.8734091395655086,0.6176265401649378,CT-GAN
0.0,1.0,CT-GAN
0.6524977102549067,1.0,CT-GAN
0.0,1.0,CT-GAN
0.0,1.0,CT-GAN
3.930019524168375,0.7865390602533173,CT-GAN
0.0,1.0,CT-GAN
0.0,1.0,CT-GAN
3.606094397006469,0.9242757984008417,CT-GAN
5.044775185617341,0.7404248155586528,CT-GAN
5.85093818845277,0.9416055957809063,CT-GAN
4.14898412083836,0.9757304441223774,CT-GAN
5.673584416508383,0.9310592943243855,CT-GAN
0.3545142204418255,1.0,CT-GAN
0.40821382175271237,0.6099899987326534,CT-GAN
4.41665814189664,0.9085628420427447,CT-GAN
0.0,0.0,CT-GAN
0.44982526294808767,1.0,CT-GAN
0.0,1.0,CT-GAN
0.0,1.0,CT-GAN
3.8946539504515183,0.798399528293444,CT-GAN
4.434952189247511,0.8333834361833693,CT-GAN
0.0,0.0,CT-GAN
0.0,0.0,CT-GAN
4.104261374276837,0.9781378002507272,CT-GAN
3.069408839182798,0.7715039431508968,CT-GAN
1.2662529064535124,0.6949805563146028,CT-GAN
0.0,0.0,CT-GAN
0.0,1.0,CT-GAN
0.0,1.0,CT-GAN
2.9026751710821137,0.9564498161008588,CT-GAN
3.1583817582948455,0.7280738641391556,CT-GAN
5.155019521725979,0.693029586122027,CT-GAN
4.614986588985309,1.0,CT-GAN
0.0,0.0,CT-GAN
5.304430646628509,0.9830442629634694,CT-GAN
3.870744587950584,0.9954417906619776,CT-GAN
0.0,1.0,CT-GAN
0.0,0.0,CT-GAN
3.9713426944975616,0.9221654754899591,CT-GAN
0.0,0.0,CT-GAN
2.952878181670169,0.6018208412890667,CT-GAN
0.0,1.0,CT-GAN
4.224575236896818,0.9707252429164561,CT-GAN
3.849389619651696,0.9962739131808389,CT-GAN
3.823430973254352,0.9471460294038915,CT-GAN
0.0,1.0,CT-GAN
4.172016014382534,1.0,CT-GAN
0.0,1.0,CT-GAN
4.172544251589203,0.7328418319501748,CT-GAN
0.0,1.0,CT-GAN
3.430217194477351,0.9150216466225963,CT-GAN
3.7532155437055423,0.9568655994020565,CT-GAN
0.0,1.0,CT-GAN
0.0,1.0,CT-GAN
4.33237657227874,0.9994257734376879,CT-GAN
2.1427043111766153,0.898298487648968,CT-GAN
0.0,0.0,CT-GAN
