,0,perf,type
0,0.9609756097560975,acc,Original
1,98.44961240310077,sens,Original
2,92.10526315789474,spec,Original
3,95.48872180451127,ppv,Original
4,97.22222222222221,npv,Original
5,0.9918940254539154,auc,Original
6,0.9658536585365853,acc,Synthpop
7,98.38709677419355,sens,Synthpop
8,93.82716049382715,spec,Synthpop
9,96.06299212598425,ppv,Synthpop
10,97.43589743589743,npv,Synthpop
11,0.9974320098550175,auc,Synthpop
12,0.9609756097560975,acc,Original
13,97.70992366412213,sens,Original
14,93.24324324324324,spec,Original
15,96.2406015037594,ppv,Original
16,95.83333333333334,npv,Original
17,0.996303213508674,auc,Original
18,0.9707317073170731,acc,Synthpop
19,96.35036496350365,sens,Synthpop
20,98.52941176470588,spec,Synthpop
21,99.24812030075188,ppv,Synthpop
22,93.05555555555556,npv,Synthpop
23,0.9835111451579754,auc,Synthpop
24,0.9658536585365853,acc,Original
25,98.46153846153847,sens,Original
26,93.33333333333333,spec,Original
27,96.2406015037594,ppv,Original
28,97.22222222222221,npv,Original
29,0.9996726803627471,auc,Original
30,0.9707317073170731,acc,Synthpop
31,98.46153846153847,sens,Synthpop
32,94.66666666666667,spec,Synthpop
33,96.96969696969697,ppv,Synthpop
34,97.26027397260275,npv,Synthpop
35,0.9935205992509363,auc,Synthpop
36,0.9707317073170731,acc,Original
37,97.03703703703704,sens,Original
38,97.14285714285714,spec,Original
39,98.49624060150376,ppv,Original
40,94.44444444444444,npv,Original
41,0.9922213450911681,auc,Original
42,0.9414634146341463,acc,Synthpop
43,96.12403100775194,sens,Synthpop
44,90.78947368421053,spec,Synthpop
45,94.65648854961832,ppv,Synthpop
46,93.24324324324324,npv,Synthpop
47,0.9867015785423354,auc,Synthpop
48,0.9560975609756097,acc,Original
49,96.26865671641791,sens,Original
50,94.36619718309859,spec,Original
51,96.99248120300751,ppv,Original
52,93.05555555555556,npv,Original
53,0.9974392051909043,auc,Original
54,0.9658536585365853,acc,Synthpop
55,99.19354838709677,sens,Synthpop
56,92.5925925925926,spec,Synthpop
57,95.34883720930233,ppv,Synthpop
58,98.68421052631578,npv,Synthpop
59,0.9942668552569542,auc,Synthpop
60,0.9707317073170731,acc,Original
61,97.03703703703704,sens,Original
62,97.14285714285714,spec,Original
63,98.49624060150376,ppv,Original
64,94.44444444444444,npv,Original
65,0.9927989679804378,auc,Original
66,0.9658536585365853,acc,Synthpop
67,96.09375,sens,Synthpop
68,97.40259740259741,spec,Synthpop
69,98.4,ppv,Synthpop
70,93.75,npv,Synthpop
71,0.9891993828218755,auc,Synthpop
72,0.9365853658536586,acc,Original
73,96.15384615384616,sens,Original
74,89.33333333333333,spec,Original
75,93.98496240601504,ppv,Original
76,93.05555555555556,npv,Original
77,0.9970926314573425,auc,Original
78,0.975609756097561,acc,Synthpop
79,99.20634920634922,sens,Synthpop
80,94.9367088607595,spec,Synthpop
81,96.89922480620154,ppv,Synthpop
82,98.68421052631578,npv,Synthpop
83,0.9953323903818954,auc,Synthpop
84,0.9658536585365853,acc,Original
85,99.21875,sens,Original
86,92.20779220779221,spec,Original
87,95.48872180451127,ppv,Original
88,98.61111111111111,npv,Original
89,0.99980745903691,auc,Original
90,0.9560975609756097,acc,Synthpop
91,98.36065573770492,sens,Synthpop
92,91.56626506024097,spec,Synthpop
93,94.48818897637796,ppv,Synthpop
94,97.43589743589743,npv,Synthpop
95,0.9980953283426512,auc,Synthpop
96,0.9902439024390244,acc,Original
97,100.0,sens,Original
98,97.2972972972973,spec,Original
99,98.49624060150376,ppv,Original
100,100.0,npv,Original
101,0.9930877794250728,auc,Original
102,0.975609756097561,acc,Synthpop
103,97.54098360655738,sens,Synthpop
104,97.59036144578313,spec,Synthpop
105,98.34710743801654,ppv,Synthpop
106,96.42857142857143,npv,Synthpop
107,0.9964187380865279,auc,Synthpop
108,0.9804878048780488,acc,Original
109,99.23664122137404,sens,Original
110,95.94594594594594,spec,Original
111,97.74436090225564,ppv,Original
112,98.61111111111111,npv,Original
113,0.9933380826770896,auc,Original
114,0.9658536585365853,acc,Synthpop
115,97.85714285714285,sens,Synthpop
116,93.84615384615384,spec,Synthpop
117,97.16312056737588,ppv,Synthpop
118,95.3125,npv,Synthpop
119,0.9933109138688276,auc,Synthpop
120,0.9707317073170731,acc,Original
121,97.74436090225564,sens,Original
122,95.83333333333334,spec,Original
123,97.74436090225564,ppv,Original
124,95.83333333333334,npv,Original
125,0.9959951479677303,auc,Original
126,0.9414634146341463,acc,Synthpop
127,99.20634920634922,sens,Synthpop
128,86.07594936708861,spec,Synthpop
129,91.91176470588235,ppv,Synthpop
130,98.55072463768117,npv,Synthpop
131,0.9836092961092961,auc,Synthpop
132,0.9658536585365853,acc,Original
133,100.0,sens,Original
134,91.13924050632912,spec,Original
135,94.73684210526315,ppv,Original
136,100.0,npv,Original
137,0.9993838689181123,auc,Original
138,0.9609756097560975,acc,Synthpop
139,99.17355371900827,sens,Synthpop
140,91.66666666666666,spec,Synthpop
141,94.48818897637796,ppv,Synthpop
142,98.71794871794873,npv,Synthpop
143,0.9740168672415427,auc,Synthpop
144,0.9658536585365853,acc,Original
145,97.72727272727273,sens,Original
146,94.52054794520548,spec,Original
147,96.99248120300751,ppv,Original
148,95.83333333333334,npv,Original
149,0.9933573367733985,auc,Original
150,0.9414634146341463,acc,Synthpop
151,97.67441860465115,sens,Synthpop
152,88.1578947368421,spec,Synthpop
153,93.33333333333333,ppv,Synthpop
154,95.71428571428572,npv,Synthpop
155,0.9985211228305151,auc,Synthpop
156,0.9707317073170731,acc,Original
157,99.2248062015504,sens,Original
158,93.42105263157895,spec,Original
159,96.2406015037594,ppv,Original
160,98.61111111111111,npv,Original
161,0.9966497872422357,auc,Original
162,0.9560975609756097,acc,Synthpop
163,96.875,sens,Synthpop
164,93.5064935064935,spec,Synthpop
165,96.12403100775194,ppv,Synthpop
166,94.73684210526315,npv,Synthpop
167,0.9930693069306931,auc,Synthpop
168,0.9707317073170731,acc,Original
169,97.74436090225564,sens,Original
170,95.83333333333334,spec,Original
171,97.74436090225564,ppv,Original
172,95.83333333333334,npv,Original
173,0.9959566397751121,auc,Original
174,0.9414634146341463,acc,Synthpop
175,95.8041958041958,sens,Synthpop
176,90.32258064516128,spec,Synthpop
177,95.8041958041958,ppv,Synthpop
178,90.32258064516128,npv,Synthpop
179,0.988896212079603,auc,Synthpop
180,0.9707317073170731,acc,Original
181,97.74436090225564,sens,Original
182,95.83333333333334,spec,Original
183,97.74436090225564,ppv,Original
184,95.83333333333334,npv,Original
185,0.9936846564106513,auc,Original
186,0.9463414634146341,acc,Synthpop
187,96.875,sens,Synthpop
188,90.9090909090909,spec,Synthpop
189,94.65648854961832,ppv,Synthpop
190,94.5945945945946,npv,Synthpop
191,0.9982825609550087,auc,Synthpop
192,0.9609756097560975,acc,Original
193,98.44961240310077,sens,Original
194,92.10526315789474,spec,Original
195,95.48872180451127,ppv,Original
196,97.22222222222221,npv,Original
197,0.9966690413385447,auc,Original
198,0.9609756097560975,acc,Synthpop
199,98.4375,sens,Synthpop
200,92.20779220779221,spec,Synthpop
201,95.45454545454545,ppv,Synthpop
202,97.26027397260275,npv,Synthpop
203,0.995121722846442,auc,Synthpop
204,0.9560975609756097,acc,Original
205,96.96969696969697,sens,Original
206,93.15068493150685,spec,Original
207,96.2406015037594,ppv,Original
208,94.44444444444444,npv,Original
209,0.9979398116949381,auc,Original
210,0.9658536585365853,acc,Synthpop
211,97.63779527559055,sens,Synthpop
212,94.87179487179486,spec,Synthpop
213,96.875,ppv,Synthpop
214,96.1038961038961,npv,Synthpop
215,0.999650257108288,auc,Synthpop
216,0.9707317073170731,acc,Original
217,99.2248062015504,sens,Original
218,93.42105263157895,spec,Original
219,96.2406015037594,ppv,Original
220,98.61111111111111,npv,Original
221,0.9964957544717639,auc,Original
222,0.9317073170731708,acc,Synthpop
223,95.16129032258065,sens,Synthpop
224,90.12345679012346,spec,Synthpop
225,93.65079365079364,ppv,Synthpop
226,92.40506329113924,npv,Synthpop
227,0.9954210366317069,auc,Synthpop
228,0.975609756097561,acc,Original
229,99.23076923076923,sens,Original
230,94.66666666666667,spec,Original
231,96.99248120300751,ppv,Original
232,98.61111111111111,npv,Original
233,0.9932803203881625,auc,Original
234,0.9707317073170731,acc,Synthpop
235,98.54014598540147,sens,Synthpop
236,94.11764705882352,spec,Synthpop
237,97.12230215827337,ppv,Synthpop
238,96.96969696969697,npv,Synthpop
239,0.9963472004427637,auc,Synthpop
240,0.975609756097561,acc,Original
241,100.0,sens,Original
242,93.5064935064935,spec,Original
243,96.2406015037594,ppv,Original
244,100.0,npv,Original
245,0.9947243776113368,auc,Original
246,0.9609756097560975,acc,Synthpop
247,99.24242424242425,sens,Synthpop
248,90.41095890410958,spec,Synthpop
249,94.92753623188406,ppv,Synthpop
250,98.50746268656717,npv,Synthpop
251,0.9884187370600415,auc,Synthpop
252,0.9560975609756097,acc,Original
253,98.4375,sens,Original
254,90.9090909090909,spec,Original
255,94.73684210526315,ppv,Original
256,97.22222222222221,npv,Original
257,0.9959373856788031,auc,Original
258,0.9804878048780488,acc,Synthpop
259,97.72727272727273,sens,Synthpop
260,98.63013698630137,spec,Synthpop
261,99.23076923076923,ppv,Synthpop
262,96.0,npv,Synthpop
263,0.9952682871763998,auc,Synthpop
264,0.975609756097561,acc,Original
265,98.48484848484848,sens,Original
266,95.8904109589041,spec,Original
267,97.74436090225564,ppv,Original
268,97.22222222222221,npv,Original
269,0.9911046075052468,auc,Original
270,0.9658536585365853,acc,Synthpop
271,96.82539682539682,sens,Synthpop
272,96.20253164556962,spec,Synthpop
273,97.6,ppv,Synthpop
274,95.0,npv,Synthpop
275,0.9969712555003143,auc,Synthpop
276,0.9609756097560975,acc,Original
277,96.99248120300751,sens,Original
278,94.44444444444444,spec,Original
279,96.99248120300751,ppv,Original
280,94.44444444444444,npv,Original
281,0.9952634923079885,auc,Original
282,0.9512195121951219,acc,Synthpop
283,97.54098360655738,sens,Synthpop
284,91.56626506024097,spec,Synthpop
285,94.44444444444444,ppv,Synthpop
286,96.20253164556962,npv,Synthpop
287,0.9986605107159143,auc,Synthpop
288,0.9658536585365853,acc,Original
289,97.72727272727273,sens,Original
290,94.52054794520548,spec,Original
291,96.99248120300751,ppv,Original
292,95.83333333333334,npv,Original
293,0.9966497872422357,auc,Original
294,0.9560975609756097,acc,Synthpop
295,99.18032786885246,sens,Synthpop
296,90.36144578313254,spec,Synthpop
297,93.7984496124031,ppv,Synthpop
298,98.68421052631578,npv,Synthpop
299,0.9969259783121169,auc,Synthpop
300,0.975609756097561,acc,Original
301,99.23076923076923,sens,Original
302,94.66666666666667,spec,Original
303,96.99248120300751,ppv,Original
304,98.61111111111111,npv,Original
305,0.9913356566609547,auc,Original
306,0.9463414634146341,acc,Synthpop
307,97.65625,sens,Synthpop
308,89.6103896103896,spec,Synthpop
309,93.98496240601504,ppv,Synthpop
310,95.83333333333334,npv,Synthpop
311,0.9779432372339829,auc,Synthpop
312,0.9512195121951219,acc,Original
313,96.2406015037594,sens,Original
314,93.05555555555556,spec,Original
315,96.2406015037594,ppv,Original
316,93.05555555555556,npv,Original
317,0.9928182220767469,auc,Original
318,0.9609756097560975,acc,Synthpop
319,97.65625,sens,Synthpop
320,93.5064935064935,spec,Synthpop
321,96.15384615384616,ppv,Synthpop
322,96.0,npv,Synthpop
323,0.9973848585189644,auc,Synthpop
324,0.9609756097560975,acc,Original
325,97.70992366412213,sens,Original
326,93.24324324324324,spec,Original
327,96.2406015037594,ppv,Original
328,95.83333333333334,npv,Original
329,0.9999422377110729,auc,Original
330,0.9658536585365853,acc,Synthpop
331,99.20634920634922,sens,Synthpop
332,92.40506329113924,spec,Synthpop
333,95.41984732824427,ppv,Synthpop
334,98.64864864864865,npv,Synthpop
335,0.9948289130393979,auc,Synthpop
336,0.9560975609756097,acc,Original
337,96.96969696969697,sens,Original
338,93.15068493150685,spec,Original
339,96.2406015037594,ppv,Original
340,94.44444444444444,npv,Original
341,0.9973814429019775,auc,Original
342,0.926829268292683,acc,Synthpop
343,95.6896551724138,sens,Synthpop
344,88.76404494382022,spec,Synthpop
345,91.73553719008265,ppv,Synthpop
346,94.04761904761905,npv,Synthpop
347,0.9814101700136705,auc,Synthpop
348,0.9707317073170731,acc,Original
349,98.47328244274809,sens,Original
350,94.5945945945946,spec,Original
351,96.99248120300751,ppv,Original
352,97.22222222222221,npv,Original
353,0.996341721701292,auc,Original
354,0.9658536585365853,acc,Synthpop
355,95.55555555555556,sens,Synthpop
356,98.57142857142858,spec,Synthpop
357,99.23076923076923,ppv,Synthpop
358,92.0,npv,Synthpop
359,0.9845725466586394,auc,Synthpop
360,0.9707317073170731,acc,Original
361,99.2248062015504,sens,Original
362,93.42105263157895,spec,Original
363,96.2406015037594,ppv,Original
364,98.61111111111111,npv,Original
365,0.9969193445905616,auc,Original
366,0.9560975609756097,acc,Synthpop
367,95.45454545454545,sens,Synthpop
368,95.8904109589041,spec,Synthpop
369,97.67441860465115,ppv,Synthpop
370,92.10526315789474,npv,Synthpop
371,0.9900801508722301,auc,Synthpop
372,0.9463414634146341,acc,Original
373,96.92307692307692,sens,Original
374,90.66666666666666,spec,Original
375,94.73684210526315,ppv,Original
376,94.44444444444444,npv,Original
377,0.9977665248281572,auc,Original
378,0.9658536585365853,acc,Synthpop
379,96.15384615384616,sens,Synthpop
380,97.33333333333334,spec,Synthpop
381,98.4251968503937,ppv,Synthpop
382,93.58974358974359,npv,Synthpop
383,0.9819387851795698,auc,Synthpop
384,0.9853658536585366,acc,Original
385,98.50746268656717,sens,Original
386,98.59154929577466,spec,Original
387,99.24812030075188,ppv,Original
388,97.22222222222221,npv,Original
389,0.9912393861794097,auc,Original
390,0.9560975609756097,acc,Synthpop
391,97.58064516129032,sens,Synthpop
392,92.5925925925926,spec,Synthpop
393,95.2755905511811,ppv,Synthpop
394,96.15384615384616,npv,Synthpop
395,0.995811617549512,auc,Synthpop
396,0.9707317073170731,acc,Original
397,100.0,sens,Original
398,92.3076923076923,spec,Original
399,95.48872180451127,ppv,Original
400,100.0,npv,Original
401,0.9960914184492751,auc,Original
402,0.9560975609756097,acc,Synthpop
403,97.70992366412213,sens,Synthpop
404,91.8918918918919,spec,Synthpop
405,95.52238805970148,ppv,Synthpop
406,95.77464788732394,npv,Synthpop
407,0.9959079045488441,auc,Synthpop
408,0.9658536585365853,acc,Original
409,97.01492537313433,sens,Original
410,95.77464788732394,spec,Original
411,97.74436090225564,ppv,Original
412,94.44444444444444,npv,Original
413,0.9930107630398368,auc,Original
414,0.9658536585365853,acc,Synthpop
415,99.19354838709677,sens,Synthpop
416,92.5925925925926,spec,Synthpop
417,95.34883720930233,ppv,Synthpop
418,98.68421052631578,npv,Synthpop
419,0.991994342291372,auc,Synthpop
420,0.9707317073170731,acc,Original
421,97.74436090225564,sens,Original
422,95.83333333333334,spec,Original
423,97.74436090225564,ppv,Original
424,95.83333333333334,npv,Original
425,0.9913164025646456,auc,Original
426,0.9560975609756097,acc,Synthpop
427,95.9349593495935,sens,Synthpop
428,95.1219512195122,spec,Synthpop
429,96.72131147540983,ppv,Synthpop
430,93.97590361445783,npv,Synthpop
431,0.9940668202764977,auc,Synthpop
432,0.9463414634146341,acc,Original
433,96.21212121212122,sens,Original
434,91.78082191780823,spec,Original
435,95.48872180451127,ppv,Original
436,93.05555555555556,npv,Original
437,0.9951287136338256,auc,Original
438,0.975609756097561,acc,Synthpop
439,98.4251968503937,sens,Synthpop
440,96.15384615384616,spec,Synthpop
441,97.65625,ppv,Synthpop
442,97.40259740259741,npv,Synthpop
443,0.9953021022383546,auc,Synthpop
444,0.9658536585365853,acc,Original
445,97.01492537313433,sens,Original
446,95.77464788732394,spec,Original
447,97.74436090225564,ppv,Original
448,94.44444444444444,npv,Original
449,0.996206943027129,auc,Original
450,0.9560975609756097,acc,Synthpop
451,96.15384615384616,sens,Synthpop
452,94.66666666666667,spec,Synthpop
453,96.89922480620154,ppv,Synthpop
454,93.42105263157895,npv,Synthpop
455,0.998000942951438,auc,Synthpop
456,0.9609756097560975,acc,Original
457,96.29629629629629,sens,Original
458,95.71428571428572,spec,Original
459,97.74436090225564,ppv,Original
460,93.05555555555556,npv,Original
461,0.9943970579740841,auc,Original
462,0.9414634146341463,acc,Synthpop
463,95.58823529411765,sens,Synthpop
464,91.30434782608695,spec,Synthpop
465,95.58823529411765,ppv,Synthpop
466,91.30434782608695,npv,Synthpop
467,0.9864122364122364,auc,Synthpop
468,0.975609756097561,acc,Original
469,98.48484848484848,sens,Original
470,95.8904109589041,spec,Original
471,97.74436090225564,ppv,Original
472,97.22222222222221,npv,Original
473,0.9953405086932244,auc,Original
474,0.9609756097560975,acc,Synthpop
475,96.875,sens,Synthpop
476,94.8051948051948,spec,Synthpop
477,96.875,ppv,Synthpop
478,94.8051948051948,npv,Synthpop
479,0.9955856775559588,auc,Synthpop
480,0.926829268292683,acc,Original
481,94.02985074626866,sens,Original
482,90.14084507042254,spec,Original
483,94.73684210526315,ppv,Original
484,88.88888888888889,npv,Original
485,0.9994031230144214,auc,Original
486,0.9365853658536586,acc,Synthpop
487,94.73684210526315,sens,Synthpop
488,91.66666666666666,spec,Synthpop
489,95.45454545454545,ppv,Synthpop
490,90.41095890410958,npv,Synthpop
491,0.9871441947565542,auc,Synthpop
492,0.9853658536585366,acc,Original
493,100.0,sens,Original
494,96.0,spec,Original
495,97.74436090225564,ppv,Original
496,100.0,npv,Original
497,0.9958411151972583,auc,Original
498,0.9609756097560975,acc,Synthpop
499,96.99248120300751,sens,Synthpop
500,94.44444444444444,spec,Synthpop
501,96.99248120300751,ppv,Synthpop
502,94.44444444444444,npv,Synthpop
503,0.9839689094000486,auc,Synthpop
504,0.9560975609756097,acc,Original
505,96.96969696969697,sens,Original
506,93.15068493150685,spec,Original
507,96.2406015037594,ppv,Original
508,94.44444444444444,npv,Original
509,0.9957640988120222,auc,Original
510,0.9853658536585366,acc,Synthpop
511,98.38709677419355,sens,Synthpop
512,98.76543209876543,spec,Synthpop
513,99.1869918699187,ppv,Synthpop
514,97.5609756097561,npv,Synthpop
515,0.9924072691062982,auc,Synthpop
516,0.9658536585365853,acc,Original
517,97.72727272727273,sens,Original
518,94.52054794520548,spec,Original
519,96.99248120300751,ppv,Original
520,95.83333333333334,npv,Original
521,0.9946088530334829,auc,Original
522,0.9560975609756097,acc,Synthpop
523,95.19999999999999,sens,Synthpop
524,96.25,spec,Synthpop
525,97.54098360655738,ppv,Synthpop
526,92.7710843373494,npv,Synthpop
527,0.977428955453149,auc,Synthpop
528,0.9658536585365853,acc,Original
529,97.01492537313433,sens,Original
530,95.77464788732394,spec,Original
531,97.74436090225564,ppv,Original
532,94.44444444444444,npv,Original
533,0.9941082465294492,auc,Original
534,0.9463414634146341,acc,Synthpop
535,95.55555555555556,sens,Synthpop
536,92.85714285714286,spec,Synthpop
537,96.26865671641791,ppv,Synthpop
538,91.54929577464789,npv,Synthpop
539,0.9950037285607756,auc,Synthpop
540,0.9463414634146341,acc,Original
541,97.65625,sens,Original
542,89.6103896103896,spec,Original
543,93.98496240601504,ppv,Original
544,95.83333333333334,npv,Original
545,0.9973236806130504,auc,Original
546,0.9512195121951219,acc,Synthpop
547,98.4126984126984,sens,Synthpop
548,89.87341772151899,spec,Synthpop
549,93.93939393939394,ppv,Synthpop
550,97.26027397260275,npv,Synthpop
551,0.9975468164794009,auc,Synthpop
552,0.9804878048780488,acc,Original
553,98.49624060150376,sens,Original
554,97.22222222222221,spec,Original
555,98.49624060150376,ppv,Original
556,97.22222222222221,npv,Original
557,0.9913934189498816,auc,Original
558,0.9414634146341463,acc,Synthpop
559,94.91525423728814,sens,Synthpop
560,93.10344827586206,spec,Synthpop
561,94.91525423728814,ppv,Synthpop
562,93.10344827586206,npv,Synthpop
563,0.9957666614882709,auc,Synthpop
564,0.9560975609756097,acc,Original
565,95.58823529411765,sens,Original
566,95.65217391304348,spec,Original
567,97.74436090225564,ppv,Original
568,91.66666666666666,npv,Original
569,0.9950324431522807,auc,Original
570,0.9463414634146341,acc,Synthpop
571,97.27272727272728,sens,Synthpop
572,91.57894736842105,spec,Synthpop
573,93.04347826086956,ppv,Synthpop
574,96.66666666666667,npv,Synthpop
575,0.998726414170112,auc,Synthpop
576,0.975609756097561,acc,Original
577,98.48484848484848,sens,Original
578,95.8904109589041,spec,Original
579,97.74436090225564,ppv,Original
580,97.22222222222221,npv,Original
581,0.9930492712324547,auc,Original
582,0.9658536585365853,acc,Synthpop
583,97.70992366412213,sens,Synthpop
584,94.5945945945946,spec,Synthpop
585,96.96969696969697,ppv,Synthpop
586,95.8904109589041,npv,Synthpop
587,0.9959082397003745,auc,Synthpop
588,0.9658536585365853,acc,Original
589,99.21875,sens,Original
590,92.20779220779221,spec,Original
591,95.48872180451127,ppv,Original
592,98.61111111111111,npv,Original
593,0.9947051235150277,auc,Original
594,0.9902439024390244,acc,Synthpop
595,100.0,sens,Synthpop
596,97.53086419753086,spec,Synthpop
597,98.4126984126984,ppv,Synthpop
598,100.0,npv,Synthpop
599,0.9893790849673203,auc,Synthpop
600,0.9463414634146341,acc,Original
601,96.21212121212122,sens,Original
602,91.78082191780823,spec,Original
603,95.48872180451127,ppv,Original
604,93.05555555555556,npv,Original
605,0.9923368696690221,auc,Original
606,0.9219512195121952,acc,Synthpop
607,92.5925925925926,sens,Synthpop
608,91.42857142857143,spec,Synthpop
609,95.41984732824427,ppv,Synthpop
610,86.48648648648648,npv,Synthpop
611,0.9846368977232202,auc,Synthpop
612,0.9512195121951219,acc,Original
613,96.2406015037594,sens,Original
614,93.05555555555556,spec,Original
615,96.2406015037594,ppv,Original
616,93.05555555555556,npv,Original
617,0.9955908119452413,auc,Original
618,0.9609756097560975,acc,Synthpop
619,96.5034965034965,sens,Synthpop
620,95.16129032258065,spec,Synthpop
621,97.87234042553192,ppv,Synthpop
622,92.1875,npv,Synthpop
623,0.9879816968961905,auc,Synthpop
624,0.9658536585365853,acc,Original
625,99.21875,sens,Original
626,92.20779220779221,spec,Original
627,95.48872180451127,ppv,Original
628,98.61111111111111,npv,Original
629,0.9959951479677301,auc,Original
630,0.9365853658536586,acc,Synthpop
631,96.0,sens,Synthpop
632,90.0,spec,Synthpop
633,93.75,ppv,Synthpop
634,93.5064935064935,npv,Synthpop
635,0.9993477767695099,auc,Synthpop
636,0.9804878048780488,acc,Original
637,99.23664122137404,sens,Original
638,95.94594594594594,spec,Original
639,97.74436090225564,ppv,Original
640,98.61111111111111,npv,Original
641,0.9912008779867917,auc,Original
642,0.9463414634146341,acc,Synthpop
643,96.55172413793103,sens,Synthpop
644,92.13483146067416,spec,Synthpop
645,94.11764705882352,ppv,Synthpop
646,95.34883720930233,npv,Synthpop
647,0.9939781198567142,auc,Synthpop
648,0.9804878048780488,acc,Original
649,98.49624060150376,sens,Original
650,97.22222222222221,spec,Original
651,98.49624060150376,ppv,Original
652,97.22222222222221,npv,Original
653,0.9954752873673874,auc,Original
654,0.9512195121951219,acc,Synthpop
655,98.30508474576271,sens,Synthpop
656,90.80459770114942,spec,Synthpop
657,93.54838709677419,ppv,Synthpop
658,97.53086419753086,npv,Synthpop
659,0.9934873949579831,auc,Synthpop
660,0.9609756097560975,acc,Original
661,98.44961240310077,sens,Original
662,92.10526315789474,spec,Original
663,95.48872180451127,ppv,Original
664,97.22222222222221,npv,Original
665,0.9951864759227526,auc,Original
666,0.9658536585365853,acc,Synthpop
667,99.19354838709677,sens,Synthpop
668,92.5925925925926,spec,Synthpop
669,95.34883720930233,ppv,Synthpop
670,98.68421052631578,npv,Synthpop
671,0.9976426214049976,auc,Synthpop
672,0.975609756097561,acc,Original
673,97.05882352941177,sens,Original
674,98.55072463768117,spec,Original
675,99.24812030075188,ppv,Original
676,94.44444444444444,npv,Original
677,0.9897568207636175,auc,Original
678,0.9609756097560975,acc,Synthpop
679,100.0,sens,Synthpop
680,90.0,spec,Synthpop
681,93.98496240601504,ppv,Synthpop
682,100.0,npv,Synthpop
683,0.9938809065600419,auc,Synthpop
684,0.9658536585365853,acc,Original
685,97.72727272727273,sens,Original
686,94.52054794520548,spec,Original
687,96.99248120300751,ppv,Original
688,95.83333333333334,npv,Original
689,0.9918170090686793,auc,Original
690,0.9512195121951219,acc,Synthpop
691,98.26086956521739,sens,Synthpop
692,91.11111111111111,spec,Synthpop
693,93.38842975206612,ppv,Synthpop
694,97.61904761904762,npv,Synthpop
695,0.994146754722067,auc,Synthpop
696,0.9707317073170731,acc,Original
697,97.03703703703704,sens,Original
698,97.14285714285714,spec,Original
699,98.49624060150376,ppv,Original
700,94.44444444444444,npv,Original
701,0.9946088530334828,auc,Original
702,0.9804878048780488,acc,Synthpop
703,99.23076923076923,sens,Synthpop
704,96.0,spec,Synthpop
705,97.72727272727273,ppv,Synthpop
706,98.63013698630137,npv,Synthpop
707,0.9840823970037453,auc,Synthpop
708,0.975609756097561,acc,Original
709,100.0,sens,Original
710,93.5064935064935,spec,Original
711,96.2406015037594,ppv,Original
712,100.0,npv,Original
713,0.9942045170109941,auc,Original
714,0.9560975609756097,acc,Synthpop
715,96.63865546218487,sens,Synthpop
716,94.18604651162791,spec,Synthpop
717,95.83333333333334,ppv,Synthpop
718,95.29411764705881,npv,Synthpop
719,0.998522937905468,auc,Synthpop
720,0.9609756097560975,acc,Original
721,95.62043795620438,sens,Original
722,97.05882352941177,spec,Original
723,98.49624060150376,ppv,Original
724,91.66666666666666,npv,Original
725,0.9938964514700502,auc,Original
726,0.9512195121951219,acc,Synthpop
727,98.4,sens,Synthpop
728,90.0,spec,Synthpop
729,93.89312977099237,ppv,Synthpop
730,97.2972972972973,npv,Synthpop
731,0.9987799613341592,auc,Synthpop
732,0.9609756097560975,acc,Original
733,96.99248120300751,sens,Original
734,94.44444444444444,spec,Original
735,96.99248120300751,ppv,Original
736,94.44444444444444,npv,Original
737,0.9927797138841289,auc,Original
738,0.9707317073170731,acc,Synthpop
739,96.2406015037594,sens,Synthpop
740,98.61111111111111,spec,Synthpop
741,99.2248062015504,ppv,Synthpop
742,93.42105263157895,npv,Synthpop
743,0.9827817067421029,auc,Synthpop
744,0.9560975609756097,acc,Original
745,98.4375,sens,Original
746,90.9090909090909,spec,Original
747,94.73684210526315,ppv,Original
748,97.22222222222221,npv,Original
749,0.9954945414636965,auc,Original
750,0.9463414634146341,acc,Synthpop
751,97.6923076923077,sens,Synthpop
752,89.33333333333333,spec,Synthpop
753,94.07407407407408,ppv,Synthpop
754,95.71428571428572,npv,Synthpop
755,0.9955168629201778,auc,Synthpop
756,0.9658536585365853,acc,Original
757,97.72727272727273,sens,Original
758,94.52054794520548,spec,Original
759,96.99248120300751,ppv,Original
760,95.83333333333334,npv,Original
761,0.9953020005006065,auc,Original
762,0.9658536585365853,acc,Synthpop
763,96.09375,sens,Synthpop
764,97.40259740259741,spec,Synthpop
765,98.4,ppv,Synthpop
766,93.75,npv,Synthpop
767,0.9943234851515325,auc,Synthpop
768,0.975609756097561,acc,Original
769,99.23076923076923,sens,Original
770,94.66666666666667,spec,Original
771,96.99248120300751,ppv,Original
772,98.61111111111111,npv,Original
773,0.992433140150567,auc,Original
774,0.9560975609756097,acc,Synthpop
775,96.99248120300751,sens,Synthpop
776,93.05555555555556,spec,Synthpop
777,96.26865671641791,ppv,Synthpop
778,94.36619718309859,npv,Synthpop
779,0.999179716629381,auc,Synthpop
780,0.975609756097561,acc,Original
781,99.23076923076923,sens,Original
782,94.66666666666667,spec,Original
783,96.99248120300751,ppv,Original
784,98.61111111111111,npv,Original
785,0.9909505747347748,auc,Original
786,0.9609756097560975,acc,Synthpop
787,98.3739837398374,sens,Synthpop
788,92.6829268292683,spec,Synthpop
789,95.2755905511811,ppv,Synthpop
790,97.43589743589743,npv,Synthpop
791,0.998521747370416,auc,Synthpop
792,0.9512195121951219,acc,Original
793,97.67441860465115,sens,Original
794,90.78947368421053,spec,Original
795,94.73684210526315,ppv,Original
796,95.83333333333334,npv,Original
797,0.9932995744844715,auc,Original
798,0.9463414634146341,acc,Synthpop
799,96.94656488549617,sens,Synthpop
800,90.54054054054053,spec,Synthpop
801,94.77611940298507,ppv,Synthpop
802,94.36619718309859,npv,Synthpop
803,0.9915641312453393,auc,Synthpop
804,0.975609756097561,acc,Original
805,99.23076923076923,sens,Original
806,94.66666666666667,spec,Original
807,96.99248120300751,ppv,Original
808,98.61111111111111,npv,Original
809,0.9924138860542581,auc,Original
810,0.9463414634146341,acc,Synthpop
811,94.9579831932773,sens,Synthpop
812,94.18604651162791,spec,Synthpop
813,95.76271186440678,ppv,Synthpop
814,93.10344827586206,npv,Synthpop
815,0.9976794314121485,auc,Synthpop
816,0.975609756097561,acc,Original
817,97.76119402985076,sens,Original
818,97.1830985915493,spec,Original
819,98.49624060150376,ppv,Original
820,95.83333333333334,npv,Original
821,0.9948784103818087,auc,Original
822,0.9512195121951219,acc,Synthpop
823,97.79411764705883,sens,Synthpop
824,89.85507246376811,spec,Synthpop
825,95.0,ppv,Synthpop
826,95.38461538461539,npv,Synthpop
827,0.9922208719988216,auc,Synthpop
828,0.9853658536585366,acc,Original
829,98.50746268656717,sens,Original
830,98.59154929577466,spec,Original
831,99.24812030075188,ppv,Original
832,97.22222222222221,npv,Original
833,0.9921058205133142,auc,Original
834,0.9804878048780488,acc,Synthpop
835,98.4251968503937,sens,Synthpop
836,97.43589743589743,spec,Synthpop
837,98.4251968503937,ppv,Synthpop
838,97.43589743589743,npv,Synthpop
839,0.9950156353643513,auc,Synthpop
840,0.9658536585365853,acc,Original
841,96.32352941176471,sens,Original
842,97.10144927536231,spec,Original
843,98.49624060150376,ppv,Original
844,93.05555555555556,npv,Original
845,0.992587172921039,auc,Original
846,0.975609756097561,acc,Synthpop
847,99.19354838709677,sens,Synthpop
848,95.06172839506173,spec,Synthpop
849,96.8503937007874,ppv,Synthpop
850,98.71794871794873,npv,Synthpop
851,0.9909314886762058,auc,Synthpop
852,0.9560975609756097,acc,Original
853,95.58823529411765,sens,Original
854,95.65217391304348,spec,Original
855,97.74436090225564,ppv,Original
856,91.66666666666666,npv,Original
857,0.9971503937462695,auc,Original
858,0.9658536585365853,acc,Synthpop
859,98.47328244274809,sens,Synthpop
860,93.24324324324324,spec,Synthpop
861,96.26865671641791,ppv,Synthpop
862,97.1830985915493,npv,Synthpop
863,0.994910514541387,auc,Synthpop
864,0.9658536585365853,acc,Original
865,99.21875,sens,Original
866,92.20779220779221,spec,Original
867,95.48872180451127,ppv,Original
868,98.61111111111111,npv,Original
869,0.9931840499066177,auc,Original
870,0.9560975609756097,acc,Synthpop
871,96.40287769784173,sens,Synthpop
872,93.93939393939394,spec,Synthpop
873,97.10144927536231,ppv,Synthpop
874,92.53731343283582,npv,Synthpop
875,0.9863483436853001,auc,Synthpop
876,0.9707317073170731,acc,Original
877,96.35036496350365,sens,Original
878,98.52941176470588,spec,Original
879,99.24812030075188,ppv,Original
880,93.05555555555556,npv,Original
881,0.9893524847411287,auc,Original
882,0.9463414634146341,acc,Synthpop
883,97.08029197080292,sens,Synthpop
884,89.70588235294117,spec,Synthpop
885,95.0,ppv,Synthpop
886,93.84615384615384,npv,Synthpop
887,0.9833738400353514,auc,Synthpop
888,0.9317073170731708,acc,Original
889,92.19858156028369,sens,Original
890,95.3125,spec,Original
891,97.74436090225564,ppv,Original
892,84.72222222222221,npv,Original
893,1.0,auc,Original
894,0.9707317073170731,acc,Synthpop
895,97.63779527559055,sens,Synthpop
896,96.15384615384616,spec,Synthpop
897,97.63779527559055,ppv,Synthpop
898,96.15384615384616,npv,Synthpop
899,0.9985975551975742,auc,Synthpop
900,0.9512195121951219,acc,Original
901,98.4251968503937,sens,Original
902,89.74358974358975,spec,Original
903,93.98496240601504,ppv,Original
904,97.22222222222221,npv,Original
905,0.9994223771107302,auc,Original
906,0.9707317073170731,acc,Synthpop
907,96.875,sens,Synthpop
908,97.40259740259741,spec,Synthpop
909,98.4126984126984,ppv,Synthpop
910,94.9367088607595,npv,Synthpop
911,0.9935495516035872,auc,Synthpop
912,0.9804878048780488,acc,Original
913,97.77777777777777,sens,Original
914,98.57142857142858,spec,Original
915,99.24812030075188,ppv,Original
916,95.83333333333334,npv,Original
917,0.990700271482758,auc,Original
918,0.9658536585365853,acc,Synthpop
919,98.4251968503937,sens,Synthpop
920,93.58974358974359,spec,Synthpop
921,96.15384615384616,ppv,Synthpop
922,97.33333333333334,npv,Synthpop
923,0.9943181818181819,auc,Synthpop
924,0.9560975609756097,acc,Original
925,97.6923076923077,sens,Original
926,92.0,spec,Original
927,95.48872180451127,ppv,Original
928,95.83333333333334,npv,Original
929,0.9955137955600053,auc,Original
930,0.9658536585365853,acc,Synthpop
931,97.76119402985076,sens,Synthpop
932,94.36619718309859,spec,Synthpop
933,97.03703703703704,ppv,Synthpop
934,95.71428571428572,npv,Synthpop
935,0.9985397250590621,auc,Synthpop
936,0.9658536585365853,acc,Original
937,100.0,sens,Original
938,91.13924050632912,spec,Original
939,94.73684210526315,ppv,Original
940,100.0,npv,Original
941,0.9938194350848144,auc,Original
942,0.9512195121951219,acc,Synthpop
943,95.48872180451127,sens,Synthpop
944,94.44444444444444,spec,Synthpop
945,96.94656488549617,ppv,Synthpop
946,91.8918918918919,npv,Synthpop
947,0.9879310021209903,auc,Synthpop
948,0.9707317073170731,acc,Original
949,100.0,sens,Original
950,92.3076923076923,spec,Original
951,95.48872180451127,ppv,Original
952,100.0,npv,Original
953,0.990488476423359,auc,Original
954,0.9658536585365853,acc,Synthpop
955,98.44961240310077,sens,Synthpop
956,93.42105263157895,spec,Synthpop
957,96.21212121212122,ppv,Synthpop
958,97.26027397260275,npv,Synthpop
959,0.9908146067415731,auc,Synthpop
960,0.9609756097560975,acc,Original
961,96.99248120300751,sens,Original
962,94.44444444444444,spec,Original
963,96.99248120300751,ppv,Original
964,94.44444444444444,npv,Original
965,0.996322467604983,auc,Original
966,0.9658536585365853,acc,Synthpop
967,96.35036496350365,sens,Synthpop
968,97.05882352941177,spec,Synthpop
969,98.50746268656717,ppv,Synthpop
970,92.95774647887323,npv,Synthpop
971,0.9917412378821775,auc,Synthpop
972,0.9804878048780488,acc,Original
973,98.49624060150376,sens,Original
974,97.22222222222221,spec,Original
975,98.49624060150376,ppv,Original
976,97.22222222222221,npv,Original
977,0.9923176155727131,auc,Original
978,0.9658536585365853,acc,Synthpop
979,97.77777777777777,sens,Synthpop
980,94.28571428571428,spec,Synthpop
981,97.05882352941177,ppv,Synthpop
982,95.65217391304348,npv,Synthpop
983,0.9945054945054945,auc,Synthpop
984,0.975609756097561,acc,Original
985,97.76119402985076,sens,Original
986,97.1830985915493,spec,Original
987,98.49624060150376,ppv,Original
988,95.83333333333334,npv,Original
989,0.9937424186995782,auc,Original
990,0.9512195121951219,acc,Synthpop
991,98.4126984126984,sens,Synthpop
992,89.87341772151899,spec,Synthpop
993,93.93939393939394,ppv,Synthpop
994,97.26027397260275,npv,Synthpop
995,0.9876966292134831,auc,Synthpop
996,0.9658536585365853,acc,Original
997,98.46153846153847,sens,Original
998,93.33333333333333,spec,Original
999,96.2406015037594,ppv,Original
1000,97.22222222222221,npv,Original
1001,0.9919902959354603,auc,Original
1002,0.9512195121951219,acc,Synthpop
1003,95.34883720930233,sens,Synthpop
1004,94.73684210526315,spec,Synthpop
1005,96.8503937007874,ppv,Synthpop
1006,92.3076923076923,npv,Synthpop
1007,0.9781673457784514,auc,Synthpop
1008,0.9804878048780488,acc,Original
1009,99.23664122137404,sens,Original
1010,95.94594594594594,spec,Original
1011,97.74436090225564,ppv,Original
1012,98.61111111111111,npv,Original
1013,0.9909505747347749,auc,Original
1014,0.9658536585365853,acc,Synthpop
1015,97.5,sens,Synthpop
1016,95.29411764705881,spec,Synthpop
1017,96.69421487603306,ppv,Synthpop
1018,96.42857142857143,npv,Synthpop
1019,0.9892658413077382,auc,Synthpop
1020,0.9707317073170731,acc,Original
1021,99.2248062015504,sens,Original
1022,93.42105263157895,spec,Original
1023,96.2406015037594,ppv,Original
1024,98.61111111111111,npv,Original
1025,0.9949939349596627,auc,Original
1026,0.9560975609756097,acc,Synthpop
1027,96.55172413793103,sens,Synthpop
1028,93.33333333333333,spec,Synthpop
1029,97.22222222222221,ppv,Synthpop
1030,91.80327868852459,npv,Synthpop
1031,0.9907529239766082,auc,Synthpop
1032,0.9317073170731708,acc,Original
1033,94.73684210526315,sens,Original
1034,90.27777777777779,spec,Original
1035,94.73684210526315,ppv,Original
1036,90.27777777777779,npv,Original
1037,0.9982863854284999,auc,Original
1038,0.9365853658536586,acc,Synthpop
1039,93.75,sens,Synthpop
1040,93.5064935064935,spec,Synthpop
1041,96.0,ppv,Synthpop
1042,90.0,npv,Synthpop
1043,0.999457111834962,auc,Synthpop
1044,0.9560975609756097,acc,Original
1045,96.26865671641791,sens,Original
1046,94.36619718309859,spec,Original
1047,96.99248120300751,ppv,Original
1048,93.05555555555556,npv,Original
1049,0.9937231646032693,auc,Original
1050,0.9414634146341463,acc,Synthpop
1051,97.67441860465115,sens,Synthpop
1052,88.1578947368421,spec,Synthpop
1053,93.33333333333333,ppv,Synthpop
1054,95.71428571428572,npv,Synthpop
1055,0.9962330487192366,auc,Synthpop
1056,0.9560975609756097,acc,Original
1057,96.96969696969697,sens,Original
1058,93.15068493150685,spec,Original
1059,96.2406015037594,ppv,Original
1060,94.44444444444444,npv,Original
1061,0.996437992182837,auc,Original
1062,0.9512195121951219,acc,Synthpop
1063,93.89312977099237,sens,Synthpop
1064,97.2972972972973,spec,Synthpop
1065,98.4,ppv,Synthpop
1066,90.0,npv,Synthpop
1067,0.997733203802122,auc,Synthpop
1068,0.9609756097560975,acc,Original
1069,97.70992366412213,sens,Original
1070,93.24324324324324,spec,Original
1071,96.2406015037594,ppv,Original
1072,95.83333333333334,npv,Original
1073,0.9946858694187188,auc,Original
1074,0.9658536585365853,acc,Synthpop
1075,98.4,sens,Synthpop
1076,93.75,spec,Synthpop
1077,96.09375,ppv,Synthpop
1078,97.40259740259741,npv,Synthpop
1079,0.9980811403508771,auc,Synthpop
1080,0.9804878048780488,acc,Original
1081,99.23664122137404,sens,Original
1082,95.94594594594594,spec,Original
1083,97.74436090225564,ppv,Original
1084,98.61111111111111,npv,Original
1085,0.9918362631649883,auc,Original
1086,0.9414634146341463,acc,Synthpop
1087,99.2248062015504,sens,Synthpop
1088,85.52631578947368,spec,Synthpop
1089,92.08633093525181,ppv,Synthpop
1090,98.48484848484848,npv,Synthpop
1091,0.9798450327460566,auc,Synthpop
1092,0.9707317073170731,acc,Original
1093,97.74436090225564,sens,Original
1094,95.83333333333334,spec,Original
1095,97.74436090225564,ppv,Original
1096,95.83333333333334,npv,Original
1097,0.9926834434025839,auc,Original
1098,0.9658536585365853,acc,Synthpop
1099,99.2248062015504,sens,Synthpop
1100,92.10526315789474,spec,Synthpop
1101,95.52238805970148,ppv,Synthpop
1102,98.59154929577466,npv,Synthpop
1103,0.9947520507084264,auc,Synthpop
1104,0.975609756097561,acc,Original
1105,99.23076923076923,sens,Original
1106,94.66666666666667,spec,Original
1107,96.99248120300751,ppv,Original
1108,98.61111111111111,npv,Original
1109,0.9953597627895335,auc,Original
1110,0.9707317073170731,acc,Synthpop
1111,100.0,sens,Synthpop
1112,92.20779220779221,spec,Synthpop
1113,95.52238805970148,ppv,Synthpop
1114,100.0,npv,Synthpop
1115,0.9931674123788218,auc,Synthpop
1116,0.9853658536585366,acc,Original
1117,99.24242424242425,sens,Original
1118,97.26027397260275,spec,Original
1119,98.49624060150376,ppv,Original
1120,98.61111111111111,npv,Original
1121,0.9951864759227526,auc,Original
1122,0.9463414634146341,acc,Synthpop
1123,95.86776859504133,sens,Synthpop
1124,92.85714285714286,spec,Synthpop
1125,95.08196721311475,ppv,Synthpop
1126,93.97590361445783,npv,Synthpop
1127,0.9949596774193549,auc,Synthpop
1128,0.9560975609756097,acc,Original
1129,96.26865671641791,sens,Original
1130,94.36619718309859,spec,Original
1131,96.99248120300751,ppv,Original
1132,93.05555555555556,npv,Original
1133,0.9967653118200897,auc,Original
1134,0.9512195121951219,acc,Synthpop
1135,96.875,sens,Synthpop
1136,92.20779220779221,spec,Synthpop
1137,95.38461538461539,ppv,Synthpop
1138,94.66666666666667,npv,Synthpop
1139,0.9918065171583383,auc,Synthpop
1140,0.9365853658536586,acc,Original
1141,92.85714285714286,sens,Original
1142,95.38461538461539,spec,Original
1143,97.74436090225564,ppv,Original
1144,86.11111111111111,npv,Original
1145,0.9952827464042975,auc,Original
1146,0.9609756097560975,acc,Synthpop
1147,95.38461538461539,sens,Synthpop
1148,97.33333333333334,spec,Synthpop
1149,98.4126984126984,ppv,Synthpop
1150,92.40506329113924,npv,Synthpop
1151,0.9957155342757258,auc,Synthpop
1152,0.975609756097561,acc,Original
1153,100.0,sens,Original
1154,93.5064935064935,spec,Original
1155,96.2406015037594,ppv,Original
1156,100.0,npv,Original
1157,0.9936461482180334,auc,Original
1158,0.9609756097560975,acc,Synthpop
1159,96.15384615384616,sens,Synthpop
1160,96.0,spec,Synthpop
1161,97.65625,ppv,Synthpop
1162,93.5064935064935,npv,Synthpop
1163,0.9886191772534786,auc,Synthpop
1164,0.975609756097561,acc,Original
1165,98.48484848484848,sens,Original
1166,95.8904109589041,spec,Original
1167,97.74436090225564,ppv,Original
1168,97.22222222222221,npv,Original
1169,0.9934536072549435,auc,Original
1170,0.9512195121951219,acc,Synthpop
1171,97.70992366412213,sens,Synthpop
1172,90.54054054054053,spec,Synthpop
1173,94.81481481481482,ppv,Synthpop
1174,95.71428571428572,npv,Synthpop
1175,0.9934613166657364,auc,Synthpop
1176,0.9853658536585366,acc,Original
1177,99.24242424242425,sens,Original
1178,97.26027397260275,spec,Original
1179,98.49624060150376,ppv,Original
1180,98.61111111111111,npv,Original
1181,0.9940889924331402,auc,Original
1182,0.9609756097560975,acc,Synthpop
1183,96.03174603174604,sens,Synthpop
1184,96.20253164556962,spec,Synthpop
1185,97.58064516129032,ppv,Synthpop
1186,93.82716049382715,npv,Synthpop
1187,0.9972593582887701,auc,Synthpop
1188,0.9609756097560975,acc,Original
1189,100.0,sens,Original
1190,90.0,spec,Original
1191,93.98496240601504,ppv,Original
1192,100.0,npv,Original
1193,0.9910083370237017,auc,Original
1194,0.926829268292683,acc,Synthpop
1195,97.52066115702479,sens,Synthpop
1196,85.71428571428571,spec,Synthpop
1197,90.76923076923077,ppv,Synthpop
1198,96.0,npv,Synthpop
1199,0.9967639975918121,auc,Synthpop
