"","local_cloaking_0_15","local_cloaking_1_15","local_cloaking_2_15","local_cloaking_3_15","local_cloaking_4_15","local_cloaking_5_15","local_cloaking_6_15","local_cloaking_7_15","local_cloaking_8_15","local_cloaking_9_15","local_cloaking_10_15","local_cloaking_11_15","local_cloaking_12_15","local_cloaking_13_15","local_cloaking_14_15","local_cloaking_15_15","local_cloaking_16_15","local_cloaking_17_15","local_cloaking_18_15","local_cloaking_19_15","local_cloaking_20_15","local_cloaking_21_15","local_cloaking_22_15","local_cloaking_23_15","local_cloaking_24_15"
"1",8,12,9,11,10,7,11,11,10,9,9,11,11,10,13,8,11,11,9,7,9,12,9,9,11
"2",3,235,118,83,133,51,82,37,48,21,136,67,105,500,87,71,530,153,65,597,121,87,132,10,102
"3",229,68,120,21,69,142,120,14,122,137,287,174,353,146,143,13,143,136,47,65,74,66,293,63,25
"4",93,4,67,4,20,165,31,27,12,20,7,43,636,248,16,116,39,158,205,259,12,417,617,38,326
"5",2,2,2,3,3,3,3,2,3,3,2,3,2,2,3,3,2,3,3,2,2,2,2,2,3
"6",6,124,3,162,177,139,152,185,141,5,120,65,168,1,8,1,18,52,24,192,6,8,25,62,23
"7",120,228,332,426,237,412,430,64,399,287,225,412,227,25,214,431,401,58,222,232,62,59,381,55,416
"8",151,167,71,267,149,25,152,84,27,158,160,157,202,69,131,24,164,74,149,29,150,199,87,27,44
"9",350,404,262,400,187,356,441,78,160,388,148,255,444,442,5,148,2,443,264,444,84,264,387,265,443
"10",29,0,0,48,33,40,280,290,30,44,0,0,30,36,288,51,0,0,0,27,42,288,266,0,18
"11",7,7,7,8,8,7,7,7,7,7,7,7,7,7,7,7,7,8,7,7,7,7,7,7,7
"12",9,8,8,8,8,8,9,9,8,8,8,8,8,8,9,8,8,8,8,8,9,8,8,9,9
"13",10,98,10,160,43,38,9,10,12,4,11,5,5,11,7,39,3,21,6,2,8,12,1,7,13
"14",290,229,296,84,45,336,319,54,6,270,260,92,342,34,4,381,239,36,87,297,225,224,56,251,267
"15",21,37,21,15,40,117,13,9,66,97,67,124,2,24,46,12,6,15,34,8,19,84,33,45,32
"16",63,62,116,100,38,84,647,41,29,68,29,21,108,49,22,134,54,61,66,50,85,104,17,11,35
"17",11,10,11,13,10,10,13,10,10,10,11,11,11,12,11,11,10,11,11,10,10,11,13,11,10
"18",11,10,11,12,13,11,13,11,10,13,11,9,12,13,11,12,11,12,11,10,12,11,11,11,12
"19",87,112,42,93,65,35,29,87,45,120,114,1,8,14,120,54,2,19,73,67,112,112,61,111,5
"20",4,4,3,5,3,3,5,3,6,4,5,4,3,3,3,3,4,4,5,3,4,3,4,3,3
"21",64,6,74,36,153,11,19,10,36,13,1,80,60,70,17,109,50,7,175,57,13,46,117,35,3
"22",70,68,191,84,96,99,3,5,114,69,24,2,306,169,24,33,141,79,19,1,246,3,84,135,48
"23",21,21,22,21,21,22,21,21,22,20,20,20,22,23,20,21,22,21,20,23,21,21,20,22,22
"24",28,25,26,26,25,28,25,26,25,25,26,25,27,27,26,25,27,25,25,27,25,26,25,26,25
"25",27,1,18,17,1,32,4,15,2,4,11,25,1,7,7,5,1,3,23,26,64,4,16,16,54
"26",89,20,143,61,41,108,111,139,65,62,110,105,76,19,91,40,93,109,115,62,64,90,114,90,93
"27",14,14,12,12,13,12,12,11,13,11,10,13,11,11,10,14,11,12,13,12,11,11,11,11,13
"28",9,8,8,8,8,8,9,9,8,8,8,8,8,8,9,8,8,8,8,8,9,8,8,9,9
"29",3,3,3,3,3,3,4,4,3,3,3,3,4,3,3,3,3,3,4,3,3,3,5,3,3
"30",6,5,5,5,6,6,5,6,6,5,6,5,5,6,6,5,5,5,6,5,5,5,6,5,5
"31",10,9,9,9,10,9,9,9,10,9,9,9,9,9,9,10,9,11,9,9,9,9,10,9,9
"32",144,47,197,104,152,12,52,35,83,14,144,40,172,34,23,118,53,95,125,146,227,15,94,39,146
"33",3,2,2,2,2,2,2,4,2,2,3,4,3,3,3,2,2,2,2,3,2,2,2,5,2
"34",3,4,3,7,3,4,3,3,5,5,3,3,4,4,4,4,4,5,3,6,6,5,3,4,5
"35",9,8,8,8,8,8,9,9,8,8,8,8,8,8,9,8,8,8,8,8,9,8,8,9,9
"36",26,251,30,86,46,17,246,243,245,240,24,53,245,241,31,58,10,3,58,256,252,87,34,1,3
"37",101,2,38,54,363,136,11,5,259,22,75,3,42,46,105,27,288,49,3,437,48,5,4,157,437
"38",163,9,88,151,22,59,53,8,189,179,56,138,19,15,152,131,56,134,21,194,121,79,5,75,8
"39",203,90,21,123,28,63,211,46,36,32,162,281,133,65,130,98,179,29,197,106,227,41,32,164,97
"40",6,4,64,41,33,88,50,19,94,39,34,14,46,28,99,4,27,139,106,29,21,8,49,4,16
"41",2,2,2,2,2,3,2,3,2,2,2,2,2,3,2,2,2,2,2,2,3,3,2,2,3
"42",171,134,655,31,41,135,94,8,63,319,160,108,91,19,9,20,57,43,26,56,106,22,215,676,628
"43",3,231,251,235,238,234,76,57,6,58,256,89,242,47,93,21,234,83,80,8,10,10,246,12,27
"44",129,298,145,268,243,112,147,137,57,76,207,139,131,132,133,274,1,116,146,137,1,246,260,128,243
"45",152,154,64,9,140,46,126,172,108,146,43,74,81,55,11,91,109,149,47,52,57,183,271,120,153
"46",21,22,22,21,22,22,21,22,22,23,21,22,22,22,21,21,23,22,22,25,21,22,22,21,22
"47",2,2,2,3,3,3,3,2,3,3,2,3,2,2,3,3,2,3,3,2,2,2,2,2,3
"48",126,16,54,206,39,40,66,34,9,46,9,44,238,29,35,56,235,67,19,56,50,24,21,15,101
"49",38,31,71,424,12,90,43,214,45,331,305,31,78,89,40,125,42,74,9,94,45,79,32,98,23
"50",56,7,18,3,18,11,4,75,25,8,18,1,2,1,14,2,14,4,4,55,13,57,5,14,154
"51",140,113,80,176,143,205,1,136,122,5,77,101,162,136,136,59,145,136,61,55,100,135,159,156,82
"52",52,160,89,112,10,9,9,31,181,104,65,58,123,166,134,173,100,14,66,91,162,120,125,173,57
"53",159,99,68,108,155,102,21,132,162,117,160,85,61,17,99,206,109,139,80,45,143,199,48,143,120
"54",59,94,62,92,65,136,162,17,108,119,54,30,55,45,46,56,18,53,61,49,3,36,126,136,85
"55",190,2,185,175,98,164,32,235,188,225,87,10,185,2,46,146,118,83,2,246,200,113,46,45,20
"56",473,200,596,483,36,485,81,461,252,135,554,54,50,219,526,22,45,120,370,4,267,401,408,19,40
"57",90,12,8,138,119,12,44,24,59,15,63,131,65,73,65,115,2,149,99,128,24,76,107,5,21
"58",58,78,301,335,215,292,167,69,208,89,267,178,406,301,107,301,420,283,65,475,275,437,437,3,112
"59",148,89,113,80,201,92,113,148,237,22,173,199,74,107,136,65,127,77,105,22,101,234,135,174,171
"60",374,374,371,366,383,373,377,62,23,372,378,372,375,383,376,375,381,375,377,374,376,372,371,383,370
"61",2,2,2,2,2,3,2,2,2,2,2,3,2,2,2,3,3,2,2,2,2,2,2,3,2
"62",123,51,12,40,219,76,22,51,35,3,3,97,27,56,13,459,106,146,52,76,182,204,83,340,205
"63",21,22,22,21,22,22,21,22,22,23,21,22,22,22,21,21,23,22,22,25,21,22,22,21,22
"64",656,114,237,528,246,19,101,642,102,324,517,524,316,21,364,332,91,332,524,343,173,449,478,431,632
"65",11,10,11,12,13,11,13,11,10,13,11,9,12,13,11,12,11,12,11,10,12,11,11,11,12
"66",89,214,201,16,149,21,66,70,33,214,69,196,234,65,1,94,61,207,72,204,16,141,158,201,76
"67",42,155,61,29,135,70,244,197,150,108,114,185,53,157,150,100,65,200,104,62,214,78,98,111,100
"68",139,212,141,274,132,176,137,56,176,75,57,145,137,265,145,135,178,205,282,177,141,1,145,138,171
"69",3,5,8,4,3,4,5,3,3,4,6,3,4,5,3,3,5,3,4,5,5,3,3,4,4
"70",123,88,152,101,149,149,114,125,104,145,214,51,107,1,10,65,0,7,94,2,75,53,69,109,33
"71",262,153,404,128,354,272,261,388,438,415,272,157,357,107,448,278,417,163,407,210,235,186,261,374,57
"72",111,74,28,36,19,28,81,40,41,82,64,7,58,62,35,16,163,239,28,188,235,103,20,97,143
"73",119,513,99,20,45,20,262,387,28,113,9,77,31,14,51,25,15,23,151,67,96,28,70,262,31
"74",387,388,223,379,131,61,59,416,305,85,54,385,395,327,260,424,393,310,385,423,423,356,257,204,350
"75",398,352,368,337,346,59,326,335,346,351,338,344,6,381,355,345,356,348,82,6,345,349,349,374,357
"76",318,38,238,222,256,27,427,431,331,402,392,293,43,176,137,149,18,158,300,239,198,89,429,58,431
"77",141,220,134,165,405,280,238,182,46,277,3,390,338,357,163,327,337,50,170,206,140,225,342,334,86
"78",3,2,2,3,2,2,3,3,2,2,3,2,2,2,5,2,2,2,2,3,2,3,2,2,2
"79",391,263,386,387,396,388,342,431,439,434,389,427,49,357,358,3,355,423,238,421,393,394,394,433,340
"80",2,2,3,2,3,2,4,4,3,2,2,2,2,2,2,2,4,2,2,2,2,3,3,2,3
"81",13,3,22,5,122,76,22,6,28,20,284,298,4,52,201,141,21,27,337,16,20,4,4,31,176
"82",210,70,329,52,72,332,2,428,285,76,16,421,79,20,63,5,291,28,88,231,345,400,3,341,395
"83",17,33,137,107,129,59,47,13,102,87,41,195,31,89,84,157,81,35,41,30,95,145,9,14,91
"84",130,115,197,39,80,126,103,67,67,3,90,69,11,64,218,90,79,55,14,94,128,51,13,95,103
"85",598,25,157,103,155,66,42,119,35,58,40,73,81,123,39,63,151,23,103,597,147,79,96,99,141
"86",33,35,73,6,170,62,9,119,191,49,94,242,95,56,22,74,220,88,90,23,84,67,24,20,226
"87",11,10,11,12,13,11,13,11,10,13,11,9,12,13,11,12,11,12,11,10,12,11,11,11,12
"88",15,99,242,259,158,287,188,276,266,217,158,197,6,200,330,25,67,151,19,392,390,200,20,407,325
"89",28,25,26,26,25,28,25,26,25,25,26,25,27,27,26,25,27,25,25,27,25,26,25,26,25
"90",3,2,2,3,3,2,2,2,2,2,2,3,3,3,2,3,2,2,3,2,3,2,2,2,2
"91",11,10,11,12,13,11,13,11,10,13,11,9,12,13,11,12,11,12,11,10,12,11,11,11,12
"92",21,22,22,21,22,22,21,22,22,23,21,22,22,22,21,21,23,22,22,25,21,22,22,21,22
"93",10,9,9,9,10,9,9,9,10,9,9,9,9,9,9,10,9,11,9,9,9,9,10,9,9
"94",28,25,26,26,25,28,25,26,25,25,26,25,27,27,26,25,27,25,25,27,25,26,25,26,25
"95",286,241,148,209,255,155,248,307,210,54,241,229,289,191,196,215,196,190,193,241,196,233,197,156,193
"96",8,12,9,11,10,7,11,11,10,9,9,11,11,10,13,8,11,11,9,7,9,12,9,9,11
"97",176,31,213,125,139,129,56,138,112,25,40,51,44,9,201,103,79,113,65,144,93,5,22,133,50
"98",49,54,69,127,1,39,12,37,30,30,31,14,17,4,34,32,21,131,71,58,108,14,12,19,27
"99",85,682,150,136,430,217,9,53,8,150,113,24,283,165,21,128,21,15,47,60,127,27,91,21,109
"100",4,88,1,21,19,14,28,9,26,23,35,4,2,1,34,29,1,347,17,17,7,5,17,31,13
"101",128,349,262,13,14,62,358,239,21,13,28,134,350,138,190,404,331,40,71,330,110,56,53,154,195
"102",29,26,8,63,22,151,79,122,47,11,98,309,84,31,85,86,41,52,35,40,21,8,57,2,81
"103",24,30,9,68,22,92,84,114,81,65,15,57,93,16,17,77,3,21,11,66,14,23,93,18,17
"104",117,58,147,101,56,126,160,40,74,54,83,102,44,104,97,67,36,13,141,284,292,121,45,56,16
"105",587,200,191,164,225,206,135,152,189,210,122,214,212,680,273,243,237,170,171,141,190,75,250,217,200
"106",21,17,10,95,9,132,56,51,113,93,68,43,42,65,7,20,124,11,104,32,6,55,126,47,72
"107",187,315,307,353,367,282,311,345,375,255,329,340,319,321,204,268,264,319,320,314,268,321,318,393,354
"108",21,10,9,7,11,15,3,40,67,16,3,102,20,25,19,2,45,20,33,8,22,117,41,14,3
"109",3,397,352,3,442,325,250,366,303,77,438,446,331,439,382,294,444,285,253,417,399,1,127,277,291
"110",7,11,84,17,144,94,141,49,61,46,52,462,40,86,30,270,50,87,63,143,6,39,11,71,32
"111",28,18,143,143,122,94,56,72,159,123,2,8,87,114,193,66,1,132,23,44,39,4,138,78,140
"112",9,257,173,18,269,56,246,272,162,31,97,4,54,119,23,4,242,14,271,10,265,239,35,258,32
"113",288,12,369,200,15,429,324,90,77,88,64,370,408,1,17,323,8,16,3,316,1,25,50,71,178
"114",4,3,3,3,5,2,2,2,2,3,3,2,3,5,3,4,4,2,3,4,3,2,2,3,2
"115",69,269,56,192,104,89,136,9,61,156,131,243,89,155,112,338,54,108,81,84,20,74,32,101,24
"116",154,42,145,163,76,139,57,19,101,91,219,135,141,78,105,161,79,33,59,190,59,158,48,48,28
"117",431,375,362,26,425,203,27,410,108,407,423,433,277,410,407,329,397,404,407,422,404,409,327,171,29
"118",212,124,310,310,73,26,214,242,83,310,29,163,79,71,191,28,251,309,385,25,241,70,126,389,218
"119",315,302,251,241,107,221,291,228,98,222,279,170,169,271,184,198,261,327,324,191,307,233,264,194,91
"120",137,45,42,122,69,48,340,51,94,107,102,33,47,285,99,422,339,290,108,309,164,54,95,166,14
"121",6,13,40,8,7,160,25,2,74,94,137,21,43,211,26,37,11,106,7,41,78,151,106,136,72
"122",189,20,145,10,39,9,213,31,143,152,67,0,60,36,202,54,31,2,59,18,8,140,72,158,211
"123",2,2,22,64,33,26,27,24,17,4,11,17,108,25,32,71,14,9,23,52,18,137,17,169,7
"124",21,22,22,21,22,22,21,22,22,23,21,22,22,22,21,21,23,22,22,25,21,22,22,21,22
"125",109,171,58,98,53,125,118,146,40,66,70,14,155,74,12,30,89,15,63,25,25,68,164,58,48
"126",12,15,13,12,13,11,13,11,13,14,13,15,12,13,14,13,15,13,15,12,15,11,14,12,13
"127",2,11,10,36,10,9,183,49,14,0,190,45,8,12,74,193,13,11,22,10,11,17,30,178,58
"128",451,357,242,424,229,486,442,431,430,276,358,424,229,421,431,276,416,422,85,245,499,452,515,400,467
"129",3,5,8,4,3,4,5,3,3,4,6,3,4,5,3,3,5,3,4,5,5,3,3,4,4
"130",10,9,9,9,10,9,9,9,10,9,9,9,9,9,9,10,9,11,9,9,9,9,10,9,9
"131",210,163,49,136,189,9,52,56,194,29,8,6,18,52,178,193,239,16,76,23,144,93,175,229,132
"132",79,65,17,19,73,115,157,109,20,123,115,110,17,117,116,67,20,20,69,69,1,19,133,116,18
"133",2,3,3,2,3,3,2,4,2,3,2,3,3,4,2,3,2,2,2,3,3,2,2,2,2
"134",46,104,44,294,113,210,4,3,169,217,277,220,218,31,108,227,20,168,92,251,37,87,309,38,35
"135",11,10,11,13,10,10,13,10,10,10,11,11,11,12,11,11,10,11,11,10,10,11,13,11,10
"136",13,13,14,13,13,12,13,12,12,13,13,12,13,14,14,12,14,14,12,14,12,12,14,13,14
"137",3,4,5,3,5,7,6,4,3,4,7,7,3,5,5,4,6,5,8,3,3,4,5,7,3
"138",13,13,14,13,13,12,13,12,12,13,13,12,13,14,14,12,14,14,12,14,12,12,14,13,14
"139",10,11,11,10,10,10,10,10,11,11,11,11,12,10,10,10,10,10,10,12,10,11,11,11,13
"140",75,104,96,29,90,35,137,83,75,32,62,136,85,12,116,146,98,65,79,131,114,39,146,88,105
"141",4,3,3,3,5,2,2,2,2,3,3,2,3,5,3,4,4,2,3,4,3,2,2,3,2
"142",9,8,8,8,8,8,9,9,8,8,8,8,8,8,9,8,8,8,8,8,9,8,8,9,9
"143",44,134,14,112,147,22,6,45,128,5,49,328,9,130,169,28,30,115,23,39,37,139,35,157,52
"144",387,368,209,359,294,302,303,3,293,301,178,285,367,311,308,291,297,311,225,307,149,299,22,315,216
"145",526,279,459,482,541,63,239,474,24,277,142,505,45,503,446,498,495,531,493,490,554,638,34,289,560
"146",77,48,129,59,102,137,55,180,53,23,57,43,94,67,144,105,142,129,43,7,78,25,10,72,197
"147",7,7,7,8,8,7,7,7,7,7,7,7,7,7,7,7,7,8,7,7,7,7,7,7,7
"148",44,8,25,20,26,91,8,6,1,53,88,78,36,47,105,1,71,58,14,51,40,37,67,122,123
"149",237,106,41,81,235,203,202,69,36,138,74,85,229,123,61,3,6,110,4,120,73,100,99,93,66
"150",335,402,280,86,88,327,141,195,411,410,355,272,98,207,247,53,46,205,61,119,250,159,51,280,417
"151",29,28,32,30,31,34,30,31,29,30,30,30,29,30,30,32,30,29,31,28,30,28,30,30,28
"152",68,95,95,167,40,89,223,118,81,10,39,46,151,93,78,8,34,37,73,34,102,74,69,96,122
"153",39,15,13,119,268,290,13,15,86,212,13,259,42,177,10,62,161,262,293,68,273,14,17,293,13
"154",10,9,9,9,10,9,9,9,10,9,9,9,9,9,9,10,9,11,9,9,9,9,10,9,9
"155",13,4,97,4,52,108,7,48,93,27,22,8,40,27,3,23,46,78,70,169,53,45,65,37,187
"156",17,11,22,87,148,11,72,89,51,27,24,67,31,71,29,139,118,28,62,121,55,3,103,96,68
"157",2,2,3,2,3,2,2,3,2,2,4,2,2,3,2,3,3,2,4,2,4,2,3,2,2
"158",12,15,13,12,13,11,13,11,13,14,13,15,12,13,14,13,15,13,15,12,15,11,14,12,13
"159",141,416,409,415,1,426,412,86,431,407,391,284,427,423,258,428,2,1,406,254,398,417,417,431,385
"160",92,86,26,340,121,285,130,294,13,250,208,29,253,423,405,71,129,70,196,365,418,75,362,28,147
"161",11,62,21,5,26,20,20,101,41,9,14,52,66,20,25,101,46,17,67,42,13,30,58,84,27
"162",10,116,152,208,226,200,197,248,146,231,11,147,216,162,110,160,253,86,45,3,135,193,131,145,138
"163",12,15,13,12,13,11,13,11,13,14,13,15,12,13,14,13,15,13,15,12,15,11,14,12,13
"164",99,95,101,97,99,103,96,102,103,102,100,100,98,99,100,101,101,98,99,100,98,103,100,100,96
"165",13,13,14,13,13,12,13,12,12,13,13,12,13,14,14,12,14,14,12,14,12,12,14,13,14
"166",28,25,26,26,25,28,25,26,25,25,26,25,27,27,26,25,27,25,25,27,25,26,25,26,25
"167",21,22,22,21,22,22,21,22,22,23,21,22,22,22,21,21,23,22,22,25,21,22,22,21,22
"168",11,18,18,18,17,30,12,7,33,22,43,22,12,42,4,35,10,12,3,14,16,7,1,3,9
"169",7,43,58,243,26,6,38,36,34,13,8,13,61,50,111,42,56,17,49,30,4,30,30,38,17
"170",48,127,112,88,182,30,69,270,2,4,7,214,207,37,17,157,44,102,8,9,50,7,22,10,5
"171",10,9,9,9,10,9,9,9,10,9,9,9,9,9,9,10,9,11,9,9,9,9,10,9,9
"172",38,30,34,37,8,1,27,100,165,5,5,30,8,5,13,17,91,51,3,7,32,16,45,10,25
"173",11,10,11,12,13,11,13,11,10,13,11,9,12,13,11,12,11,12,11,10,12,11,11,11,12
"174",4,44,122,3,86,5,90,113,38,205,35,75,20,29,95,86,53,48,44,83,110,25,6,59,40
"175",7,7,7,8,8,7,7,7,7,7,7,7,7,7,7,7,7,8,7,7,7,7,7,7,7
"176",29,28,32,30,31,34,30,31,29,30,30,30,29,30,30,32,30,29,31,28,30,28,30,30,28
"177",4,4,3,5,3,3,5,3,6,4,5,4,3,3,3,3,4,4,5,3,4,3,4,3,3
"178",55,20,115,224,57,87,99,22,79,103,279,13,101,38,80,119,227,20,5,44,27,12,131,144,82
"179",21,4,29,1,62,12,127,128,29,1,166,35,25,7,4,68,16,33,57,94,51,45,18,26,117
"180",63,57,57,54,58,56,55,62,65,57,59,63,60,56,63,61,61,59,58,58,59,55,62,61,60
"181",102,174,30,14,23,15,55,140,5,2,8,15,1,80,4,95,7,208,33,44,12,99,198,9,47
"182",145,63,21,78,94,36,57,76,55,107,61,54,19,71,50,58,38,79,81,83,58,89,51,50,45
"183",195,14,53,13,40,24,20,78,35,63,90,47,59,36,74,29,112,116,34,137,164,45,65,210,28
"184",220,97,96,95,94,217,258,234,328,160,58,226,0,11,102,1,42,41,102,108,84,45,2,322,213
"185",7,9,33,61,8,24,73,7,188,12,224,162,2,16,83,11,40,25,14,206,2,233,176,18,42
"186",106,205,42,217,48,192,28,50,198,186,12,81,6,45,16,33,71,55,55,13,27,218,4,28,35
"187",14,14,12,12,13,12,12,11,13,11,10,13,11,11,10,14,11,12,13,12,11,11,11,11,13
"188",28,25,26,26,25,28,25,26,25,25,26,25,27,27,26,25,27,25,25,27,25,26,25,26,25
"189",12,15,13,12,13,11,13,11,13,14,13,15,12,13,14,13,15,13,15,12,15,11,14,12,13
"190",11,10,11,12,13,11,13,11,10,13,11,9,12,13,11,12,11,12,11,10,12,11,11,11,12
"191",48,6,53,42,6,19,50,83,64,18,73,8,33,145,21,16,1,2,3,9,21,16,76,3,11
"192",425,128,84,257,87,435,38,226,131,274,433,427,430,35,431,280,120,223,340,420,69,432,212,431,209
"193",29,28,32,30,31,34,30,31,29,30,30,30,29,30,30,32,30,29,31,28,30,28,30,30,28
"194",21,21,22,21,21,22,21,21,22,20,20,20,22,23,20,21,22,21,20,23,21,21,20,22,22
"195",66,143,23,43,12,113,36,38,48,86,3,105,11,38,14,90,133,43,60,23,38,18,4,160,44
"196",34,15,199,93,171,90,52,4,13,152,0,95,163,3,25,162,100,206,66,21,128,24,1,161,166
"197",28,25,26,26,25,28,25,26,25,25,26,25,27,27,26,25,27,25,25,27,25,26,25,26,25
"198",8,12,9,11,10,7,11,11,10,9,9,11,11,10,13,8,11,11,9,7,9,12,9,9,11
"199",28,25,26,26,25,28,25,26,25,25,26,25,27,27,26,25,27,25,25,27,25,26,25,26,25
"200",115,58,72,138,88,15,129,65,100,85,60,55,45,40,47,85,50,70,26,0,43,69,71,75,43
"201",225,219,18,24,184,60,71,182,198,171,181,173,174,109,35,12,87,44,223,120,159,208,29,54,204
"202",7,7,7,8,8,7,7,7,7,7,7,7,7,7,7,7,7,8,7,7,7,7,7,7,7
"203",7,7,7,8,8,7,7,7,7,7,7,7,7,7,7,7,7,8,7,7,7,7,7,7,7
"204",2,295,32,29,31,405,36,88,34,91,289,32,32,2,368,30,317,37,35,316,32,294,399,31,31
"205",3,7,14,6,4,63,32,21,3,14,6,14,24,77,44,31,12,5,163,31,7,34,45,54,5
"206",69,9,139,30,233,128,9,70,59,228,52,216,54,14,0,227,80,103,19,228,226,8,193,5,108
"207",28,25,26,26,25,28,25,26,25,25,26,25,27,27,26,25,27,25,25,27,25,26,25,26,25
"208",15,0,2,16,3,7,91,4,0,122,19,22,37,77,3,3,43,14,29,0,8,1,23,1,4
"209",17,25,115,18,15,15,58,6,69,36,69,2,124,8,18,59,134,7,17,46,92,79,17,52,162
"210",11,96,66,37,13,5,20,150,23,52,65,63,173,211,10,6,56,176,236,5,162,74,24,47,185
"211",21,22,22,21,22,22,21,22,22,23,21,22,22,22,21,21,23,22,22,25,21,22,22,21,22
"212",28,25,26,26,25,28,25,26,25,25,26,25,27,27,26,25,27,25,25,27,25,26,25,26,25
"213",27,143,143,79,166,92,52,64,55,27,61,76,140,172,28,138,101,171,95,135,42,168,13,223,220
"214",51,154,4,436,137,23,90,59,186,303,433,168,216,438,44,265,62,13,137,269,86,422,79,242,44
"215",254,393,309,389,398,138,237,255,256,341,160,300,184,136,271,187,351,283,249,387,279,300,151,280,366
"216",112,183,70,142,75,62,116,79,68,31,37,3,172,160,60,151,70,114,79,131,57,141,141,24,97
"217",457,14,22,22,323,61,5,43,78,6,9,10,52,6,269,137,5,29,291,87,11,254,371,279,8
"218",48,27,27,38,84,79,109,39,28,4,67,56,34,78,16,7,54,11,7,19,41,11,69,7,70
"219",2,112,36,33,13,120,80,28,74,6,6,41,22,10,14,133,64,80,98,43,13,19,4,103,44
"220",21,22,22,21,22,22,21,22,22,23,21,22,22,22,21,21,23,22,22,25,21,22,22,21,22
"221",160,124,106,201,15,42,113,36,39,4,108,190,35,206,7,98,22,150,69,100,63,60,101,130,122
"222",229,97,71,2,102,10,95,12,3,22,4,104,7,0,14,6,40,29,64,230,50,88,16,261,83
"223",7,7,7,8,8,7,7,7,7,7,7,7,7,7,7,7,7,8,7,7,7,7,7,7,7
"224",0,155,22,72,2,51,72,63,1,1,92,52,67,30,126,60,129,9,3,7,1,159,12,43,31
"225",5,32,3,1,2,51,27,85,26,27,1,13,15,51,8,1,32,17,16,33,4,1,3,47,72
"226",60,107,103,96,123,137,73,14,120,122,141,51,87,16,118,53,41,65,118,110,233,25,213,81,97
"227",33,9,8,438,9,18,41,11,41,6,4,3,30,10,10,7,397,8,8,5,63,6,41,184,121
"228",77,117,17,152,84,15,8,67,124,41,16,22,107,62,11,29,68,152,155,10,6,33,10,74,42
"229",131,15,125,64,9,47,329,106,28,11,14,31,4,420,38,34,29,5,74,27,199,8,235,20,63
"230",39,35,32,7,5,71,39,45,47,190,110,64,92,183,31,38,101,43,15,25,105,4,37,55,112
"231",28,52,62,116,51,23,177,95,65,139,60,128,13,166,45,104,65,22,50,96,104,117,67,148,125
"232",72,24,14,43,132,120,76,9,15,127,38,14,26,50,23,4,32,134,4,18,13,35,38,49,32
"233",44,115,55,341,60,12,7,179,41,77,34,13,71,66,2,25,16,122,12,45,71,45,112,15,53
"234",24,275,176,262,182,440,436,433,311,213,153,16,117,284,140,432,205,280,176,111,155,231,64,394,435
"235",329,161,322,332,251,310,147,111,161,242,167,4,53,310,252,342,175,312,404,9,370,7,388,343,371
"236",10,9,9,9,10,9,9,9,10,9,9,9,9,9,9,10,9,11,9,9,9,9,10,9,9
"237",7,359,285,429,202,342,386,255,342,433,405,10,11,146,424,402,322,70,425,201,271,3,342,264,9
"238",28,25,26,26,25,28,25,26,25,25,26,25,27,27,26,25,27,25,25,27,25,26,25,26,25
"239",176,113,202,120,233,206,98,197,81,296,120,116,294,429,412,277,40,155,119,101,244,116,205,41,254
"240",30,150,73,196,118,30,31,216,42,20,27,207,90,220,39,57,34,221,41,74,88,210,109,104,34
"241",62,245,59,89,175,82,144,94,15,30,146,79,11,48,389,1,116,135,445,4,39,98,58,105,100
"242",28,83,414,212,210,372,93,205,382,81,204,44,122,210,110,13,372,72,418,316,371,313,373,179,164
"243",2,3,3,2,2,2,3,3,2,2,3,2,2,2,3,2,2,2,2,2,2,3,3,2,3
"244",4,81,5,1,99,27,83,167,2,106,30,20,76,1,20,89,88,125,42,21,147,91,111,28,156
"245",3,11,85,121,2,136,69,171,50,57,106,14,8,10,4,125,31,102,10,124,43,49,59,35,120
"246",2,2,2,2,2,3,2,3,2,2,2,2,2,3,2,2,2,2,2,2,3,3,2,2,3
"247",2,2,2,2,2,3,2,2,2,2,2,3,2,2,2,3,3,2,2,2,2,2,2,3,2
"248",61,115,136,39,64,71,36,168,3,53,54,69,81,24,10,148,216,3,74,70,90,105,76,152,186
"249",13,13,14,13,13,12,13,12,12,13,13,12,13,14,14,12,14,14,12,14,12,12,14,13,14
"250",21,21,22,21,21,22,21,21,22,20,20,20,22,23,20,21,22,21,20,23,21,21,20,22,22
"251",12,15,13,12,13,11,13,11,13,14,13,15,12,13,14,13,15,13,15,12,15,11,14,12,13
"252",69,30,92,70,3,24,16,26,71,14,67,4,6,50,1,70,8,37,17,2,17,25,41,11,35
"253",161,20,12,1,165,79,91,123,109,196,12,143,27,39,105,111,195,107,107,5,153,132,118,27,124
"254",33,31,28,6,38,17,21,28,21,87,23,38,42,4,31,21,49,24,36,4,57,7,12,54,110
"255",78,120,80,39,71,3,47,129,31,144,236,107,87,8,56,170,236,97,104,119,56,117,35,33,99
"256",128,72,21,64,12,232,180,40,8,80,190,7,66,126,91,130,109,13,9,5,223,5,58,218,156
"257",151,218,89,94,153,119,159,33,123,90,39,23,174,178,144,227,178,76,213,186,236,70,242,221,112
"258",428,245,445,233,310,433,228,3,285,429,433,27,431,423,372,8,430,92,260,434,212,339,221,7,199
"259",202,72,374,150,16,77,154,21,135,58,71,166,81,72,75,66,62,84,150,163,105,111,165,79,64
"260",36,2,36,3,115,2,3,3,2,39,3,7,2,2,3,59,95,2,56,5,2,48,32,17,55
"261",30,66,102,212,170,144,146,96,150,122,76,137,91,131,163,216,201,152,154,256,117,123,125,128,64
"262",28,25,26,26,25,28,25,26,25,25,26,25,27,27,26,25,27,25,25,27,25,26,25,26,25
"263",4,87,21,17,32,16,22,24,10,10,162,90,53,54,127,99,159,89,18,83,117,84,91,103,30
"264",8,12,9,11,10,7,11,11,10,9,9,11,11,10,13,8,11,11,9,7,9,12,9,9,11
"265",2,2,1,3,3,2,2,2,2,3,2,3,2,2,3,1,1,2,1,2,2,1,1,2,1
"266",3,7,49,7,10,117,301,78,12,2,38,28,29,300,22,3,71,182,1,1,21,3,21,65,136
"267",33,68,68,344,20,1,68,66,396,54,70,90,110,70,151,17,25,49,19,155,20,160,146,121,125
"268",21,21,22,21,21,22,21,21,22,20,20,20,22,23,20,21,22,21,20,23,21,21,20,22,22
"269",21,22,22,21,22,22,21,22,22,23,21,22,22,22,21,21,23,22,22,25,21,22,22,21,22
"270",28,25,26,26,25,28,25,26,25,25,26,25,27,27,26,25,27,25,25,27,25,26,25,26,25
"271",68,84,20,176,20,25,66,26,176,42,63,96,92,172,47,23,58,52,77,161,29,25,176,30,26
"272",12,15,13,12,13,11,13,11,13,14,13,15,12,13,14,13,15,13,15,12,15,11,14,12,13
"273",3,2,2,2,2,2,2,4,2,2,3,4,3,3,3,2,2,2,2,3,2,2,2,5,2
"274",70,129,42,80,45,197,103,109,210,106,31,117,23,10,31,247,147,175,108,119,286,191,149,136,21
"275",111,61,138,2,66,37,7,38,12,13,42,104,102,94,4,77,34,40,12,147,41,77,56,55,47
"276",115,118,116,102,21,132,118,118,112,84,45,79,113,59,137,49,108,33,170,119,134,103,59,114,60
"277",9,42,27,6,43,16,219,24,3,28,4,13,81,45,24,7,12,12,38,154,17,31,135,2,13
"278",17,10,3,16,13,7,10,13,92,7,5,5,65,10,1,4,9,39,2,7,16,34,2,72,89
"279",2,3,3,2,3,3,2,4,2,3,2,3,3,4,2,3,2,2,2,3,3,2,2,2,2
"280",100,5,59,505,67,274,569,213,36,209,89,349,122,16,50,632,109,175,644,60,89,157,128,235,50
"281",87,2,163,58,78,95,45,78,38,18,24,18,42,54,43,71,48,112,88,77,104,52,31,50,91
"282",29,28,32,30,31,34,30,31,29,30,30,30,29,30,30,32,30,29,31,28,30,28,30,30,28
"283",28,25,26,26,25,28,25,26,25,25,26,25,27,27,26,25,27,25,25,27,25,26,25,26,25
"284",101,19,67,91,105,16,61,59,138,164,20,87,8,91,46,61,38,112,29,34,39,140,32,93,36
"285",154,45,94,2,123,132,128,96,79,3,37,35,159,178,112,101,87,3,85,223,66,46,48,187,6
"286",15,1,78,25,5,590,466,82,20,82,18,23,34,22,93,59,14,32,48,6,41,592,21,15,21
"287",441,79,249,262,409,201,333,191,161,258,265,53,144,163,430,123,445,452,446,267,447,452,322,313,243
"288",78,95,14,41,42,94,170,42,75,103,102,67,51,104,71,56,176,25,17,66,22,125,80,61,47
"289",1,240,66,59,192,55,205,122,37,200,211,97,193,151,162,265,201,211,81,109,106,152,157,185,188
"290",28,25,26,26,25,28,25,26,25,25,26,25,27,27,26,25,27,25,25,27,25,26,25,26,25
"291",1,74,74,3,3,7,16,15,11,77,7,71,66,1,31,14,12,3,2,2,7,6,19,11,6
"292",28,25,26,26,25,28,25,26,25,25,26,25,27,27,26,25,27,25,25,27,25,26,25,26,25
"293",99,121,29,113,89,76,16,111,86,179,53,224,166,56,38,110,37,63,164,69,50,82,100,131,56
"294",74,84,89,231,126,63,117,86,24,9,94,95,33,49,8,71,89,73,75,5,41,54,45,3,19
"295",28,25,26,26,25,28,25,26,25,25,26,25,27,27,26,25,27,25,25,27,25,26,25,26,25
"296",28,25,26,26,25,28,25,26,25,25,26,25,27,27,26,25,27,25,25,27,25,26,25,26,25
"297",23,1,24,2,54,11,25,28,18,24,37,6,44,38,2,170,26,47,70,11,134,140,69,34,9
"298",425,132,90,364,100,413,264,18,419,436,155,280,61,56,103,320,142,290,282,430,9,239,66,181,309
"299",3,2,2,3,2,2,3,3,2,2,3,2,2,2,5,2,2,2,2,3,2,3,2,2,2
"300",29,28,32,30,31,34,30,31,29,30,30,30,29,30,30,32,30,29,31,28,30,28,30,30,28
"301",20,17,138,10,12,193,54,218,77,70,623,145,89,122,136,100,10,220,226,47,140,135,10,206,133
"302",29,28,32,30,31,34,30,31,29,30,30,30,29,30,30,32,30,29,31,28,30,28,30,30,28
"303",5,5,6,5,5,5,5,6,7,6,5,7,5,5,5,5,5,5,6,5,5,6,5,6,5
"304",23,65,29,19,101,32,34,128,15,6,6,21,33,53,8,45,101,24,154,36,104,141,10,42,58
"305",11,49,218,169,49,43,33,34,104,20,49,228,122,7,208,97,120,170,37,82,28,32,18,226,84
"306",301,324,411,339,412,405,442,413,157,350,410,421,339,429,116,229,417,425,159,406,443,409,340,414,409
"307",130,510,38,75,170,13,41,34,42,85,26,94,7,122,4,60,19,61,47,20,104,85,123,19,17
"308",29,41,90,108,7,14,96,62,130,103,79,2,18,13,83,48,65,58,12,23,13,6,166,13,172
"309",12,15,13,12,13,11,13,11,13,14,13,15,12,13,14,13,15,13,15,12,15,11,14,12,13
"310",25,22,127,148,229,177,2,78,160,195,98,39,97,107,63,202,91,159,472,11,81,30,21,110,41
"311",28,25,26,26,25,28,25,26,25,25,26,25,27,27,26,25,27,25,25,27,25,26,25,26,25
"312",274,127,394,271,156,307,272,191,65,10,42,199,284,156,52,267,132,422,426,401,241,302,310,245,112
"313",88,567,177,56,8,173,61,121,70,0,175,78,180,94,77,460,128,24,613,68,42,596,203,65,179
"314",21,22,22,21,22,22,21,22,22,23,21,22,22,22,21,21,23,22,22,25,21,22,22,21,22
"315",196,22,43,2,38,3,124,94,105,48,74,153,63,6,50,176,65,18,173,253,15,240,135,1,34
"316",81,3,4,67,46,55,5,34,122,31,17,8,2,179,28,58,70,42,71,3,138,75,40,45,8
"317",51,48,125,33,102,32,136,84,16,81,90,86,51,108,192,28,78,100,85,86,101,93,48,134,98
"318",41,2,76,421,51,272,235,295,232,125,397,144,142,428,313,379,247,426,294,138,422,124,48,426,102
"319",117,123,6,31,137,74,172,25,34,103,9,414,126,16,174,2,3,208,428,266,297,24,25,4,37
"320",80,90,46,69,9,123,59,75,598,52,94,85,43,34,108,22,23,129,81,94,76,8,581,91,68
"321",13,8,50,189,9,3,99,101,245,196,19,29,19,20,12,40,34,3,0,41,178,14,23,1,3
"322",29,28,32,30,31,34,30,31,29,30,30,30,29,30,30,32,30,29,31,28,30,28,30,30,28
"323",30,102,50,120,78,169,20,37,48,22,65,27,122,8,24,138,158,47,14,22,78,162,160,118,239
"324",28,25,26,26,25,28,25,26,25,25,26,25,27,27,26,25,27,25,25,27,25,26,25,26,25
"325",5,5,6,5,5,5,5,6,7,6,5,7,5,5,5,5,5,5,6,5,5,6,5,6,5
"326",47,75,28,55,78,19,41,38,8,4,12,126,8,62,76,17,30,120,103,3,70,23,22,20,18
"327",116,107,66,18,1,35,187,165,185,139,168,35,90,62,27,68,49,142,78,17,165,149,118,16,183
"328",28,25,26,26,25,28,25,26,25,25,26,25,27,27,26,25,27,25,25,27,25,26,25,26,25
"329",10,11,11,10,10,10,10,10,11,11,11,11,12,10,10,10,10,10,10,12,10,11,11,11,13
"330",29,28,32,30,31,34,30,31,29,30,30,30,29,30,30,32,30,29,31,28,30,28,30,30,28
"331",46,104,115,83,9,62,57,19,12,13,207,2,16,12,214,36,98,130,42,97,19,30,91,121,45
"332",29,28,32,30,31,34,30,31,29,30,30,30,29,30,30,32,30,29,31,28,30,28,30,30,28
"333",35,38,246,434,222,436,321,174,42,1,71,3,205,103,83,140,408,4,4,430,242,242,25,274,29
"334",340,323,317,314,326,342,254,315,321,316,334,319,298,313,326,243,329,323,348,343,319,325,321,324,321
"335",153,46,164,58,7,73,60,96,302,92,166,44,162,159,45,163,207,88,179,112,32,172,207,36,92
"336",57,105,197,550,74,52,66,37,409,86,139,110,488,8,82,36,108,59,15,48,2,119,53,322,2
"337",4,6,5,6,7,5,4,6,5,6,4,4,6,7,4,4,5,5,5,4,6,7,7,6,4
"338",10,9,9,9,10,9,9,9,10,9,9,9,9,9,9,10,9,11,9,9,9,9,10,9,9
"339",119,106,7,100,93,3,19,19,14,25,111,108,119,128,101,211,9,34,68,119,8,8,78,101,13
"340",35,226,103,112,122,103,15,6,12,5,3,118,31,138,127,122,24,227,27,123,38,26,232,240,13
"341",21,22,22,21,22,22,21,22,22,23,21,22,22,22,21,21,23,22,22,25,21,22,22,21,22
"342",32,275,262,176,396,321,199,190,392,287,289,287,382,260,238,230,145,422,59,127,290,169,414,384,186
"343",266,12,46,10,86,7,307,63,183,232,21,66,112,185,322,43,55,3,24,5,116,32,15,179,463
"344",53,105,31,21,28,35,49,136,93,11,110,87,13,55,26,28,25,24,20,76,57,126,19,14,88
"345",36,9,30,171,44,156,136,116,11,160,72,203,3,8,35,218,200,140,166,67,151,240,103,147,2
"346",23,28,32,6,140,29,34,9,117,128,55,27,46,15,10,67,66,98,40,30,81,43,9,33,49
"347",49,15,11,5,10,8,7,8,19,19,5,6,4,3,50,16,94,60,82,5,1,4,6,13,48
"348",219,10,22,280,133,11,209,23,87,101,164,148,12,48,224,270,193,70,170,1,6,21,278,192,90
"349",383,165,401,206,64,51,378,62,5,202,1,24,255,376,24,390,160,33,150,28,244,34,248,155,35
"350",28,2,58,3,27,378,30,108,18,416,23,15,430,298,351,429,12,4,11,203,261,291,4,378,1
"351",10,9,9,9,10,9,9,9,10,9,9,9,9,9,9,10,9,11,9,9,9,9,10,9,9
"352",9,8,8,8,8,8,9,9,8,8,8,8,8,8,9,8,8,8,8,8,9,8,8,9,9
"353",29,9,28,0,17,51,21,2,19,46,31,6,38,28,7,104,25,6,9,8,37,33,25,54,30
"354",2,9,38,3,8,54,44,26,39,22,20,16,131,36,39,10,7,175,81,32,31,68,105,28,24
"355",3,3,3,3,3,3,4,4,3,3,3,3,4,3,3,3,3,3,4,3,3,3,5,3,3
"356",253,147,248,246,143,254,246,260,148,257,262,148,254,255,253,259,259,253,250,261,256,257,254,254,256
"357",4,36,176,254,3,234,5,212,289,129,251,235,79,11,281,177,45,27,256,16,397,214,294,45,22
"358",3,3,3,3,3,3,4,4,3,3,3,3,4,3,3,3,3,3,4,3,3,3,5,3,3
"359",3,4,5,3,5,7,6,4,3,4,7,7,3,5,5,4,6,5,8,3,3,4,5,7,3
"360",122,419,152,9,20,422,139,421,142,138,231,364,415,11,223,420,186,235,195,25,8,9,99,146,209
"361",3,4,3,7,3,4,3,3,5,5,3,3,4,4,4,4,4,5,3,6,6,5,3,4,5
"362",29,28,32,30,31,34,30,31,29,30,30,30,29,30,30,32,30,29,31,28,30,28,30,30,28
"363",21,22,22,21,22,22,21,22,22,23,21,22,22,22,21,21,23,22,22,25,21,22,22,21,22
"364",5,5,6,5,5,5,5,6,7,6,5,7,5,5,5,5,5,5,6,5,5,6,5,6,5
"365",305,28,93,86,327,14,10,14,4,294,425,128,357,396,177,388,357,388,351,4,27,193,10,111,177
"366",183,199,5,34,418,51,63,36,285,11,289,37,36,311,3,14,19,7,355,94,308,311,279,421,209
"367",29,28,32,30,31,34,30,31,29,30,30,30,29,30,30,32,30,29,31,28,30,28,30,30,28
"368",8,17,6,21,38,2,5,91,10,5,34,1,83,3,56,32,17,27,42,74,30,30,11,17,78
"369",29,426,76,100,346,66,3,286,85,1,53,171,300,77,3,3,9,290,421,10,285,4,426,6,134
"370",10,11,11,10,10,10,10,10,11,11,11,11,12,10,10,10,10,10,10,12,10,11,11,11,13
"371",10,11,11,10,10,10,10,10,11,11,11,11,12,10,10,10,10,10,10,12,10,11,11,11,13
"372",424,3,276,233,176,230,376,51,432,326,224,276,2,233,393,230,4,228,40,8,227,20,271,257,6
"373",92,18,30,4,44,95,9,23,106,116,59,21,12,198,22,19,54,107,27,155,42,3,69,125,8
"374",259,261,411,4,1,1,2,33,347,269,1,4,318,286,4,51,4,9,21,2,7,7,36,3,241
"375",67,39,30,32,32,112,33,60,116,33,30,35,32,60,37,32,118,34,33,32,36,68,35,115,32
"376",432,395,68,253,289,125,429,400,9,421,59,68,17,207,398,240,429,227,6,313,415,265,278,290,266
"377",267,268,258,253,267,263,253,270,268,262,276,270,261,267,266,264,269,264,259,307,274,266,263,263,268
"378",146,33,115,109,124,77,164,198,66,142,99,19,190,182,164,115,110,116,216,212,129,112,56,97,116
"379",21,21,22,21,21,22,21,21,22,20,20,20,22,23,20,21,22,21,20,23,21,21,20,22,22
"380",4,5,4,4,4,4,4,4,5,5,6,4,5,4,4,6,4,4,4,4,5,5,4,4,5
"381",246,135,287,127,248,160,141,301,8,192,6,129,7,3,292,131,196,164,3,10,20,5,6,94,229
"382",21,21,22,21,21,22,21,21,22,20,20,20,22,23,20,21,22,21,20,23,21,21,20,22,22
"383",12,15,13,12,13,11,13,11,13,14,13,15,12,13,14,13,15,13,15,12,15,11,14,12,13
"384",10,11,10,10,10,11,10,10,12,12,10,10,10,10,11,11,11,10,10,11,11,11,10,12,10
"385",75,205,183,23,5,78,291,77,197,67,292,56,259,369,149,84,115,83,212,59,133,61,154,57,14
"386",137,56,271,234,138,18,14,23,137,280,208,252,143,130,287,287,143,14,144,145,137,13,288,265,146
"387",33,127,136,144,133,36,120,14,134,97,129,48,18,62,8,131,30,9,16,29,121,41,25,50,116
"388",13,13,14,13,13,12,13,12,12,13,13,12,13,14,14,12,14,14,12,14,12,12,14,13,14
"389",71,3,168,46,14,18,5,250,211,18,432,242,10,322,22,21,168,403,69,3,16,292,430,249,321
"390",5,9,2,1,17,1,55,399,9,11,230,12,266,16,67,198,12,329,9,232,152,56,11,247,132
"391",226,227,248,261,272,296,324,216,220,287,222,246,79,245,324,251,169,254,374,260,278,317,363,215,209
"392",21,22,22,21,22,22,21,22,22,23,21,22,22,22,21,21,23,22,22,25,21,22,22,21,22
"393",3,2,2,3,2,2,2,3,2,2,2,4,2,2,2,4,3,3,2,2,2,3,2,2,2
"394",21,22,22,21,22,22,21,22,22,23,21,22,22,22,21,21,23,22,22,25,21,22,22,21,22
"395",424,1,17,6,285,193,311,361,90,182,232,6,0,431,1,114,39,9,95,425,236,424,418,17,41
"396",3,4,3,7,3,4,3,3,5,5,3,3,4,4,4,4,4,5,3,6,6,5,3,4,5
"397",21,22,22,21,22,22,21,22,22,23,21,22,22,22,21,21,23,22,22,25,21,22,22,21,22
"398",11,27,15,22,20,3,71,18,135,78,25,77,38,18,25,76,45,16,25,140,31,7,35,4,9
"399",5,3,3,5,4,3,4,5,4,4,4,4,4,3,6,6,3,3,4,3,4,4,4,4,3
"400",36,106,48,4,26,19,5,20,36,36,18,74,5,50,76,13,41,5,21,37,9,5,115,8,54
"401",7,191,34,54,289,36,12,2,45,58,2,41,15,330,83,13,6,16,186,446,37,40,16,1,19
"402",60,83,34,24,33,228,63,36,83,125,75,65,66,131,73,43,43,37,48,47,68,106,31,34,88
"403",21,22,22,21,22,22,21,22,22,23,21,22,22,22,21,21,23,22,22,25,21,22,22,21,22
"404",63,67,441,149,315,4,130,283,27,148,297,436,433,7,4,8,93,224,433,3,222,6,191,222,193
"405",343,215,235,1,421,353,422,404,380,300,421,243,367,371,274,293,407,307,323,318,32,284,371,63,246
"406",140,419,184,376,17,423,34,424,17,434,4,2,115,334,429,412,409,24,421,418,386,286,379,280,203
"407",90,248,60,23,120,34,243,201,87,21,51,160,22,207,160,62,258,190,19,111,57,236,223,237,22
"408",302,2,112,293,203,141,140,259,205,12,102,160,148,105,364,93,108,232,27,38,201,183,132,31,26
"409",3,5,8,4,3,4,5,3,3,4,6,3,4,5,3,3,5,3,4,5,5,3,3,4,4
"410",13,13,14,13,13,12,13,12,12,13,13,12,13,14,14,12,14,14,12,14,12,12,14,13,14
"411",180,206,67,182,172,177,67,88,70,205,177,217,177,176,188,71,65,58,68,177,193,65,196,180,180
"412",39,304,228,117,87,242,62,5,25,38,138,52,239,309,168,256,248,251,130,31,295,90,83,112,16
"413",215,248,32,169,69,139,105,205,17,67,235,317,306,33,190,175,113,167,147,114,227,108,65,85,105
"414",21,22,22,21,22,22,21,22,22,23,21,22,22,22,21,21,23,22,22,25,21,22,22,21,22
"415",9,8,8,8,8,8,9,9,8,8,8,8,8,8,9,8,8,8,8,8,9,8,8,9,9
"416",88,9,75,72,181,1,2,212,77,180,84,126,175,37,174,91,93,122,200,55,148,37,215,218,3
"417",77,85,420,35,435,34,81,39,263,45,11,5,235,195,109,80,30,3,18,201,192,346,319,106,85
"418",4,3,5,3,3,3,3,3,3,4,3,3,3,3,3,3,3,3,5,4,4,3,4,3,3
"419",25,3,236,12,10,255,331,3,426,15,75,7,2,98,259,105,38,326,97,97,110,38,309,140,314
"420",126,1,103,157,16,181,100,198,157,190,5,152,76,146,57,75,60,126,103,15,74,169,96,85,176
"421",196,131,142,128,216,77,28,40,20,659,166,77,117,179,210,40,85,223,27,116,86,672,103,112,195
"422",664,5,202,22,10,21,599,64,21,2,18,4,223,199,7,200,27,239,534,3,494,69,2,5,32
"423",10,11,10,10,10,11,10,10,12,12,10,10,10,10,11,11,11,10,10,11,11,11,10,12,10
"424",432,6,198,19,201,428,119,84,127,198,118,5,149,128,125,182,68,217,91,427,109,426,322,243,68
"425",15,11,12,14,12,14,13,11,11,10,13,13,12,11,11,11,12,14,14,11,12,11,12,15,11
"426",259,168,157,170,16,93,157,149,112,183,58,262,242,101,81,153,165,179,35,154,263,238,266,126,114
"427",38,7,5,455,251,51,298,141,258,171,5,143,391,41,272,108,227,292,467,10,133,255,231,107,225
"428",164,52,292,312,173,380,328,375,258,341,325,8,374,335,405,263,72,293,298,332,404,261,374,354,395
"429",356,357,352,352,362,357,329,362,359,1,360,359,356,366,354,33,367,355,362,354,355,361,354,358,28
"430",108,2,0,11,29,324,46,14,1,21,59,12,318,0,424,421,370,331,60,0,10,0,0,2,1
"431",10,11,11,10,10,10,10,10,11,11,11,11,12,10,10,10,10,10,10,12,10,11,11,11,13
"432",29,28,32,30,31,34,30,31,29,30,30,30,29,30,30,32,30,29,31,28,30,28,30,30,28
"433",15,11,12,14,12,14,13,11,11,10,13,13,12,11,11,11,12,14,14,11,12,11,12,15,11
"434",4,5,4,4,4,4,4,4,5,5,6,4,5,4,4,6,4,4,4,4,5,5,4,4,5
"435",33,53,85,33,61,104,88,168,74,53,22,98,302,270,252,44,131,29,123,30,25,85,20,91,47
"436",214,196,200,117,130,192,123,119,116,206,192,115,124,124,120,121,124,122,122,169,121,118,172,120,116
"437",15,11,12,14,12,14,13,11,11,10,13,13,12,11,11,11,12,14,14,11,12,11,12,15,11
"438",95,368,368,368,349,280,369,130,0,123,86,382,219,284,346,184,62,2,283,14,293,255,88,212,304
"439",59,9,172,7,19,72,105,87,62,102,83,129,122,12,163,18,91,86,47,29,51,3,67,65,95
"440",384,391,326,259,380,421,278,12,377,23,368,382,333,283,383,364,372,156,176,169,387,333,417,272,372
"441",555,34,363,14,245,156,51,258,122,427,71,414,164,341,238,259,1,56,63,234,549,1,3,342,48
"442",182,17,192,13,45,220,42,108,16,8,65,216,115,212,196,241,194,39,224,4,225,220,232,235,115
"443",48,146,65,36,138,106,146,57,24,93,22,12,22,125,45,86,20,192,15,120,28,222,110,42,93
"444",4,3,6,4,3,3,4,4,4,4,4,4,4,3,5,4,3,4,3,4,3,4,5,3,5
"445",132,12,16,242,7,55,132,53,61,425,5,117,7,299,192,10,201,64,233,190,6,114,235,193,9
"446",4,6,5,6,7,5,4,6,5,6,4,4,6,7,4,4,5,5,5,4,6,7,7,6,4
"447",31,15,8,212,14,13,7,143,172,17,1,126,2,9,233,88,136,130,242,29,0,9,8,17,28
"448",3,3,2,2,4,2,2,2,2,2,4,2,3,2,3,2,2,2,3,4,2,3,2,3,2
"449",150,153,156,162,152,148,159,144,147,154,148,155,150,152,152,145,158,157,161,150,151,145,152,157,154
"450",10,11,10,10,10,11,10,10,12,12,10,10,10,10,11,11,11,10,10,11,11,11,10,12,10
"451",195,36,64,218,241,30,127,31,41,85,126,216,235,94,225,261,234,240,153,39,228,240,232,6,68
"452",109,4,9,230,3,34,45,16,27,60,116,40,31,81,20,118,0,33,26,296,35,65,238,246,33
"453",3,83,21,72,63,40,41,35,28,59,50,14,15,12,61,56,15,50,24,13,46,46,35,5,41
"454",10,11,10,10,10,11,10,10,12,12,10,10,10,10,11,11,11,10,10,11,11,11,10,12,10
"455",2,5,2,2,2,2,2,3,2,2,2,2,3,2,2,2,2,2,2,3,2,3,2,2,2
"456",6,5,5,5,6,6,5,6,6,5,6,5,5,6,6,5,5,5,6,5,5,5,6,5,5
"457",3,3,2,2,4,2,2,2,2,2,4,2,3,2,3,2,2,2,3,4,2,3,2,3,2
"458",310,13,3,19,72,337,17,66,492,1,292,337,487,54,489,307,300,17,20,364,1,485,476,18,377
"459",10,11,10,10,10,11,10,10,12,12,10,10,10,10,11,11,11,10,10,11,11,11,10,12,10
"460",15,11,12,14,12,14,13,11,11,10,13,13,12,11,11,11,12,14,14,11,12,11,12,15,11
"461",13,13,14,13,13,12,13,12,12,13,13,12,13,14,14,12,14,14,12,14,12,12,14,13,14
"462",181,87,23,109,22,127,24,126,128,186,23,37,179,3,12,22,22,138,24,172,86,89,26,33,26
"463",10,11,10,10,10,11,10,10,12,12,10,10,10,10,11,11,11,10,10,11,11,11,10,12,10
"464",267,226,157,145,401,260,405,368,96,325,4,17,230,28,107,219,238,410,189,59,180,396,120,52,128
"465",27,151,100,3,168,138,102,48,21,195,85,3,3,159,132,114,163,92,102,172,166,142,88,169,161
"466",18,317,13,16,12,292,14,340,290,11,14,13,13,324,293,11,291,16,30,11,14,285,320,15,12
"467",306,50,24,95,7,165,31,146,145,163,6,167,55,221,10,8,12,221,123,238,247,96,346,6,104
"468",51,16,7,2,12,6,3,7,1,1,1,2,5,13,7,3,6,7,8,53,52,9,10,5,66
"469",137,44,231,11,11,120,216,65,153,79,111,22,50,56,68,92,36,106,224,4,50,113,27,10,201
"470",4,3,6,4,3,3,4,4,4,4,4,4,4,3,5,4,3,4,3,4,3,4,5,3,5
"471",234,399,398,415,142,142,236,367,398,392,403,315,292,396,413,384,363,324,363,397,242,322,381,359,358
"472",6,5,5,5,6,6,5,6,6,5,6,5,5,6,6,5,5,5,6,5,5,5,6,5,5
"473",37,83,24,29,117,33,204,125,34,56,25,129,55,55,190,152,106,91,99,59,154,40,26,141,14
"474",7,20,19,12,30,117,39,80,19,154,28,6,83,36,17,97,9,160,22,45,26,24,62,29,33
"475",444,134,529,3,6,12,376,258,40,46,254,2,394,37,13,528,131,322,48,12,273,198,141,436,217
"476",29,28,32,30,31,34,30,31,29,30,30,30,29,30,30,32,30,29,31,28,30,28,30,30,28
"477",159,51,69,22,94,18,112,14,38,186,109,105,123,4,135,162,122,56,34,209,58,9,181,155,31
"478",2,2,2,2,2,2,2,2,2,2,2,2,2,2,2,2,2,2,2,2,2,2,2,2,2
"479",25,36,188,87,2,160,3,231,16,81,14,89,12,29,7,137,9,85,20,3,199,5,49,32,52
"480",52,219,479,101,59,6,231,484,519,527,21,316,481,29,94,20,138,481,396,532,474,46,337,64,16
"481",6,5,5,5,6,6,5,6,6,5,6,5,5,6,6,5,5,5,6,5,5,5,6,5,5
"482",4,5,4,4,4,4,4,4,5,5,6,4,5,4,4,6,4,4,4,4,5,5,4,4,5
"483",27,309,283,329,22,29,30,28,32,182,1,30,1,95,29,93,323,123,32,94,116,24,0,105,23
"484",11,10,11,13,10,10,13,10,10,10,11,11,11,12,11,11,10,11,11,10,10,11,13,11,10
"485",11,10,11,13,10,10,13,10,10,10,11,11,11,12,11,11,10,11,11,10,10,11,13,11,10
"486",4,4,3,5,3,3,5,3,6,4,5,4,3,3,3,3,4,4,5,3,4,3,4,3,3
"487",11,10,11,13,10,10,13,10,10,10,11,11,11,12,11,11,10,11,11,10,10,11,13,11,10
"488",2,2,3,2,3,2,4,4,3,2,2,2,2,2,2,2,4,2,2,2,2,3,3,2,3
"489",11,10,11,12,13,11,13,11,10,13,11,9,12,13,11,12,11,12,11,10,12,11,11,11,12
"490",29,28,32,30,31,34,30,31,29,30,30,30,29,30,30,32,30,29,31,28,30,28,30,30,28
"491",353,5,226,89,53,139,83,68,345,51,235,239,6,215,45,31,74,50,9,236,143,241,1,323,235
"492",25,77,25,117,83,2,83,99,0,28,8,21,44,9,79,72,17,100,6,40,171,164,36,82,43
"493",4,407,3,3,5,299,417,47,135,415,92,137,12,5,3,96,4,8,3,389,397,420,409,3,148
"494",15,11,12,14,12,14,13,11,11,10,13,13,12,11,11,11,12,14,14,11,12,11,12,15,11
"495",10,11,11,10,10,10,10,10,11,11,11,11,12,10,10,10,10,10,10,12,10,11,11,11,13
"496",29,28,32,30,31,34,30,31,29,30,30,30,29,30,30,32,30,29,31,28,30,28,30,30,28
"497",14,14,12,12,13,12,12,11,13,11,10,13,11,11,10,14,11,12,13,12,11,11,11,11,13
"498",15,11,12,14,12,14,13,11,11,10,13,13,12,11,11,11,12,14,14,11,12,11,12,15,11
"499",6,5,5,5,6,6,5,6,6,5,6,5,5,6,6,5,5,5,6,5,5,5,6,5,5
"500",102,5,194,214,70,8,74,233,44,221,78,78,40,21,9,60,52,81,26,27,74,11,26,25,226
"501",229,4,66,172,128,41,127,53,50,170,81,96,114,5,100,48,14,172,76,185,103,191,148,6,151
"502",4,5,4,4,4,4,4,4,5,5,6,4,5,4,4,6,4,4,4,4,5,5,4,4,5
"503",5,5,6,5,5,5,5,6,7,6,5,7,5,5,5,5,5,5,6,5,5,6,5,6,5
"504",77,391,64,131,362,362,155,185,26,196,130,93,186,60,127,193,258,153,187,190,68,199,350,188,82
"505",168,4,8,673,191,4,28,1,670,678,27,108,215,43,188,34,36,43,18,70,679,221,2,85,16
"506",227,144,291,199,238,302,297,310,293,296,310,308,303,311,264,195,304,293,275,306,310,299,94,302,291
"507",78,92,23,232,17,53,76,22,197,180,151,269,238,234,180,56,106,306,399,176,139,177,111,356,219
"508",17,7,5,7,64,15,107,16,9,77,16,429,103,21,65,110,40,1,22,47,7,12,9,10,59
"509",8,8,39,110,75,130,145,71,84,21,121,49,112,55,35,73,10,170,134,69,2,138,94,8,90
"510",21,21,22,21,21,22,21,21,22,20,20,20,22,23,20,21,22,21,20,23,21,21,20,22,22
"511",3,2,2,3,3,2,2,2,2,2,2,3,3,3,2,3,2,2,3,2,3,2,2,2,2
"512",10,11,10,10,10,11,10,10,12,12,10,10,10,10,11,11,11,10,10,11,11,11,10,12,10
"513",11,10,11,12,13,11,13,11,10,13,11,9,12,13,11,12,11,12,11,10,12,11,11,11,12
"514",163,0,86,172,41,0,425,49,409,144,224,245,245,11,0,234,79,41,229,42,223,22,287,43,427
"515",2,2,2,2,2,2,2,2,2,2,2,2,2,2,2,2,2,2,2,2,2,2,2,2,2
"516",44,3,31,18,89,20,78,50,34,35,40,36,52,70,90,21,117,10,52,30,10,9,67,69,135
"517",3,2,2,3,2,2,2,3,2,2,2,4,2,2,2,4,3,3,2,2,2,3,2,2,2
"518",7,7,7,8,8,7,7,7,7,7,7,7,7,7,7,7,7,8,7,7,7,7,7,7,7
"519",21,21,22,21,21,22,21,21,22,20,20,20,22,23,20,21,22,21,20,23,21,21,20,22,22
"520",9,8,8,8,8,8,9,9,8,8,8,8,8,8,9,8,8,8,8,8,9,8,8,9,9
"521",232,11,350,1,115,85,52,158,395,323,239,356,301,232,410,312,243,408,273,40,261,232,234,3,226
"522",8,12,9,11,10,7,11,11,10,9,9,11,11,10,13,8,11,11,9,7,9,12,9,9,11
"523",5,3,3,5,4,3,4,5,4,4,4,4,4,3,6,6,3,3,4,3,4,4,4,4,3
"524",11,10,11,13,10,10,13,10,10,10,11,11,11,12,11,11,10,11,11,10,10,11,13,11,10
"525",44,406,123,6,308,500,8,36,6,302,395,117,316,5,411,305,412,138,36,301,303,342,485,122,6
"526",286,286,148,23,229,234,28,226,226,238,122,26,424,293,28,141,23,143,22,243,233,25,49,235,239
"527",13,13,14,13,13,12,13,12,12,13,13,12,13,14,14,12,14,14,12,14,12,12,14,13,14
"528",237,274,206,46,338,199,203,408,209,202,142,8,416,362,301,137,146,125,237,39,222,261,333,424,14
"529",11,10,11,13,10,10,13,10,10,10,11,11,11,12,11,11,10,11,11,10,10,11,13,11,10
"530",229,260,202,158,146,298,113,169,398,289,92,296,146,145,144,98,307,168,123,173,407,168,42,23,38
"531",14,14,12,12,13,12,12,11,13,11,10,13,11,11,10,14,11,12,13,12,11,11,11,11,13
"532",11,64,15,32,56,84,1,36,24,18,16,43,5,13,41,14,2,42,27,4,3,81,4,21,7
"533",103,153,105,100,103,106,102,27,111,101,103,1,105,103,103,108,103,99,102,160,101,1,1,107,107
"534",0,68,22,42,0,0,20,0,0,70,0,68,44,0,0,21,5,22,0,73,20,42,0,74,5
"535",50,118,24,18,37,20,37,85,39,131,42,56,99,116,76,38,60,116,109,119,46,105,124,59,134
"536",21,21,22,21,21,22,21,21,22,20,20,20,22,23,20,21,22,21,20,23,21,21,20,22,22
"537",28,25,26,26,25,28,25,26,25,25,26,25,27,27,26,25,27,25,25,27,25,26,25,26,25
"538",407,98,378,318,88,4,115,274,175,406,265,338,269,272,16,25,238,421,88,93,15,95,87,286,182
"539",383,12,11,456,268,7,38,56,434,440,464,15,257,204,318,327,22,6,449,436,238,434,353,294,283
"540",13,13,14,13,13,12,13,12,12,13,13,12,13,14,14,12,14,14,12,14,12,12,14,13,14
"541",9,11,20,30,10,245,23,11,100,134,2,12,45,270,30,36,18,19,11,7,22,436,259,51,39
"542",23,413,294,13,261,378,332,47,229,323,106,431,174,412,3,50,232,409,133,421,429,127,91,281,240
"543",4,6,5,6,7,5,4,6,5,6,4,4,6,7,4,4,5,5,5,4,6,7,7,6,4
"544",9,8,8,8,8,8,9,9,8,8,8,8,8,8,9,8,8,8,8,8,9,8,8,9,9
"545",14,14,12,12,13,12,12,11,13,11,10,13,11,11,10,14,11,12,13,12,11,11,11,11,13
"546",8,12,9,11,10,7,11,11,10,9,9,11,11,10,13,8,11,11,9,7,9,12,9,9,11
"547",8,12,9,11,10,7,11,11,10,9,9,11,11,10,13,8,11,11,9,7,9,12,9,9,11
"548",28,25,26,26,25,28,25,26,25,25,26,25,27,27,26,25,27,25,25,27,25,26,25,26,25
"549",21,21,22,21,21,22,21,21,22,20,20,20,22,23,20,21,22,21,20,23,21,21,20,22,22
"550",2,2,3,2,3,2,2,3,2,2,4,2,2,3,2,3,3,2,4,2,4,2,3,2,2
"551",15,93,1,49,28,45,3,25,59,246,81,72,52,125,143,21,61,254,13,134,134,279,32,132,31
"552",121,15,75,104,97,333,98,304,94,84,134,135,193,99,23,408,80,147,75,1,84,397,105,170,167
"553",296,326,278,299,413,278,83,414,94,406,210,271,216,285,214,228,410,302,37,415,91,250,212,12,411
"554",64,123,34,40,205,139,106,79,74,73,105,158,118,134,167,30,166,459,130,150,127,453,109,87,41
"555",2,12,175,248,22,19,151,137,263,18,38,122,274,283,119,88,4,78,130,298,65,84,276,29,21
"556",41,2,91,175,126,113,2,3,90,5,108,147,146,64,148,68,60,54,182,17,38,74,22,69,78
"557",58,17,76,8,14,135,56,61,121,173,155,205,15,137,205,245,130,44,217,184,26,48,77,113,210
"558",21,21,22,21,21,22,21,21,22,20,20,20,22,23,20,21,22,21,20,23,21,21,20,22,22
"559",21,22,22,21,22,22,21,22,22,23,21,22,22,22,21,21,23,22,22,25,21,22,22,21,22
"560",51,38,12,62,195,204,169,11,38,40,57,209,217,143,3,74,97,6,2,25,184,19,2,66,172
"561",5,3,3,5,4,3,4,5,4,4,4,4,4,3,6,6,3,3,4,3,4,4,4,4,3
"562",14,14,12,12,13,12,12,11,13,11,10,13,11,11,10,14,11,12,13,12,11,11,11,11,13
"563",21,22,22,21,22,22,21,22,22,23,21,22,22,22,21,21,23,22,22,25,21,22,22,21,22
"564",21,22,22,21,22,22,21,22,22,23,21,22,22,22,21,21,23,22,22,25,21,22,22,21,22
"565",28,25,26,26,25,28,25,26,25,25,26,25,27,27,26,25,27,25,25,27,25,26,25,26,25
"566",61,210,34,98,122,141,35,33,32,33,226,32,121,127,35,240,97,150,56,97,55,32,235,219,36
"567",97,255,71,138,79,67,69,127,42,11,82,47,75,69,4,246,249,7,19,6,85,18,17,244,5
"568",234,14,5,39,199,88,243,27,17,116,9,70,208,16,14,62,189,264,144,63,219,242,22,107,84
"569",13,13,14,13,13,12,13,12,12,13,13,12,13,14,14,12,14,14,12,14,12,12,14,13,14
"570",186,4,286,0,49,47,0,0,47,6,11,47,0,19,178,152,2,4,13,302,65,8,420,2,180
"571",29,28,32,30,31,34,30,31,29,30,30,30,29,30,30,32,30,29,31,28,30,28,30,30,28
"572",227,76,38,63,233,235,81,38,146,247,225,127,108,114,119,106,68,85,55,48,8,2,22,168,239
"573",4,3,5,3,3,3,3,3,3,4,3,3,3,3,3,3,3,3,5,4,4,3,4,3,3
"574",91,209,91,88,115,162,110,23,219,114,223,66,144,202,4,2,191,196,204,157,12,158,10,168,116
"575",15,11,12,14,12,14,13,11,11,10,13,13,12,11,11,11,12,14,14,11,12,11,12,15,11
"576",201,225,115,682,204,269,154,210,189,186,188,174,92,190,130,170,53,160,43,179,164,7,156,202,65
"577",114,11,142,657,126,390,72,46,167,103,29,122,182,668,6,566,35,141,241,11,112,114,50,88,97
"578",68,52,81,50,174,53,10,144,515,31,87,168,83,39,121,47,108,131,100,143,18,80,51,161,84
"579",4,3,6,4,3,3,4,4,4,4,4,4,4,3,5,4,3,4,3,4,3,4,5,3,5
"580",46,38,34,50,2,59,88,160,93,69,176,175,19,136,41,10,8,180,43,4,150,108,91,116,194
"581",14,14,12,12,13,12,12,11,13,11,10,13,11,11,10,14,11,12,13,12,11,11,11,11,13
"582",3,4,5,3,5,7,6,4,3,4,7,7,3,5,5,4,6,5,8,3,3,4,5,7,3
"583",299,133,161,181,188,161,93,199,31,40,424,69,134,59,401,249,78,24,66,58,310,87,236,49,69
"584",21,21,22,21,21,22,21,21,22,20,20,20,22,23,20,21,22,21,20,23,21,21,20,22,22
"585",83,417,434,76,50,157,303,432,115,424,140,424,227,72,288,70,287,52,416,420,241,310,254,421,40
"586",21,21,22,21,21,22,21,21,22,20,20,20,22,23,20,21,22,21,20,23,21,21,20,22,22
"587",5,5,6,5,5,5,5,6,7,6,5,7,5,5,5,5,5,5,6,5,5,6,5,6,5
"588",11,10,11,13,10,10,13,10,10,10,11,11,11,12,11,11,10,11,11,10,10,11,13,11,10
"589",32,589,70,205,578,75,177,132,674,216,188,158,171,98,678,187,177,174,151,228,47,223,113,23,205
"590",9,525,63,2,149,83,23,20,674,25,176,198,259,678,29,172,370,73,34,320,608,180,281,156,628
"591",226,57,31,114,38,14,60,21,83,118,20,173,70,93,14,179,49,52,36,73,126,124,124,187,132
"592",357,407,387,54,281,24,4,4,88,381,345,50,313,102,353,160,359,397,346,29,348,383,98,279,24
"593",29,28,32,30,31,34,30,31,29,30,30,30,29,30,30,32,30,29,31,28,30,28,30,30,28
"594",246,15,197,74,208,50,83,31,209,239,64,7,20,40,42,242,66,11,102,27,88,4,43,25,7
"595",15,11,12,14,12,14,13,11,11,10,13,13,12,11,11,11,12,14,14,11,12,11,12,15,11
"596",37,29,120,99,166,95,67,86,121,117,67,69,76,102,92,53,17,175,108,64,56,22,60,34,97
"597",67,108,58,152,12,112,262,284,18,131,63,108,51,81,9,85,198,189,141,297,187,10,162,63,190
"598",12,69,5,10,6,6,4,16,6,4,2,8,62,2,3,5,8,8,51,6,71,77,9,1,7
"599",4,212,120,224,57,221,15,268,3,46,42,97,17,251,26,231,103,150,1,49,264,238,39,234,228
"600",131,15,128,125,128,127,124,132,1,16,53,129,133,130,133,131,134,129,129,136,16,17,135,134,55
"601",397,286,386,121,119,100,40,171,323,101,379,296,19,26,291,257,106,390,177,105,110,100,210,109,413
"602",21,21,22,21,21,22,21,21,22,20,20,20,22,23,20,21,22,21,20,23,21,21,20,22,22
"603",11,10,11,13,10,10,13,10,10,10,11,11,11,12,11,11,10,11,11,10,10,11,13,11,10
"604",14,14,12,12,13,12,12,11,13,11,10,13,11,11,10,14,11,12,13,12,11,11,11,11,13
"605",21,21,22,21,21,22,21,21,22,20,20,20,22,23,20,21,22,21,20,23,21,21,20,22,22
"606",13,38,23,67,11,0,243,42,41,4,3,296,9,5,58,37,68,1,124,32,1,170,53,209,290
"607",90,141,83,149,178,168,103,213,94,102,175,168,78,179,168,57,131,285,87,254,252,61,250,256,253
"608",29,28,32,30,31,34,30,31,29,30,30,30,29,30,30,32,30,29,31,28,30,28,30,30,28
"609",70,17,14,376,413,62,18,23,18,178,293,20,18,18,24,17,16,145,367,186,189,16,405,17,14
"610",58,131,183,265,8,149,25,12,14,277,251,223,233,33,2,399,329,25,394,13,28,423,1,1,81
"611",133,39,94,4,27,51,2,78,66,139,73,235,138,15,74,146,228,2,84,82,67,105,93,155,42
"612",5,312,409,150,6,407,155,3,10,308,405,409,5,5,9,313,374,4,371,401,19,335,2,306,5
"613",10,11,11,10,10,10,10,10,11,11,11,11,12,10,10,10,10,10,10,12,10,11,11,11,13
"614",10,11,10,10,10,11,10,10,12,12,10,10,10,10,11,11,11,10,10,11,11,11,10,12,10
"615",247,87,84,25,371,143,1,60,73,346,23,247,36,125,88,20,235,287,408,434,61,21,422,430,403
"616",14,14,12,12,13,12,12,11,13,11,10,13,11,11,10,14,11,12,13,12,11,11,11,11,13
"617",29,28,32,30,31,34,30,31,29,30,30,30,29,30,30,32,30,29,31,28,30,28,30,30,28
"618",17,36,161,45,2,33,40,8,3,24,203,24,45,59,144,108,16,2,2,57,42,50,14,1,209
"619",13,13,14,13,13,12,13,12,12,13,13,12,13,14,14,12,14,14,12,14,12,12,14,13,14
"620",186,180,6,259,15,26,191,43,265,146,372,226,95,79,125,59,54,128,248,183,263,268,102,100,19
"621",150,21,63,18,13,53,18,15,135,14,6,9,70,77,9,62,108,22,117,28,99,6,13,100,65
"622",8,189,194,153,158,6,195,74,20,17,8,55,74,8,145,90,71,126,9,3,262,5,164,100,149
"623",10,11,10,10,10,11,10,10,12,12,10,10,10,10,11,11,11,10,10,11,11,11,10,12,10
"624",4,6,5,6,7,5,4,6,5,6,4,4,6,7,4,4,5,5,5,4,6,7,7,6,4
"625",233,251,226,93,49,131,208,15,179,256,199,253,236,181,236,238,8,230,256,243,257,259,227,202,237
"626",21,21,22,21,21,22,21,21,22,20,20,20,22,23,20,21,22,21,20,23,21,21,20,22,22
"627",21,21,22,21,21,22,21,21,22,20,20,20,22,23,20,21,22,21,20,23,21,21,20,22,22
"628",29,28,32,30,31,34,30,31,29,30,30,30,29,30,30,32,30,29,31,28,30,28,30,30,28
"629",10,11,11,10,10,10,10,10,11,11,11,11,12,10,10,10,10,10,10,12,10,11,11,11,13
"630",21,21,22,21,21,22,21,21,22,20,20,20,22,23,20,21,22,21,20,23,21,21,20,22,22
"631",2,3,3,2,2,2,3,3,2,2,3,2,2,2,3,2,2,2,2,2,2,3,3,2,3
"632",2,3,2,2,2,2,2,2,2,2,3,3,2,2,3,2,2,3,2,2,2,2,2,2,2
"633",2,49,10,4,3,1,124,2,3,4,100,1,93,74,1,3,3,5,11,61,6,6,59,136,8
"634",21,21,22,21,21,22,21,21,22,20,20,20,22,23,20,21,22,21,20,23,21,21,20,22,22
"635",101,21,258,246,383,216,18,212,421,421,422,21,3,37,418,76,12,417,2,254,376,186,363,19,417
"636",273,10,127,286,296,36,282,74,292,286,300,306,285,299,125,88,67,10,6,5,309,7,321,5,152
"637",4,3,5,3,3,3,3,3,3,4,3,3,3,3,3,3,3,3,5,4,4,3,4,3,3
"638",11,10,11,13,10,10,13,10,10,10,11,11,11,12,11,11,10,11,11,10,10,11,13,11,10
"639",12,15,13,12,13,11,13,11,13,14,13,15,12,13,14,13,15,13,15,12,15,11,14,12,13
"640",21,21,22,21,21,22,21,21,22,20,20,20,22,23,20,21,22,21,20,23,21,21,20,22,22
"641",14,14,12,12,13,12,12,11,13,11,10,13,11,11,10,14,11,12,13,12,11,11,11,11,13
"642",15,28,78,103,10,602,7,46,62,60,499,29,439,121,518,20,10,262,101,7,49,434,7,224,14
"643",51,177,127,87,31,48,146,74,56,72,206,125,22,84,125,91,200,20,114,49,134,108,80,16,164
"644",29,28,32,30,31,34,30,31,29,30,30,30,29,30,30,32,30,29,31,28,30,28,30,30,28
"645",21,22,22,21,22,22,21,22,22,23,21,22,22,22,21,21,23,22,22,25,21,22,22,21,22
"646",11,10,11,12,13,11,13,11,10,13,11,9,12,13,11,12,11,12,11,10,12,11,11,11,12
"647",2,2,3,2,2,3,3,2,3,2,3,3,3,2,2,3,2,2,2,5,2,2,4,3,3
"648",2,2,3,2,2,3,3,2,3,2,3,3,3,2,2,3,2,2,2,5,2,2,4,3,3
"649",392,250,49,242,1,1,317,284,243,13,87,356,358,329,151,0,302,53,2,388,2,233,168,394,290
"650",29,28,32,30,31,34,30,31,29,30,30,30,29,30,30,32,30,29,31,28,30,28,30,30,28
"651",295,282,286,26,258,215,265,267,159,121,138,342,240,402,212,294,125,342,297,208,231,148,234,407,252
"652",12,15,13,12,13,11,13,11,13,14,13,15,12,13,14,13,15,13,15,12,15,11,14,12,13
"653",574,355,185,172,166,8,125,218,90,149,237,63,71,39,72,247,14,110,119,176,116,148,49,55,36
"654",1,68,29,5,246,9,20,45,6,54,21,71,37,88,36,21,22,9,5,55,18,42,21,18,98
"655",191,52,67,7,58,27,155,30,89,3,57,64,5,59,33,64,137,38,119,25,5,51,17,65,202
"656",105,372,110,115,28,337,40,22,262,234,111,255,210,74,343,123,175,239,177,45,79,99,112,115,345
"657",10,9,9,9,10,9,9,9,10,9,9,9,9,9,9,10,9,11,9,9,9,9,10,9,9
"658",274,292,154,299,138,14,312,147,259,71,230,371,145,156,154,161,302,400,86,225,23,118,295,155,148
"659",21,22,22,21,22,22,21,22,22,23,21,22,22,22,21,21,23,22,22,25,21,22,22,21,22
"660",367,194,118,63,223,180,22,214,21,281,228,123,60,219,207,13,183,21,282,180,410,94,178,200,364
"661",2,5,2,2,2,2,2,3,2,2,2,2,3,2,2,2,2,2,2,3,2,3,2,2,2
"662",15,11,12,14,12,14,13,11,11,10,13,13,12,11,11,11,12,14,14,11,12,11,12,15,11
"663",29,28,32,30,31,34,30,31,29,30,30,30,29,30,30,32,30,29,31,28,30,28,30,30,28
"664",10,11,11,10,10,10,10,10,11,11,11,11,12,10,10,10,10,10,10,12,10,11,11,11,13
"665",9,48,28,18,23,12,13,15,15,5,4,17,15,43,14,28,10,131,30,8,6,9,25,9,6
"666",1,98,36,10,15,23,172,84,62,3,41,13,13,3,3,6,6,37,70,38,4,4,60,28,69
"667",60,66,35,207,166,243,202,230,100,87,9,249,166,34,11,10,3,206,106,21,9,46,26,120,197
"668",29,28,32,30,31,34,30,31,29,30,30,30,29,30,30,32,30,29,31,28,30,28,30,30,28
"669",29,28,32,30,31,34,30,31,29,30,30,30,29,30,30,32,30,29,31,28,30,28,30,30,28
"670",29,28,32,30,31,34,30,31,29,30,30,30,29,30,30,32,30,29,31,28,30,28,30,30,28
"671",29,28,32,30,31,34,30,31,29,30,30,30,29,30,30,32,30,29,31,28,30,28,30,30,28
"672",183,298,290,373,289,295,178,239,369,178,293,269,272,268,194,71,353,149,303,368,43,289,264,112,265
"673",10,11,10,10,10,11,10,10,12,12,10,10,10,10,11,11,11,10,10,11,11,11,10,12,10
"674",417,404,411,61,328,69,413,406,211,404,415,125,366,142,387,59,289,129,357,409,422,402,243,422,422
"675",2,3,2,2,2,2,2,2,2,2,3,3,2,2,3,2,2,3,2,2,2,2,2,2,2
"676",95,132,184,94,208,5,139,59,19,126,136,15,27,168,33,31,114,197,162,18,18,5,184,139,69
"677",13,13,14,13,13,12,13,12,12,13,13,12,13,14,14,12,14,14,12,14,12,12,14,13,14
"678",219,381,391,303,6,107,144,200,289,374,396,300,142,19,175,317,17,374,305,113,154,194,163,318,360
"679",368,371,153,426,7,102,351,320,428,425,370,49,148,62,150,250,376,254,174,310,428,176,424,320,63
"680",10,11,11,10,10,10,10,10,11,11,11,11,12,10,10,10,10,10,10,12,10,11,11,11,13
"681",66,150,0,27,1,20,49,13,45,125,19,100,3,145,5,144,10,46,79,5,20,41,180,48,25
"682",93,59,103,27,139,129,199,29,234,24,14,111,64,63,39,175,32,146,164,142,91,107,61,172,162
"683",220,20,139,7,13,49,13,125,21,95,19,51,26,7,56,7,8,17,16,44,181,138,64,77,121
